drug_name,indication_name
tacrolimus,renal failure
minocycline,tonsillitis
minocycline,granuloma inguinale
k779,hepatic failure
estradiol,premature menopause
paroxetine,depression
tacrolimus,immunology test
diclofenac,wound
clarithromycin,helicobacter infection
lisdexamfetamine,agitation
valproate,delusion of grandeur
cefditoren,renal impairment
zoledronic,injury
valproate,amino acid metabolism disorder
valproate,flight of ideas
fentanyl,toothache
gabapentin,renal impairment
rofecoxib,pain
clarithromycin,pharyngitis streptococcal
ibuprofen,systemic lupus erythematosus
ibuprofen,musculoskeletal discomfort
vardenafil,erectile dysfunction
atropine,dysentery
cetirizine,arthropod bite
ciprofloxacin,hepatic failure
carbamazepine,bipolar i disorder
oxycodone,miosis
alprazolam,substance abuse
methylprednisolone,psoriatic arthropathy
clonazepam,hypoaesthesia
gadolinium,liver disorder
retinoic,cutis laxa
cyclophosphamide,burkitt's lymphoma
hydroxocobalamin,folate deficiency
rifabutin,tuberculosis
5-fu,dihydropyrimidine dehydrogenase deficiency
trazodone,depression
pentamidine,pneumocystis jirovecii pneumonia
medroxyprogesterone,nulliparous
erlotinib,neoplasm malignant
acetaminophen,sinus headache
pilocarpine,open angle glaucoma
pemetrexed,breast cancer
clozapine,schizophrenia
kaluril,hypertension
citalopram,major depression
topiramate,renal failure
gabapentin,dizziness
prednisone,purpura
bosutinib,chromosome analysis abnormal
medroxyprogesterone,hot flush
methotrexate,mycosis fungoides
deferoxamine,sideroblastic anaemia
docetaxel,mesothelioma
topiramate,hypersensitivity
topiramate,drop attacks
ciprofloxacin,bronchitis chronic
amphotericin,vomiting
clindamycin,paronychia
fluvoxamine,renal impairment
carvedilol,asthma
betaine,hypermethioninaemia
ketoconazole,infection
diclofenac,renal failure
fondaparinux,acute myocardial infarction
ciprofloxacin,liver disorder
lomefloxacin,urinary tract infection
citalopram,cerebral haemorrhage
estradiol,myocardial infarction
voriconazole,systemic candida
clindamycin,vaginal discharge
zuclopenthixol,agitation
hydroxocobalamin,tachypnoea
topiramate,bipolar i disorder
pamidronate,hydraemia
atorvastatin,liver disorder
tacrolimus,type 1 diabetes mellitus
sertraline,headache
triamcinolone,multiple sclerosis
lansoprazole,ulcer
rosuvastatin,coronary artery disease
k779,antibody test positive
terazosin,calculus bladder
paroxetine,tremor
fluoxetine,drug abuse
clobetasol,excoriation
estrone,hypogonadism
azithromycin,drug interaction
goserelin,prostate cancer
nicotine,eczema
buspirone,hyperhidrosis
progesterone,liver disorder
iodixanol,neurogenic bladder
sertraline,hyperhidrosis
granisetron,nausea
prazosin,angina pectoris
liraglutide,renal failure
perindopril,cardiac arrest
ciprofloxacin,salpingo-oophoritis
budesonide,croup infectious
mirtazapine,dizziness
triamcinolone,aplasia pure red cell
misoprostol,mucosal haemorrhage
risperidone,parkinsonism
riluzole,lower motor neurone lesion
risperidone,dementia with lewy bodies
cyclophosphamide,cervix carcinoma
posaconazole,floppy iris syndrome
cortisol,colitis ulcerative
prednisolone,pemphigus
fluvoxamine,emotional distress
diazoxide,vascular resistance systemic
acth(1-39,serum sickness
fentanyl,procedural pain
cinacalcet,hypercalcaemia
morphine,analgesic therapy
diclofenac,cluster headache
metronidazole,peritonitis
phenytoin,epilepsy
dexamethasone,vomiting
delavirdine,achlorhydria
methylprednisolone,dermatitis contact
moxifloxacin,renal impairment
ofloxacin,legionella infection
salmon,postmenopause
fluvastatin,hypertension
triamcinolone,keloid scar
naproxen,uterine pain
alprazolam,nervousness
vacv,varicella
ibuprofen,tension headache
methylphenidate,mood swings
oxaliplatin,germ cell cancer
ganciclovir,reproductive toxicity
methylprednisolone,meningitis tuberculous
cas,essential hypertension
terlipressin,oesophageal varices haemorrhage
valproate,complex partial seizures
estradiol,sleep disorder
ofloxacin,bacterial infection
fluoxetine,tremor
bortezomib,diarrhoea
afatinib,non-small cell lung cancer
febuxostat,renal impairment
carvedilol,renal failure
diclofenac,migraine
naproxen,musculoskeletal stiffness
nadolol,acute coronary syndrome
estradiol,porphyrin metabolism disorder
demethyl,keratitis
oxaliplatin,neoplasm
alprazolam,asthenia
testosterone,cryptorchism
indomethacin,tenosynovitis
demeclocycline,trachoma
doxycycline,pneumonia
promethazine,seasonal allergy
salbutamol,coordination abnormal
amlodipine,hypotension
methylprednisolone,protein urine present
medroxyprogesterone,breast cancer recurrent
pge1,fallot's tetralogy
progesterone,congenital eye disorder
dalteparin,neoplasm
tigecycline,diabetic foot infection
omeprazole,discomfort
sibutramine,obesity
propafenone,supraventricular tachycardia
prednisolone,conjunctivitis infective
morphine,dysphoria
citalopram,social phobia
etoposide,neoplasm
triamcinolone,serum sickness
medroxyprogesterone,migraine
ribavirin,chronic hepatitis c
citalopram,bradyphrenia
ropinirole,parkinsonism
doxazosin,blood pressure normal
doxycycline,brucellosis
tacrolimus,musculoskeletal discomfort
gemcitabine,pneumonia
alfentanil,pain
l-dmp,panic attack
tetrabenazine,movement disorder
methylprednisolone,haemolytic anaemia
buspirone,musculoskeletal discomfort
amiloride,blood potassium decreased
paroxetine,emotional distress
triamcinolone,eczema
clomipramine,phobia
metronidazole,foetor hepaticus
cidofovir,cytomegalovirus infection
cyclophosphamide,neutropenia
"1,25(oh)2d3",hyperparathyroidism secondary
citalopram,mood swings
duloxetine,back pain
melphalan,neoplasm malignant
clomiphene,polycystic ovaries
levetiracetam,renal failure
ofloxacin,bacterial prostatitis
nifedipine,menorrhagia
perindopril,cardiac failure congestive
sulindac,gouty arthritis
tacrolimus,swelling
clotrimazole,leukaemia
nicardipine,arteriosclerosis
prednisone,hepatitis chronic active
methotrexate,neoplasm malignant
doxorubicin,drug interaction
metformin,metabolic acidosis
doxepin,insomnia
disopyramide,ischaemia
paclitaxel,acute myeloid leukaemia
sertraline,irritability
retinoic,yellow skin
prednisone,inflammation
amprenavir,rash
streptozotocin,neoplasm
zoledronic,osteoporosis
paroxetine,major depression
glimepiride,retinal disorder
zoledronic,plasma cell myeloma
udca,cholelithiasis
clomipramine,cataplexy
5-asa,proctitis
cyclophosphamide,cardiac disorder
amantadine,viral infection
ofloxacin,abscess
mannitol,polyuria
cefpodoxime,infection
retinoic,kaposi's sarcoma
conjugated,prostate cancer
cladribine,lymphoma
venlafaxine,sexual dysfunction
nicotine,thromboangiitis obliterans
vinflunine,transitional cell carcinoma
doxorubicin,kaposi's sarcoma
progesterone,headache
paliperidone,acute coronary syndrome
gabapentin,fatigue
fluconazole,neutropenia
trovafloxacin,abdominal infection
etodolac,osteoarthritis
clindamycin,pelvic inflammatory disease
anthracycline,non-hodgkin's lymphoma
deferasirox,anaemia
hydroxyurea,ovarian epithelial cancer
citalopram,mental disability
naproxen,bursitis
risperidone,dementia alzheimer's type
bupivacaine,atrioventricular block
sertraline,paraesthesia
zoledronic,blood creatinine increased
cortisol,rheumatic heart disease
phenytoin,hepatocellular injury
citalopram,obsessive-compulsive personality disorder
diclofenac,polyuria
sertraline,convulsion
ribavirin,fibrosis
atenolol,arrhythmia
estradiol,acute coronary syndrome
chloramphenicol,infection
cefditoren,infection
nifedipine,vascular resistance systemic
carboplatin,ewing's sarcoma
l-dmp,emotional distress
gatifloxacin,gonorrhoea
testosterone,dermatitis contact
monomycin,pertussis
valproate,convulsion
cortisone,stevens-johnson syndrome
triamcinolone,haemolytic anaemia
citalopram,feeling guilty
rabeprazole,regurgitation
letrozole,breast cancer
sertraline,nausea
minocycline,necrotising ulcerative gingivostomatitis
penicillin,meningitis
estradiol,pollakiuria
sotalol,ventricular tachycardia
buspirone,blepharospasm
lansoprazole,barrett's oesophagus
hydrochlorothiazide,discomfort
diatrizoate,infarction
paroxetine,nausea
zalcitabine,disease progression
moxifloxacin,sinusitis bacterial
trimethoprim-sulfamethoxazole,toxoplasmosis
doxepin,sleep disorder
pge2,cardiovascular disorder
medroxyprogesterone,liver disorder
ziprasidone,rash
cortisol,loeffler's syndrome
lisinopril,angioedema
oxaliplatin,dizziness
carboplatin,anaphylactic shock
ciprofloxacin,bacterial prostatitis
danazol,hereditary angioedema
roxithromycin,renal failure
everolimus,metastatic renal cell carcinoma
doxycycline,papule
k779,hepatitis b
dalteparin,electrocardiogram st segment elevation
doxorubicin,nephroblastoma
medroxyprogesterone,pelvic pain
oxaliplatin,leukopenia
insulin,dehydration
prednisone,intracranial pressure increased
prednisone,convulsion
ofloxacin,mental disorder
acitretin,headache
methotrexate,juvenile idiopathic arthritis
ramipril,angioedema
zonisamide,epilepsy
duloxetine,urethral disorder
adenosine,electrocardiogram qrs complex
mirtazapine,cardiac disorder
mirtazapine,decreased interest
cisplatin,ovarian cancer
dexamethasone,lichen planus
fentanyl,polymenorrhoea
atenolol,diabetes mellitus
methylphenidate,agitation
paroxetine,panic disorder
disopyramide,cardiac disorder
diltiazem,diabetes mellitus
vemurafenib,obesity
iodixanol,urinary tract obstruction
lamivudine,hepatitis chronic active
gadopentetate,neoplasm
methylprednisolone,neurodermatitis
alprazolam,agitation
sildenafil,connective tissue disorder
bleomycin,lymphoma
insulin,thirst
rosuvastatin,hypercholesterolaemia
risperidone,bipolar i disorder
valproate,thrombocytopenia
prednisolone,azotaemia
terazosin,diabetes mellitus
treprostinil,portopulmonary hypertension
carboplatin,malignant melanoma
ketoprofen,contusion
doxazosin,diabetes mellitus
doxazosin,neurogenic bladder
pamidronate,hypercalcaemia of malignancy
posaconazole,mycetoma mycotic
octreotide,fatigue
irbesartan,blood magnesium decreased
cimetidine,pain
ketoprofen,ankylosing spondylitis
citalopram,vascular dementia
isosorbide-5-mononitrate,coronary artery disease
insulin,hyperglycaemia
carboplatin,renal failure
clopidogrel,haemoglobin
fexofenadine,nasopharyngitis
ziprasidone,breast cancer
itraconazole,lung disorder
salmon,poisoning
azithromycin,malaise
prazosin,hyperlipidaemia
citalopram,tension
risperidone,hallucination
famotidine,erosive oesophagitis
zidovudine,autoimmune disorder
telmisartan,cardiovascular disorder
benzonatate,poisoning
loratadine,sneezing
rivastigmine,vomiting
alprazolam,mental disorder
pregabalin,post herpetic neuralgia
venlafaxine,tremor
dexamethasone,arthropod bite
k779,metastases to liver
strontium,osteoporosis
medroxyprogesterone,haemorrhage urinary tract
paroxetine,sleep disorder
nefazodone,hypersomnia
fluphenazine,renal impairment
demethyl,proctocolitis
acetaminophen,oropharyngeal discomfort
piroxicam,ankylosing spondylitis
progesterone,fatigue
azithromycin,obstructive airways disorder
topiramate,lennox-gastaut syndrome
sodium,toxicity to various agents
aripiprazole,bipolar i disorder
bleomycin,neoplasm
tacrolimus,neoplasm malignant
nelarabine,t-cell type acute leukaemia
doxepin,pruritus
mitoxantrone,non-hodgkin's lymphoma
demethyl,arthritis
carbidopa,poisoning
cefotaxime,infection
olanzapine,depression
travoprost,open angle glaucoma
citalopram,sleep disorder
fosinopril,cardiac output increased
salbutamol,sinus tachycardia
paroxetine,suicide attempt
donepezil,dementia
paroxetine,drug abuse
desmopressin,nasal congestion
mirtazapine,confusional state
paroxetine,discomfort
temozolomide,anaplastic astrocytoma
tetracycline,yaws
amphotericin,histoplasmosis
fluvoxamine,panic attack
prednisone,musculoskeletal stiffness
amantadine,immunodeficiency
apraclonidine,tachyphylaxis
duloxetine,anxiety disorder
sitaxsentan,connective tissue disorder
fosinopril,blood pressure increased
fluticasone,eczema
bosentan,scleroderma
methylprednisolone,dermatomyositis
ofloxacin,urethritis
propafenone,cardiac disorder
fentanyl,mental disorder
betahistine,vertigo
phenylephrine,accommodation disorder
fosphenytoin,hyperglycaemia
tacrolimus,graft versus host disease
metronidazole,nervousness
clarithromycin,renal impairment
valproate,major depression
naproxen,juvenile idiopathic arthritis
phenobarbital,tension
prednisone,rheumatic fever
famotidine,angioedema
fluoxetine,premenstrual dysphoric disorder
paroxetine,panic reaction
pilocarpine,dry mouth
tacrolimus,hepatic function abnormal
citalopram,cognitive disorder
acth(1-39,iritis
imatinib,infection
omeprazole,foetor hepaticus
mefloquine,plasmodium malariae infection
prednisone,conjunctivitis allergic
doxycycline,impetigo
diclofenac,renal impairment
methylprednisolone,chorioretinitis
eplerenone,diabetes mellitus
hydroxyurea,neoplasm malignant
diphenhydramine,sneezing
benazeprilat,hypertension
allopurinol,gouty arthritis
desmopressin,rhinitis atrophic
atenolol,tachycardia
cyclophosphamide,thymoma
paclitaxel,electrocardiogram normal
cimetidine,gastrinoma
paroxetine,dizziness
etoposide,renal impairment
valsartan,acute coronary syndrome
dexamethasone,metastases to central nervous system
prednisone,thrombocytopenic purpura
cortisol,dermatitis exfoliative
doxorubicin,pancreatic carcinoma
dexamethasone,hypersensitivity
amphetamine,agitation
lenalidomide,embolism
paroxetine,decreased interest
dabigatran,pulmonary embolism
moxifloxacin,conjunctivitis infective
paroxetine,hot flush
sumatriptan,photophobia
k779,hepatic necrosis
sodium,diabetes mellitus
5-asa,colitis
memantine,epilepsy
alprazolam,social phobia
citalopram,amnesia
carboplatin,neoplasm malignant
amikacin,urinary tract infection
demethyl,granuloma
dihydroergotamine,vasospasm
doxepin,alcohol abuse
citalopram,dysphoria
oxycodone,pruritus
irinotecan,cardiac disorder
paroxetine,dysthymic disorder
acitretin,developmental delay
retinoic,dry skin
doxazosin,diabetic nephropathy
imiquimod,actinic keratosis
oxytetracycline,pneumonia chlamydial
posaconazole,haematological malignancy
risperidone,mental disability
dexamethasone,arthritis
prednisolone,ophthalmic herpes simplex
testosterone,erectile dysfunction
deprenyl,insomnia
amphotericin,candida infection
fluconazole,tinea versicolour
posaconazole,chromoblastomycosis
pregabalin,renal failure
aztreonam,peritonitis
isoniazid,tuberculosis
exenatide,type 1 diabetes mellitus
pentoxifylline,arterial occlusive disease
clindamycin,vaginitis bacterial
l-dmp,feeling guilty
indomethacin,patent ductus arteriosus
venlafaxine,bradyphrenia
tacrolimus,type iv hypersensitivity reaction
fluoxetine,dysthymic disorder
pregabalin,epilepsy
clomipramine,major depression
risperidone,agitation
risperidone,parkinson's disease
irbesartan,hyperkalaemia
misoprostol,gastric ulcer
ibuprofen,autoimmune disorder
tamoxifen,breast cancer stage iv
quetiapine,mental disorder
mersyndol,injury
tiagabine,epilepsy
methotrexate,metastatic neoplasm
hepatitis,viral infection
valproate,psychotic disorder
aminophylline,nervous system disorder
risperidone,anxiety
irinotecan,neoplasm
gadobenate,renal impairment
demethyl,neoplasm malignant
mipomersen,type iia hyperlipidaemia
posaconazole,neutropenia
ropinirole,hypotension
diltiazem,agitation
posaconazole,coccidioidomycosis
ticlopidine,thrombosis
dexamethasone,neonatal respiratory distress syndrome
clomipramine,obsessive-compulsive disorder
fluticasone,seasonal allergy
citalopram,cerebral artery embolism
sertraline,choking sensation
zolpidem,insomnia
etidronate,arthralgia
d-penicillamine,neurological symptom
metronidazole,parametritis
tinidazole,hepatic amoebiasis
clonazepam,status epilepticus
cefotaxime,cystitis
fluoxetine,agoraphobia
diclofenac,arthritis
cetirizine,rhinitis perennial
amphotericin,body temperature increased
hydroxyurea,renal impairment
propranolol,hypotension
ketorolac,injury
rizatriptan,migraine
5-azacytidine,myeloproliferative disorder
atomoxetine,mydriasis
l-dmp,derealisation
tetrabenazine,chorea
vacv,ophthalmic herpes zoster
alosetron,faecal incontinence
etoricoxib,pain
docetaxel,vomiting
eprosartan,leukopenia
atorvastatin,hypothyroidism
estradiol,cerebrovascular accident
lansoprazole,oesophagitis
bumetanide,nephropathy
k779,malignant melanoma
ciprofloxacin,bronchitis
sertraline,chest pain
valsartan,cardiac failure
alprazolam,dizziness
fluvoxamine,convulsion
eptifibatide,electrocardiogram st segment elevation
fentanyl,pain
verteporfin,choroidal neovascularisation
gemcitabine,adenocarcinoma pancreas
ibandronate,osteoporotic fracture
diatrizoate,hypersensitivity
duloxetine,diabetes mellitus
risperidone,psychotic disorder
sotalol,renal failure
cefdinir,rheumatic disorder
cefaclor,pyelonephritis
insulin,depressed level of consciousness
meloxicam,pain
paroxetine,tension
ibuprofen,connective tissue disorder
prednisolone,ophthalmic herpes zoster
paliperidone,schizophrenia
morphine,injection site haemorrhage
cyclophosphamide,bladder cancer
olanzapine,extrapyramidal disorder
trandolapril,left ventricular dysfunction
monomycin,diphtheria
fenofibrate,renal impairment
pamidronate,hyperparathyroidism
ofatumumab,chronic lymphocytic leukaemia
doxorubicin,malaise
deprenyl,decreased interest
metipranolol,open angle glaucoma
pentamidine,african trypanosomiasis
gabapentin,neuralgia
propafenone,hepatic failure
demethyl,pulmonary tuberculosis
triamcinolone,secondary adrenocortical insufficiency
gentamicin,staphylococcal infection
diclofenac,ankylosing spondylitis
sertraline,obsessive rumination
alprazolam,panic disorder
gemcitabine,hepatic failure
anidulafungin,oesophageal candidiasis
paroxetine,exaggerated startle response
tolbutamide,hyperglycaemia
methylphenidate,nervous system disorder
itraconazole,azotaemia
salmon,compression fracture
ticlopidine,thrombotic thrombocytopenic purpura
methylprednisolone,rheumatic heart disease
metrodin,amenorrhoea
diltiazem,prinzmetal angina
d-penicillamine,hepatocellular injury
topotecan,cervix carcinoma
famciclovir,pruritus
trabectedin,ovarian cancer
paclitaxel,autoimmune disorder
topiramate,nervousness
diazepam,cerebral palsy
pyridostigmine,breast feeding
topiramate,fatigue
testosterone,hypogonadism male
sunitinib,gastrointestinal stromal tumour
bupropion,depression
fluoxetine,agitation
topotecan,plasmacytoma
posaconazole,oropharyngeal candidiasis
clomiphene,pregnancy
gentamicin,folliculitis
rosuvastatin,hyperlipidaemia
clomiphene,testicular neoplasm
tacrolimus,infection
cyanocobalamin,pernicious anaemia
azelastine,rhinorrhoea
disopyramide,infarction
quetiapine,bipolar i disorder
retinoic,telangiectasia
mitoxantrone,acute lymphocytic leukaemia
diltiazem,wolff-parkinson-white syndrome
etoposide,hypersensitivity
retinoic,alcoholism
sunitinib,convulsion
doxorubicin,bladder transitional cell carcinoma
trandolapril,renal artery stenosis
rapamycin,skin cancer
prednisone,protein urine present
methylprednisolone,polymyalgia rheumatica
eptifibatide,chest pain
tiotropium,dyspnoea
cefpodoxime,abscess
lantus,hyperglycaemia
bromocriptine,amenorrhoea
oseltamivir,influenza
triamcinolone,psoriasis
progesterone,oestrogenic effect
l-dmp,decreased interest
deprenyl,agitation
cefazolin,urinary tract infection
ertapenem,pneumonia
ertapenem,bacterial infection
niacin,nicotinic acid deficiency
phenobarbital,vomiting
aspirin,migraine
cortisol,metastases to central nervous system
cortisone,azotaemia
fosinopril,renal failure chronic
telithromycin,acute sinusitis
lanreotide,liver disorder
zyprexa,movement disorder
boceprevir,neutropenia
rasagiline,parkinsonism
famp,chronic lymphocytic leukaemia
lithium,hostility
gentamicin,endocarditis
doxorubicin,renal cancer
paroxetine,obsessive thoughts
risperidone,distractibility
alprazolam,mass
captopril,diabetic nephropathy
simvastatin,cerebrovascular accident
etoposide,lymphoma
morphine,diarrhoea
cyclophosphamide,non-hodgkin's lymphoma
deferoxamine,bone disorder
estradiol,deep vein thrombosis
risperidone,mental retardation
metronidazole,bacterial sepsis
fluticasone,glaucoma
azarga,open angle glaucoma
metronidazole,vaginal inflammation
frovatriptan,aura
morphine,euphoric mood
naproxen,gout
hydralazine,orthostatic hypotension
ziprasidone,myocardial infarction
linezolid,infection
octreotide,thymoma
minocycline,anthrax
methylprednisolone,dermatitis bullous
azathioprine,dermatomyositis
cefepime,pyelonephritis
rabeprazole,gastritis
alprazolam,discomfort
telmisartan,cardiac failure
ciprofloxacin,osteomyelitis
octreotide,metastasis
amphotericin,menorrhagia
citalopram,anxiety
aminophylline,bronchial hyperreactivity
prednisone,pneumonia
cortisol,photosensitivity reaction
ogen,menopause
amphotericin,oral candidiasis
roxithromycin,tracheobronchitis
octreotide,varices oesophageal
dexamethasone,pancreatitis
simvastatin,hyperlipidaemia
acyclovir,eczema
prednisone,herpes zoster
citalopram,fatigue
zidovudine,pregnancy
azithromycin,atypical pneumonia
quetiapine,white blood cell count decreased
estradiol,breast cancer
morphine,affect lability
fluoxetine,nephropathy
paroxetine,performance fear
methotrexate,osteosarcoma
ketotifen,inflammation
amphotericin,mucocutaneous leishmaniasis
salmon,osteitis deformans
azithromycin,pertussis
venlafaxine,drug abuse
doxycycline,chancroid
bupropion,insomnia
diazepam,irritability
cefuroxime,tonsillitis
morphine,cough
dalteparin,injury
paliperidone,pituitary tumour
digoxin,cardiac failure
quetiapine,dementia
sodium,dissociation
amiodarone,drug interaction
clindamycin,abdominal abscess
fluoxetine,panic disorder
dantrolene,tachycardia
tobramycin,gastrointestinal infection
atropine,enterocolitis
cyclophosphamide,autoimmune disorder
valdecoxib,arthritis
lamotrigine,parkinsonism
triamcinolone,bursitis
diltiazem,angina pectoris
estradiol,angiopathy
furosemide,hypoproteinaemia
fluoxetine,chills
itraconazole,infection
clonidine,attention deficit/hyperactivity disorder
bupivacaine,respiratory arrest
indapamide,hypokalaemia
amantadine,pneumonia
ibuprofen,toothache
letrozole,hepatic cirrhosis
ceftriaxone,cholecystitis chronic
norfloxacin,epididymitis
droperidol,aggression
prednisone,proteinuria
prednisolone,inflammation
cosyntropin,enteritis
vacv,congenital herpes simplex infection
ofloxacin,urinary tract infection
olanzapine,mania
methylphenidate,mental disability
risedronate,osteoporotic fracture
nifedipine,hypovolaemia
lomefloxacin,infection
triamcinolone,dermatitis atopic
sertraline,feeling guilty
testosterone,tenderness
leflunomide,enzyme inhibition
doxazosin,acute coronary syndrome
bivalirudin,angina unstable
doxycycline,respiratory tract infection
cas,angina unstable
mitoxantrone,neoplasm malignant
valproate,headache
topotecan,non-small cell lung cancer
diltiazem,vascular resistance systemic
zuclopenthixol,senile dementia
telithromycin,tonsillitis
5-aza-2'-deoxycytidine,hepatic function abnormal
demethyl,multiple sclerosis
itraconazole,body temperature increased
leflunomide,renal failure
methylprednisolone,eosinophilic pneumonia
mexiletine,ventricular tachycardia
estriol,night sweats
aminophylline,foetor hepaticus
lovastatin,carotid arteriosclerosis
pantoprazole,gastric ulcer
ciclopirox,tinea cruris
busulfan,breast cancer
estradiol,atrophy
niacin,peptic ulcer
metronidazole,empyema
metoprolol,myocardial ischaemia
anthracycline,rhabdomyosarcoma
venlafaxine,agitation
ciprofloxacin,gastroenteritis
indapamide,oedema
rifampicin,culture positive
oxycodone,drug interaction
udca,breast mass
formoterol,bronchial hyperreactivity
levobunolol,ocular hypertension
forteo,hip fracture
bupivacaine,chills
tranexamic,pancreatic carcinoma
vacv,herpes virus infection
nafarelin,adrenogenital syndrome
ampicillin,gonorrhoea
aprepitant,neoplasm malignant
estradiol,hot flush
irbesartan,liver disorder
dalteparin,angina pectoris
diclofenac,foetor hepaticus
testosterone,application site erythema
cisplatin,non-hodgkin's lymphoma
aprepitant,procedural nausea
k779,neoplasm
naltrexone,alcoholism
trisequens,fracture
deferoxamine,haemosiderosis
famp,non-hodgkin's lymphoma
aripiprazole,aggression
nandrolone,breast cancer
rifabutin,mycobacterial infection
melphalan,ovarian epithelial cancer
medroxyprogesterone,breast cancer stage iv
paroxetine,hyperhidrosis
lubiprostone,functional gastrointestinal disorder
paclitaxel,nephropathy
fluoxetine,vomiting
dexamethasone,shock
tobramycin,infection
amlodipine,peripheral vascular disorder
moxifloxacin,liver disorder
ziprasidone,torsade de pointes
venlafaxine,sensory loss
cortisol,optic neuritis
minocycline,cystitis noninfective
topiramate,asthenia
rizatriptan,cluster headache
triamcinolone,dermatitis contact
voriconazole,candida infection
azelastine,pruritus
allopurinol,blood uric acid increased
bisoprolol,asthma
ceftaroline,pneumonia bacterial
stavudine,lactic acidosis
colestyramine,pruritus
nefazodone,decreased interest
prednisone,non-hodgkin's lymphoma
l-dmp,choking sensation
ropinirole,vomiting
carvedilol,left ventricular dysfunction
paroxetine,affective disorder
bupropion,bronchial hyperreactivity
bcnu,drug interaction
progesterone,musculoskeletal discomfort
baclofen,hypertonia
duloxetine,diabetic neuropathy
diazepam,emotional distress
apixaban,deep vein thrombosis
testosterone,prostatomegaly
clobetasone,neurodermatitis
clobetasol,erythema
mitoxantrone,lymphocytic leukaemia
abacavir,drug interaction
metoprolol,supraventricular tachycardia
nefazodone,disturbance in attention
methylprednisolone,pneumocystis jirovecii pneumonia
topiramate,cluster headache
risperidone,abnormal behaviour
lamotrigine,lennox-gastaut syndrome
mirtazapine,renal failure
melphalan,plasma cell myeloma
diclofenac,rheumatic disorder
penicillin,gonorrhoea
sulfadiazine,rheumatic fever
atomoxetine,agitation
ribavirin,influenza
carboplatin,cervix carcinoma
gefitinib,neoplasm malignant
carbamazepine,pain
ceftazidime,soft tissue infection
aspirin,angina unstable
dexamethasone,head injury
ge-132,infection
sorafenib,cerebrovascular accident
clomiphene,thyroid disorder
doxycycline,tularaemia
methylprednisolone,inflammatory bowel disease
nebivolol,hypertension
sertraline,affective disorder
mupirocin,epidermolysis bullosa
estradiol,phlebitis
paclitaxel,ovarian epithelial cancer stage iv
maprotiline,affective disorder
amphetamine,hyperkinesia
furosemide,acute pulmonary oedema
doxycycline,urethritis gonococcal
fluoxetine,myalgia
cabergoline,pituitary tumour benign
bupropion,suicide attempt
lisinopril,coronary artery disease
oxaliplatin,colon cancer
benazeprilat,renal impairment
niacin,hypertriglyceridaemia
dexamethasone,neurodermatitis
doxycycline,rash pustular
sertraline,dysthymic disorder
ibuprofen,uterine pain
vancocine,endocarditis bacterial
demethyl,rhinitis perennial
retinoic,skin wrinkling
ivermectin,skin mass
ciprofloxacin,prostatitis
prochlorperazine,migraine
fludrocortisone,breast cancer
trandolapril,renal failure
hydroxybutyrate,somnolence
procainamide,ventricular arrhythmia
sertraline,dizziness
docetaxel,metastatic squamous cell carcinoma
nicotine,renal impairment
doxycycline,haemorrhage
venlafaxine,panic disorder
doxazosin,cardiac failure
cisplatin,lymphoma
dalteparin,pulmonary embolism
gabapentin,hypersensitivity
duloxetine,disturbance in attention
fluoxetine,mental disability
dexamethasone,phagocytosis
allopurinol,renal impairment
docetaxel,oedema peripheral
l-dmp,chills
irbesartan,diabetic nephropathy
topiramate,nephrolithiasis
venlafaxine,tension
fluoxetine,choking sensation
propafenone,acute coronary syndrome
lovastatin,hepatocellular injury
penicillin,glomerulonephritis acute
sulindac,back pain
prednisone,sarcoidosis
acetazolamide,convulsion
paroxetine,menopausal symptoms
v,dermatitis atopic
v,arthritis
pravastatin,arteriosclerosis coronary artery
nicotine,coronary artery disease
cefuroxime,tracheobronchitis
ibuprofen,ear pain
dasatinib,cardiac disorder
buspirone,insomnia
doxorubicin,acute leukaemia
bromocriptine,infertility
dalteparin,embolism venous
docetaxel,metastatic neoplasm
cortisol,keratitis
acetaminophen,headache
warfarin,thrombosis
lenalidomide,myelodysplastic syndrome
carvedilol,foetor hepaticus
sertraline,liver disorder
venlafaxine,depersonalisation
l-dmp,obsessive rumination
aminophylline,left ventricular failure
paclitaxel,dyspnoea
cas,left ventricular dysfunction
captopril,myocardial infarction
progesterone,depression
celecoxib,injury
sertraline,mood swings
doxorubicin,malignant melanoma
celecoxib,ligament sprain
thalidomide,type 2 lepra reaction
fe(iii,iron deficiency
fluoxetine,panic reaction
clomiphene,vaginal haemorrhage
ibuprofen,influenza
cyclophosphamide,leukaemia monocytic
citalopram,cardiotoxicity
oxycodone,flushing
gabapentin,stevens-johnson syndrome
iodixanol,coronary artery disease
paroxetine,hypervigilance
paroxetine,compulsions
cefuroxime,hypersensitivity
venlafaxine,hypoaesthesia
irinotecan,colorectal cancer
fluoxetine,anxiety
fluoxetine,palpitations
prednisone,pemphigus
cortisone,polyuria
fluoxetine,discomfort
allopurinol,total hypoxanthine-guanine phosphoribosyl transferase deficiency
aripiprazole,psychotic disorder
retinoic,ulcer
pantoprazole,dyspepsia
amphotericin,blastomycosis
diltiazem,supraventricular tachycardia
ranitidine,obesity
ibuprofen,tenosynovitis
deferoxamine,renal failure chronic
quinaprilat,myocardial infarction
asenapine,parkinsonism
diazepam,stiff person syndrome
nifedipine,tachycardia
baclofen,pain
ogen,atrophic vulvovaginitis
meperidine,pancreatitis acute
flecainide,arrhythmia
amoxicillin,gonorrhoea
venlafaxine,dysphoria
cortisol,asthma
atropine,neurogenic bowel
meloxicam,juvenile idiopathic arthritis
irbesartan,hepatocellular injury
flurbiprofen,pain
pilocarpine,tension
baclofen,multiple sclerosis
omeprazole,liver disorder
k779,disease progression
bromocriptine,dyskinesia
methylprednisolone,proctocolitis
acyclovir,acquired immunodeficiency syndrome
pentazocine,pain
salmon,bone lesion
morphine,pain
rifampicin,staphylococcal infection
posaconazole,aspergillus infection
metaproterenol,pulmonary congestion
dexamethasone,hypercalcaemia
doxorubicin,menopause
deprenyl,dysphoria
sildenafil,liver disorder
cortisol,pneumonia aspiration
progesterone,anxiety
aripiprazole,dementia alzheimer's type
pregabalin,neuralgia
sertraline,disturbance in attention
bupropion,sexual dysfunction
cortisone,skin disorder
demethyl,sympathetic ophthalmia
valproate,loss of consciousness
fosphenytoin,diabetes mellitus
ciprofloxacin,cystic fibrosis
doxycycline,pneumonia chlamydial
clozapine,nausea
hydrochlorothiazide,dehydration
oxaprozin,osteoarthritis
leflunomide,neoplasm
atropine,functional gastrointestinal disorder
buspirone,mass
temozolomide,metastatic malignant melanoma
metronidazole,pelvic abscess
fty720,physical disability
pimecrolimus,dermatitis atopic
ofloxacin,impetigo
prednisone,multiple sclerosis
tobramycin,staphylococcal infection
cetirizine,seasonal allergy
omeprazole,infection
acyclovir,hypersensitivity
ketoprofen,bursitis
risperidone,delusion
ketoconazole,tinea infection
zoledronic,renal impairment
febuxostat,gouty tophus
sparfloxacin,infection
ganciclovir,candida infection
fentanyl,cancer pain
paclitaxel,b-cell type acute leukaemia
candesartan,cardiac failure
nitrazepam,overwork
moxifloxacin,bronchitis
medroxyprogesterone,induration
pge1,congenital pulmonary valve atresia
lidocaine,pruritus genital
conjugated,uterine haemorrhage
modafinil,dyskinesia
ranitidine,infection
prednisolone,mycosis fungoides
dexamethasone,keratitis
medroxyprogesterone,hepatocellular injury
ciprofloxacin,conjunctivitis
gabapentin,pseudocroup
paroxetine,anxiety
mirtazapine,somnolence
lamotrigine,epilepsy
pregabalin,diabetic neuropathy
ketorolac,haemorrhage
fluvoxamine,obsessive-compulsive disorder
citalopram,depression
cyclophosphamide,mediastinal disorder
ketoprofen,synovitis
calcium,arthropod bite
cefpodoxime,pharyngitis
prednisone,dermatitis contact
anthracycline,hodgkin's disease lymphocyte depletion type stage unspecified
diclofenac,seborrhoeic keratosis
rabeprazole,gastrinoma
ketoprofen,sports injury
cyclophosphamide,x-linked lymphoproliferative syndrome
k779,effusion
prednisone,iritis
quinidine,cardiac flutter
nifedipine,arteriospasm coronary
moxifloxacin,pneumonia
oseltamivir,musculoskeletal discomfort
pregabalin,renal impairment
ketoprofen,pain
citalopram,affect lability
metoprolol,cardiac failure
lamotrigine,convulsion
fluoxetine,nausea
flurbiprofen,miosis
hydroxyurea,myeloproliferative disorder
retinoic,skin cancer
diclofenac,vomiting
lisinopril,hypotension
diclofenac,infection
demethyl,dermatitis atopic
tacrolimus,kidney transplant rejection
ciprofloxacin,renal function test abnormal
duloxetine,generalised anxiety disorder
ciprofloxacin,urethritis noninfective
metoprolol,hepatic cirrhosis
trovafloxacin,diabetic foot infection
doxorubicin,rhabdomyosarcoma
cortisol,gouty arthritis
demethyl,transfusion reaction
cetirizine,rhinitis seasonal
atropine,open angle glaucoma
valproate,hyperglycaemia
voriconazole,oesophageal candidiasis
vancocine,pneumonia
cortisol,thyroiditis
doxycycline,cat scratch disease
medroxyprogesterone,endometrial hyperplasia
paroxetine,hypertension
tranylcypromine,suicidal ideation
testosterone,klinefelter's syndrome
posaconazole,immunodeficiency
prednisone,rheumatic disorder
buspirone,hyperkinesia
citalopram,decreased interest
triazolam,insomnia
duloxetine,insomnia
citalopram,insomnia
lenalidomide,dermatitis
metoprolol,migraine
bromcresol,carcinoma in situ
methotrexate,choriocarcinoma
dexamethasone,erythema multiforme
fluoride,sensitivity of teeth
ofloxacin,gonorrhoea
methylene,fistula
trametinib,interstitial lung disease
duloxetine,pain
progesterone,vomiting
prednisone,anaemia
haloperidol,abnormal behaviour
progesterone,arthralgia
pravastatin,hepatocellular injury
ofloxacin,hepatic cirrhosis
clomipramine,emotional distress
lovastatin,arteriosclerosis coronary artery
entecavir,alanine aminotransferase increased
ofloxacin,cervicitis
buprenorphine,pain
carbamazepine,atrioventricular block
penicillin,septic arthritis streptobacillus
atorvastatin,coronary artery disease
efavirenz,hiv infection
ganciclovir,toxoplasmosis
prednisone,epilepsy
retinoic,autoimmune disorder
ciprofloxacin,urinary tract infection
salmon,plasma cell myeloma
apixaban,hypertension
medroxyprogesterone,pregnancy
hydrochlorothiazide,fluid overload
fluoxetine,depression
desloratadine,erythema
paclitaxel,hypersensitivity
fluoxetine,chest pain
valproate,urinary tract infection
cefprozil,renal impairment
amoxicillin,mitral valve prolapse
voriconazole,haematological malignancy
betamethasone,psoriasis
oxycodone,sphincter of oddi dysfunction
sodium,nausea
nitrazepam,mental disorder
penicillin,heart disease congenital
ciprofloxacin,respiratory tract infection
acyclovir,scab
omeprazole,erosive oesophagitis
fluoxetine,bradyphrenia
carbenicillin,asymptomatic bacteriuria
citalopram,irritability
diltiazem,atrial fibrillation
clindamycin,lower respiratory tract infection
medroxyprogesterone,vaginal haemorrhage
ganciclovir,acquired immunodeficiency syndrome
itraconazole,oral candidiasis
tmc435,chronic hepatitis c
ceftazidime,pseudomonas infection
lenalidomide,rash
gabapentin,pancreatitis
iopamidol,hypersensitivity
alfuzosin,urinary retention
pixantrone,b-cell lymphoma
dorzolamide,glaucoma
clopidogrel,ischaemia
ofloxacin,acne
lansoprazole,infection
triamcinolone,rhinitis allergic
fentanyl,mucosal inflammation
maprotiline,apathy
oxybutynin,incontinence
tadalafil,benign prostatic hyperplasia
triamcinolone,rheumatoid arthritis
carbamazepine,headache
pergolide,dyskinesia
furosemide,nephropathy
minocycline,soft tissue infection
methotrexate,benign hydatidiform mole
irbesartan,nephropathy
methotrexate,oesophageal carcinoma
estradiol,bone density decreased
clindamycin,scarlet fever
lovastatin,cardiovascular disorder
conjugated,menopause
ketorolac,eye pain
baclofen,respiratory depression
canagliflozin,uncircumcised
montelukast,rhinitis seasonal
paroxetine,movement disorder
flecainide,ventricular arrhythmia
ceftazidime,nephrolithiasis
metoprolol,tachycardia
iodixanol,prostatomegaly
tacrolimus,rheumatoid arthritis
paclitaxel,loss of consciousness
meloxicam,arthropathy
ofloxacin,renal failure
fluoxetine,suicidal ideation
doxorubicin,neoplasm malignant
nitroglycerin,anal fissure
clobetasone,pruritus
prednisone,mendelson's syndrome
itraconazole,body tinea
captopril,vascular resistance systemic
progesterone,menstruation irregular
5-fu,basal cell carcinoma
budesonide,vasomotor rhinitis
sulindac,bedridden
prednisone,optic neuritis
paroxetine,disturbance in attention
ziprasidone,schizophrenia
citalopram,cardiac disorder
olanzapine,drug abuse
dexamethasone,eczema nummular
bazedoxifene,multiple fractures
mitoxantrone,acute myeloid leukaemia
ibuprofen,haemorrhage
fluvoxamine,liver disorder
pramipexole,parkinson's disease
paroxetine,suicidal behaviour
metoprolol,cardiogenic shock
sodium,confusional state
aripiprazole,dyskinesia
dexamethasone,dermatitis
montelukast,rhinitis allergic
duloxetine,dysphoria
gabapentin,erythema multiforme
ziprasidone,dementia
formoterol,bronchospasm
ofloxacin,renal impairment
furosemide,infection
ibuprofen,soft tissue injury
dasatinib,blast cell crisis
morphine,vomiting
paclitaxel,ovarian epithelial cancer
losartan,nephropathy
risperidone,liver disorder
granisetron,dysphagia
paroxetine,affect lability
fentanyl,respiratory depression
meperidine,stupor
omeprazole,abdominal distension
sodium,cardiac failure
diatrizoate,glioblastoma
conivaptan,inappropriate antidiuretic hormone secretion
dexamethasone,pregnancy
methotrexate,osteosarcoma metastatic
doxorubicin,ovarian cancer
sildenafil,pulmonary arterial hypertension
ceftazidime,cystitis
ganciclovir,pneumonia cytomegaloviral
5-asa,crohn's disease
entecavir,foetor hepaticus
ropivacaine,pain
norfloxacin,dysentery
estradiol,endometrial hyperplasia
salmeterol,dyspnoea
octreotide,post procedural complication
gemcitabine,hypersensitivity
erythromycin,rheumatic heart disease
aripiprazole,irritability
cefaclor,pneumonia
nadolol,angina pectoris
estradiol,coronary artery disease
risperidone,bipolar disorder
nevirapine,autoimmune disorder
haloperidol,tourette's disorder
cortisol,serum sickness
streptomycin,plague
copolymer,multiple sclerosis
ticagrelor,asthma
melphalan,renal failure
gemcitabine,ovarian epithelial cancer
valsartan,pulmonary oedema
acetaminophen,rhinorrhoea
meropenem,febrile neutropenia
octreotide,arthralgia
ofloxacin,otitis media chronic
itraconazole,renal failure
acetaminophen,influenza
l-dmp,palpitations
5-azacytidine,acute myeloid leukaemia
clomiphene,haemoglobin
trimethoprim-sulfamethoxazole,gastroenteritis
sotalol,sudden death
oxycodone,ocular hyperaemia
rasburicase,lymphoma
valproate,nonketotic hyperglycinaemia
sertraline,abdominal distension
doxepin,dermatitis atopic
risperidone,autism
afatinib,small cell lung cancer
imatinib,dermatofibrosarcoma protuberans
paclitaxel,disease progression
paroxetine,agitation
pantoprazole,haemoglobin
rivastigmine,dementia
cyproheptadine,hypersensitivity
domperidone,impaired gastric emptying
metoprolol,myocardial infarction
cefotaxime,gonorrhoea
progesterone,coagulopathy
fondaparinux,angina unstable
domperidone,gastric atony
lercanidipine,angina pectoris
modafinil,narcolepsy
ribavirin,respiratory syncytial virus infection
memantine,vascular dementia
gentamicin,pustular psoriasis
verapamil,myocardial infarction
metronidazole,abdominal abscess
stalevo,parkinsonism
foscarnet,encephalitis
trifluoperazine,bipolar i disorder
bicarbonate,nephropathy
tamoxifen,albright's disease
iodixanol,contrast media reaction
tigecycline,bacteraemia
levetiracetam,grand mal convulsion
toremifene,neoplasm
lurasidone,dementia
diazepam,anxiety
diatrizoate,pinealoma
gemcitabine,febrile neutropenia
duloxetine,pregnancy
fentanyl,hypoventilation
adenosine,sinus rhythm
demethyl,systemic lupus erythematosus
5-asa,proctitis ulcerative
ramipril,myocardial infarction
deferoxamine,hypoproteinaemia
doxorubicin,prostate cancer
clozapine,psychotic disorder
diclofenac,pharyngotonsillitis
cortisol,laryngeal oedema
acenocoumarol,pulmonary embolism
cisplatin,anal cancer
anastrozole,breast cancer
tacrolimus,immunodeficiency
citalopram,asthenia
ribavirin,heart disease congenital
morphine,constipation
tinidazole,amoebiasis
octreotide,flushing
clarithromycin,atypical pneumonia
morphine,nausea
ciprofloxacin,back pain
bisacodyl,constipation
ustekinumab,latent tuberculosis
metoclopramide,vomiting
pregabalin,generalised anxiety disorder
cyproterone,seborrhoeic dermatitis
didanosine,renal impairment
gabapentin,post herpetic neuralgia
irbesartan,cardiac failure
octreotide,glucagonoma
diazepam,diplegia
fluphenazine,sedation
l-dmp,fatigue
bcnu,pancytopenia
5-fu,oesophageal carcinoma
diclofenac,swelling
lovastatin,foetor hepaticus
sertraline,flatulence
doxorubicin,lung neoplasm malignant
metoclopramide,hypotonia
methylphenidate,cardiovascular disorder
hydrochlorothiazide,essential hypertension
rofecoxib,arthritis
dexamethasone,brain cancer metastatic
doxorubicin,lymphoma
gabapentin,grand mal convulsion
trazodone,drug interaction
carvedilol,cerebrovascular accident
dexamethasone,rhinitis seasonal
simvastatin,lipid metabolism disorder
emtricitabine,blood bilirubin increased
clarithromycin,rheumatic fever
frovatriptan,migraine
tacrolimus,graft loss
carbamazepine,myoclonic epilepsy
disopyramide,renal failure
doxorubicin,leukaemia
minocycline,prostatitis
lisinopril,renal artery stenosis
trandolapril,acute coronary syndrome
ofloxacin,dermatitis bullous
indomethacin,tendonitis
gentamicin,conjunctivitis
ramiprilat,diabetic nephropathy
minocycline,yaws
mefenamic,pain
pamidronate,osteolysis
lamotrigine,renal failure
trazodone,disturbance in attention
lisinopril,cardiac failure
cimetidine,duodenal ulcer
hydralazine,hypotension
cyproheptadine,urticaria physical
octreotide,insulinoma
triamcinolone,inflammatory bowel disease
octreotide,haemoglobin
trimethoprim-sulfamethoxazole,gonorrhoea
cefixime,rheumatic fever
atorvastatin,type iii hyperlipidaemia
citalopram,obsessive-compulsive disorder
demethyl,granuloma annulare
aspirin,neck pain
deprenyl,suicide attempt
alprazolam,depersonalisation
metrodin,uterine haemorrhage
l-dmp,chest pain
alprazolam,muscle twitching
diatrizoate,meningioma
amiodarone,sinus arrhythmia
pantoprazole,gastrointestinal disorder
doxorubicin,kaposi's sarcoma aids related
zalcitabine,drug intolerance
venlafaxine,irritability
tapentadol,procedural pain
tranylcypromine,major depression
metronidazole,pneumonia necrotising
busulfan,thalassaemia
fluvoxamine,anxiety
quinidine,ventricular tachycardia
acipimox,type iib hyperlipidaemia
testosterone,dermatitis
leflunomide,arthralgia
cimetidine,anaphylactic shock
demethyl,tenosynovitis
clindamycin,pneumocystis jirovecii pneumonia
rabeprazole,ulcer
fentanyl,pulmonary function test decreased
paclitaxel,adenocarcinoma pancreas
dicloxacillin,wound infection
dalteparin,embolism
doxycycline,yaws
riluzole,motor neurone disease
progesterone,dry mouth
cortisone,oedema
histamine,dermatitis atopic
dexamethasone,berylliosis
lamivudine,hepatitis viral
salbutamol,asthma
prednisolone,psoriatic arthropathy
clomipramine,obsessive rumination
mirtazapine,convulsion
fosinopril,cardiac failure congestive
trazodone,major depression
allopurinol,myeloid metaplasia
ziprasidone,psychotic disorder
docetaxel,breast cancer stage iv
sulfasalazine,vomiting
benzathine,infection
dexamethasone,stasis dermatitis
testosterone,delayed puberty
ibuprofen,nasopharyngitis
rivastigmine,decreased appetite
testosterone,haematocrit increased
lapatinib,metastatic neoplasm
sunitinib,disease progression
k779,chronic hepatitis
propafenone,atrial flutter
fentanyl,hypoxia
sertraline,depressed mood
everolimus,angiomyolipoma
allopurinol,leukaemia
photofrin,neoplasm malignant
l-dmp,sensory loss
triamcinolone,ulcer
deprenyl,hypersomnia
triamcinolone,otitis externa
ofloxacin,pelvic inflammatory disease
cimetidine,dyspepsia
imiquimod,basal cell naevus syndrome
risperidone,mania
bcnu,neoplasm malignant
cas,hyperlipidaemia
fluoxetine,bulimia nervosa
ropinirole,parkinson's disease
tadalafil,pulmonary arterial hypertension
chlorthalidone,pregnancy
clonazepam,dizziness
amifostine,body temperature increased
cetirizine,conjunctivitis
captopril,cardiac output increased
fluoxetine,swelling
paclitaxel,hepatic function abnormal
lioh,delusion of grandeur
atomoxetine,mental disorder
acyclovir,herpes simplex
risperidone,hostility
atenolol,myocardial infarction
quinidine,atrial fibrillation
methotrexate,leukaemia
doxorubicin,hodgkin's disease lymphocyte depletion type stage unspecified
clomipramine,compulsions
lamivudine,inflammation
fluoxetine,dizziness
progesterone,abdominal distension
conjugated,endometrial cancer
olmesartan,diabetes mellitus
cefepime,abdominal infection
ropinirole,restless legs syndrome
nifedipine,essential hypertension
samarium,prostate cancer
citalopram,renal failure
fentanyl,neoplasm malignant
salmon,complex regional pain syndrome
doxepin,major depression
orlistat,type 2 diabetes mellitus
emtricitabine,alcohol abuse
citalopram,generalised anxiety disorder
minocycline,pharyngitis
estradiol,varicose vein
zuclopenthixol,confusional state
zuclopenthixol,aggression
clonazepam,drug tolerance
alprazolam,malaise
metronidazole,post procedural infection
rosuvastatin,foetor hepaticus
buspirone,schizophrenia
carbamazepine,glossopharyngeal neuralgia
phenobarbital,pylorospasm
itraconazole,histoplasmosis
diclofenac,juvenile idiopathic arthritis
sumatriptan,liver disorder
cortisol,transfusion reaction
paclitaxel,acquired immunodeficiency syndrome
iodixanol,phlebitis
doxorubicin,metastases to liver
treprostinil,renal failure
methylprednisolone,rhinitis seasonal
pravastatin,high density lipoprotein decreased
leflunomide,joint destruction
ropinirole,bradykinesia
omeprazole,gastric haemorrhage
fluoxetine,drug interaction
propafenone,atrial fibrillation
abacavir,epilepsy
citalopram,drug abuse
l-dmp,obsessive-compulsive disorder
metoprolol,cardiovascular disorder
clopidogrel,angina pectoris
acetaminophen,gout
warfarin,haemoglobin
carboplatin,bladder cancer
"1,25(oh)2d3",osteodystrophy
acetaminophen,rheumatic disorder
diclofenac,spondylitis
metronidazole,gingivitis ulcerative
dexamethasone,proctocolitis
ketorolac,nephropathy
posaconazole,systemic candida
sodium,neoplasm malignant
tiotropium,bronchospasm
fosphenytoin,delirium
paroxetine,flashback
udca,weight decreased
atomoxetine,hypersensitivity
k779,infection
salbutamol,pregnancy
desmopressin,enuresis
alendronate,osteitis deformans
bupivacaine,hypotonia
lidocaine,acute myocardial infarction
lapatinib,menopause
estradiol,prostate cancer
triamcinolone,thyroiditis
metoprolol,atrial fibrillation
progesterone,muscle spasms
paroxetine,breast tenderness
diazepam,somnambulism
ketorolac,inflammation
v,graft versus host disease
venlafaxine,disturbance in attention
sumatriptan,basilar migraine
sertraline,social phobia
clonidine,migraine
sodium,flushing
sildenafil,fasting
nifedipine,hyperlipidaemia
indomethacin,drug interaction
insulin,diabetes mellitus
indomethacin,joint dislocation
fenofibrate,cardiac disorder
valproate,migraine
lovastatin,nephrotic syndrome
anthracycline,acute leukaemia
omeprazole,hepatocellular injury
zopiclone,sleep disorder
metoprolol,arrhythmia
voriconazole,aspergillus infection
sodium,bronchospasm
rifampicin,drug hypersensitivity
clonazepam,discomfort
lansoprazole,gastrinoma
tacrolimus,x-linked lymphoproliferative syndrome
leuprorelin,neoplasm
carbamazepine,petit mal epilepsy
oestrogen,menopausal symptoms
mirtazapine,angina pectoris
cytarabine,neoplasm malignant
rimonabant,obesity
gentamicin,bacterial sepsis
oxaliplatin,hypercalcaemia
dexamethasone,conjunctivitis allergic
everolimus,metastatic neoplasm
insulin,type 2 diabetes mellitus
desmopressin,polyuria
etodolac,pain
vitrum,gastrinoma
prochlorperazine,psychotic disorder
clindamycin,tubo-ovarian abscess
propafenone,agitation
bleomycin,non-hodgkin's lymphoma
ceftazidime,renal impairment
carbamazepine,thrombophlebitis
sertraline,obsessive thoughts
aripiprazole,tension
gliclazide,hyperglycaemia
paroxetine,bradyphrenia
methotrexate,hodgkin's disease
baclofen,muscle spasticity
etoposide,bladder cancer
venlafaxine,nausea
clarithromycin,streptococcal infection
eplerenone,left ventricular dysfunction
thiazide,oedema
glipizide,nephropathy
pge1,heart disease congenital
diclofenac,hepatic cirrhosis
topiramate,disturbance in attention
ziprasidone,mania
progesterone,amenorrhoea
tranylcypromine,feeling guilty
gabapentin,convulsion
capecitabine,renal failure
bivalirudin,haemorrhage
olanzapine,psychotic disorder
thalidomide,pregnancy
cefazolin,epididymitis
verteporfin,age-related macular degeneration
glipizide,hyperglycaemia
venlafaxine,dizziness
testosterone,dry skin
amphotericin,renal impairment
prednisone,drug eruption
progesterone,vulvovaginal dryness
estradiol,multiple fractures
indomethacin,synovitis
methylprednisolone,temporal arteritis
dexamethasone,cerebrovascular accident
gadobenate,hepatic cancer
venlafaxine,panic attack
sunitinib,proteinuria
glat,multiple sclerosis
estradiol,osteoporosis
melphalan,polyuria
fluoxetine,hypersomnia
morphine,contusion
propafenone,ventricular arrhythmia
citalopram,anxiety disorder
tacrolimus,joint swelling
alendronate,osteopenia
fenofibrate,combined hyperlipidaemia
acyclovir,iridocyclitis
5-fu,hyperkeratosis
k779,haemorrhage
atorvastatin,type ii hyperlipidaemia
prednisolone,sarcoidosis
hydroxyzine,emotional disorder
rivastigmine,parkinsonism
k779,weight decreased
ibuprofen,ligament sprain
conjugated,thrombophlebitis
ciprofloxacin,peritonitis
triamcinolone,polymyositis
meropenem,pelvic inflammatory disease
fluconazole,mucocutaneous candidiasis
triamcinolone,uveitis
tacrolimus,fasting
cefuroxime,pyelonephritis chronic
trimethoprim-sulfamethoxazole,anorectal infection
k779,anogenital warts
bupropion,mental disability
oxymorphone,therapy naive
ribavirin,respiratory tract infection
aripiprazole,schizophrenia
fluoxetine,binge eating
hepatitis,chronic hepatitis b
cortisol,pemphigus
sunitinib,neoplasm malignant
ciprofloxacin,typhoid fever
prednisolone,dyspnoea
crizotinib,neutropenia
vincristine,acute lymphocytic leukaemia
oxazepam,confusional state
chloride,hypokalaemia
saquinavir,acquired immunodeficiency syndrome
atovaquone,vomiting
indomethacin,proctocolitis
docetaxel,liver disorder
gemcitabine,neuropathy peripheral
carbinoxamine,vasomotor rhinitis
adefovir,foetor hepaticus
propafenone,cardiac flutter
modafinil,poor quality sleep
fludarabine,renal failure
norfloxacin,pathogen resistance
quetiapine,generalised anxiety disorder
anidulafungin,abscess
fenofibrate,hyperlipidaemia
oxybutynin,urge incontinence
famotidine,agranulocytosis
hydroxocobalamin,neoplasm malignant
ganciclovir,histoplasmosis
ketoprofen,tendonitis
clarithromycin,impetigo
fluoxetine,panic attack
carnitine,cardiomyopathy
nilotinib,chromosome analysis abnormal
atorvastatin,myocardial infarction
diazoxide,renal failure
almotriptan,pain
duloxetine,agitation
ibuprofen,rhinitis
amifostine,non-small cell lung cancer
fluoxetine,asthenia
hydroxocobalamin,tropical sprue
ciprofloxacin,infection
choline,alcoholic liver disease
quinaprilat,angina pectoris
erythromycin,meningitis
leflunomide,lung disorder
atenolol,acute coronary syndrome
cosyntropin,adrenal insufficiency
felbamate,lennox-gastaut syndrome
sorafenib,acute coronary syndrome
acth(1-39,protein urine present
paclitaxel,ovarian cancer
octreotide,pancreatic carcinoma
quetiapine,schizophrenia
sildenafil,renal failure
salmon,osteoarthritis
montelukast,bronchospasm
moxifloxacin,abscess
lantus,type 1 diabetes mellitus
indinavir,immunodeficiency
metoprolol,bradycardia
levetiracetam,myoclonic epilepsy
amd3100,acute coronary syndrome
cortisone,juvenile idiopathic arthritis
d-penicillamine,copper deficiency
adefovir,renal failure
famotidine,gastrointestinal tract irritation
buspirone,agitation
efavirenz,mental disorder
ciprofloxacin,renal failure
fluvoxamine,foetor hepaticus
fenofibrate,type iv hyperlipidaemia
sertraline,tension
vacv,immunodeficiency
tacrolimus,infection susceptibility increased
captopril,angioedema
prednisone,ulcerative keratitis
dexamethasone,nausea
furosemide,cardiac failure
dorzolamide,open angle glaucoma
dexamethasone,temporal arteritis
duloxetine,depression
ketoconazole,seborrhoeic dermatitis
docetaxel,peripheral sensory neuropathy
halofantrine,infection
beclomethasone,rhinitis perennial
ceftazidime,abdominal infection
phenylbutyric,hyperammonaemia
demeclocycline,brucellosis
mthpc,squamous cell carcinoma
valdecoxib,dysmenorrhoea
tamoxifen,cerebrovascular accident
telmisartan,angina pectoris
niacin,coronary artery disease
sodium,metabolic acidosis
leuprorelin,prostate cancer
nafarelin,precocious puberty
clonazepam,agoraphobia
eptifibatide,angina pectoris
fentanyl,urticaria
alprazolam,flushing
lamotrigine,partial seizures
aripiprazole,mental disorder
chlorpheniramine,rhinitis allergic
gemcitabine,pancreatic carcinoma
acamprosate,alcohol abuse
amiloride,hepatocellular injury
leflunomide,musculoskeletal stiffness
everolimus,neuroendocrine tumour
morphine,procedural pain
mitoxantrone,blast cell crisis
ibandronate,dyspepsia
zaleplon,emotional distress
norfloxacin,cystitis
travoprost,ocular hypertension
lamotrigine,parkinson's disease
ribavirin,lower respiratory tract infection
efavirenz,infection
citalopram,hypersomnia
doxorubicin,ewing's sarcoma
danazol,diabetes mellitus
prednisolone,organising pneumonia
propafenone,renal impairment
bosentan,hypertension
leflunomide,renal impairment
hydrochlorothiazide,premenstrual syndrome
5-asa,proctocolitis
norfloxacin,urethritis gonococcal
fluocinolone,skin disorder
doxycycline,body temperature increased
lasofoxifene,hip fracture
amiodarone,ventricular arrhythmia
naproxen,musculoskeletal disorder
itraconazole,foetor hepaticus
insulin,hypoglycaemia
linagliptin,pancreatitis
pergolide,parkinsonism
hydroxybutyrate,narcolepsy
phenobarbital,cardiac failure
oseltamivir,ill-defined disorder
saquinavir,autoimmune disorder
atropine,cystitis noninfective
estradiol,hypogonadism female
hydroxocobalamin,mental disorder
cortisol,rash
allopurinol,neoplasm
ibuprofen,myalgia
cortisol,brain oedema
rivastigmine,dementia alzheimer's type
venlafaxine,major depression
cortisol,anorectal discomfort
paroxetine,depressive symptom
chlordiazepoxide,drug withdrawal syndrome
imatinib,neutropenia
adefovir,hepatitis b e antigen positive
citalopram,cerebral arteriosclerosis
felodipine,myocardial infarction
mersyndol,glucose-6-phosphate dehydrogenase deficiency
fluoxetine,hyperhidrosis
clomiphene,uterine leiomyoma
lansoprazole,dyspepsia
ipratropium,asthma
cyclophosphamide,renal failure
lansoprazole,erosive oesophagitis
butenafine,body tinea
clobetasone,otitis externa
testosterone,breast cancer
paroxetine,palpitations
nadolol,arrhythmia
doxycycline,cystitis noninfective
regadenoson,hypovolaemia
clonazepam,fear of death
tacrolimus,hypercholesterolaemia
pregabalin,convulsion
citalopram,dementia
oxybutynin,dysuria
progesterone,hormone level abnormal
sertraline,exaggerated startle response
alprazolam,abdominal discomfort
demethyl,aplasia pure red cell
paroxetine,suicidal ideation
5-aza-2'-deoxycytidine,refractory anaemia with an excess of blasts
atorvastatin,nephrotic syndrome
gd-dtpa,metastasis
cortisol,nephrotic syndrome
triamcinolone,hypersensitivity
metoprolol,cardiac disorder
baclofen,clonus
refludan,angina unstable
risperidone,dementia
triamcinolone,seborrhoeic dermatitis
omeprazole,nausea
foscarnet,cytomegalovirus chorioretinitis
lenalidomide,anaemia
verapamil,peripheral vascular disorder
citalopram,obsessive rumination
prazosin,raynaud's phenomenon
posaconazole,oesophageal candidiasis
doxepin,drug interaction
felbamate,epilepsy
sumatriptan,pain
clonazepam,lennox-gastaut syndrome
tacrolimus,transplant rejection
lamivudine,liver disorder
zoledronic,asthma
diclofenac,cataract
verapamil,angina unstable
l-dmp,suicide attempt
bicarbonate,toxicity to various agents
triamcinolone,rhinitis seasonal
paroxetine,menopause
citalopram,orthostatic hypotension
hydrochlorothiazide,hyperkalaemia
everolimus,renal failure
clonazepam,panic disorder
trisequens,multiple fractures
prednisolone,dermatitis exfoliative
famotidine,hyperchlorhydria
cgp,osteosarcoma
dexamethasone,conjunctivitis infective
busulfan,hodgkin's disease
paliperidone,parkinson's disease
clindamycin,sensitisation
amphotericin,nephropathy toxic
pge2,patent ductus arteriosus
cyclophosphamide,nephrotic syndrome
tamoxifen,pancreatic carcinoma
metrodin,ovarian failure
glipizide,glucose-6-phosphate dehydrogenase deficiency
etidronate,musculoskeletal discomfort
triamcinolone,sarcoidosis
eaca,haemophilia
dexamethasone,cutaneous lupus erythematosus
amiodarone,agitation
busulfan,ovarian cancer
clonazepam,depersonalisation
verapamil,tachyarrhythmia
paroxetine,phobia
cetrorelix,ovarian cancer
posaconazole,graft versus host disease
vacv,sexually transmitted disease
k779,hepatic cancer metastatic
isomannide,glaucoma
prednisone,osteoarthritis
etoposide,brain neoplasm
aspirin,bursitis
vacv,transplant rejection
dexamethasone,lymphoma
imatinib,systemic mastocytosis
vilazodone,suicidal ideation
cevimeline,dry mouth
k779,transaminases increased
prednisone,chorioretinitis
fluvoxamine,social phobia
furosemide,renal failure acute
trandolapril,cardiac disorder
leflunomide,graft versus host disease
olanzapine,major depression
sertraline,suicide attempt
liraglutide,renal impairment
fluvastatin,premature menopause
demethyl,gastrointestinal disorder
doxorubicin,autoimmune disorder
bupivacaine,ventricular arrhythmia
methylprednisolone,injury
anastrozole,disease progression
cefuroxime,lyme disease
warfarin,acute coronary syndrome
tacrolimus,sensitisation
citalopram,depressed mood
epinephrine,adams-stokes syndrome
methylprednisolone,drug interaction
busulfan,acute lymphocytic leukaemia
fluoxetine,major depression
sertraline,mania
nifedipine,cardiac failure
bromocriptine,acute coronary syndrome
itraconazole,cystic fibrosis
cyclophosphamide,neuroblastoma
desmopressin,urine output increased
methylphenidate,sudden death
estradiol,artificial menopause
doxorubicin,hodgkin's disease
salicylate,rheumatoid arthritis
naratriptan,migraine
dexamethasone,cyclitis
estradiol,blindness
prednisolone,ulcerative keratitis
capecitabine,breast cancer
reboxetine,dysthymic disorder
venlafaxine,mental disability
5-aza-2'-deoxycytidine,refractory cytopenia with unilineage dysplasia
diclofenac,pain
lisinopril,ventricular arrhythmia
amiloride,toxicity to various agents
captopril,type 1 diabetes mellitus
doxycycline,paronychia
ropinirole,hyperkinesia
ibuprofen,discomfort
prednisolone,thyroiditis
itraconazole,tinea cruris
doxycycline,tonsillitis
fluvastatin,cardiovascular disorder
levonorgestrel,male contraception
alprazolam,post-traumatic stress disorder
irinotecan,hepatic cancer metastatic
prednisolone,dermatitis bullous
methylphenidate,affect lability
leflunomide,tenderness
testosterone,hypogonadism
chlorpromazine,nausea
hydroflumethiazide,oedema
methotrexate,fungal infection
moxifloxacin,pathogen resistance
5-asa,diarrhoea
imatinib,leukaemia
prednisolone,juvenile idiopathic arthritis
ribavirin,hepatitis c
k779,b-cell lymphoma
penicillin,tonsillitis
febuxostat,gout
paroxetine,choking sensation
lovastatin,acute coronary syndrome
ogen,hypogonadism
vacv,herpes simplex
tenofovir,infection
gemfibrozil,hypercholesterolaemia
ibandronate,osteoporosis postmenopausal
ketorolac,musculoskeletal pain
lactulose,coma hepatic
citalopram,renal impairment
repaglinide,neuropathy peripheral
gatifloxacin,dacryocystitis
estradiol,coagulopathy
risperidone,renal impairment
valproate,aggression
sertraline,panic attack
temsirolimus,mantle cell lymphoma
lidocaine,eczema
linaclotide,functional gastrointestinal disorder
lenalidomide,plasmacytoma
nitrazepam,bedridden
doxorubicin,hodgkin's disease lymphocyte predominance type stage unspecified
retinoic,neoplasm skin
meclofenamate,osteoarthritis
norethisterone,uterine cancer
pravastatin,premature menopause
progesterone,hypertension
methylprednisolone,thrombocytopenia
doxycycline,murine typhus
pge2,nausea
alosetron,functional gastrointestinal disorder
prochlorperazine,anxiety
gd-dtpa,ependymoma
tadalafil,diabetes mellitus
scopolamine,amnesia
conjugated,acute coronary syndrome
dexamethasone,sarcoidosis
lorazepam,insomnia
tolcapone,parkinsonism
zafirlukast,asthma
dexamethasone,acute leukaemia
dolasetron,procedural nausea
ropinirole,hypertension
ofloxacin,bacteraemia
diclofenac,post-traumatic pain
dalteparin,angiopathy
ibuprofen,periarthritis
deferoxamine,cardiac disorder
gadodiamide,thrombophlebitis
clopidogrel,myocardial infarction
lamivudine,pathogen resistance
fosphenytoin,epilepsy
salmon,pancreatitis acute
metaiodobenzylguanidine,cardiac failure congestive
clindamycin,endometritis
posaconazole,fusarium infection
citalopram,cerebral thrombosis
belinostat,peripheral t-cell lymphoma unspecified
dopamine,pallor
methotrexate,lung neoplasm malignant
diclofenac,gastrointestinal disorder
sertraline,musculoskeletal discomfort
gabapentin,partial seizures
doxycycline,vaginal infection
alprazolam,exaggerated startle response
metoclopramide,procedural nausea
rasagiline,parkinson's disease
dexamethasone,congenital aplastic anaemia
fluconazole,neoplasm malignant
triamcinolone,skin disorder
retinoic,hyperkeratosis
risperidone,schizoaffective disorder
temozolomide,neoplasm
zolmitriptan,cluster headache
ciclopirox,herpes simplex
cefepime,renal impairment
clindamycin,sinusitis
dalteparin,coronary artery disease
metaproterenol,tremor
ciprofloxacin,drug interaction
zuclopenthixol,delusion
methylprednisolone,necrobiosis lipoidica diabeticorum
refludan,embolism
leuprorelin,prostate cancer metastatic
pazopanib,metastatic neoplasm
ciprofloxacin,anthrax
idarubicin,myocardial infarction
topiramate,migraine
nizatidine,ulcer
doxorubicin,breast cancer stage iv
carvedilol,cardiac failure
cabergoline,pituitary tumour
progesterone,foetor hepaticus
docetaxel,hepatocellular injury
metoprolol,hyperlipidaemia
everolimus,neoplasm
prednisolone,nephrotic syndrome
lisuride,amenorrhoea
bupropion,feeling guilty
dicyclomine,benign prostatic hyperplasia
ifosfamide,cystitis haemorrhagic
levonorgestrel,obesity
gabapentin,renal failure
metronidazole,rosacea
aprepitant,vomiting
dopamine,vascular resistance systemic decreased
glipizide,obesity
sotalol,cardiomegaly
lincomycin,scarlet fever
domperidone,early satiety
indapamide,gravitational oedema
itraconazole,sporotrichosis
minocycline,rocky mountain spotted fever
clonazepam,nausea
alprazolam,aggression
flecainide,ventricular tachycardia
atomoxetine,delirium
pentamidine,kaposi's sarcoma
phenobarbital,agitation
methotrexate,malignant hydatidiform mole
vitamin,coeliac disease
prednisone,diabetes mellitus
ofloxacin,influenza
ephedrine,swelling
clozapine,schizoaffective disorder
medroxyprogesterone,breast cancer
morphine,cancer pain
k779,kaposi's sarcoma aids related
retinoic,acne conglobata
methylprednisolone,mycosis fungoides
cortisone,endophthalmitis
fosinopril,renal impairment
insulin,nausea
metoprolol,acute coronary syndrome
mometasone,dermatitis atopic
nifedipine,coronary artery disease
venlafaxine,agoraphobia
entecavir,infection
gentamicin,eye infection bacterial
clomiphene,haemorrhage
scopolamine,vomiting
minocycline,pneumonia chlamydial
ranitidine,gastric ulcer
alprazolam,pollakiuria
cyclophosphamide,aplastic anaemia
dalteparin,embolism arterial
erythromycin,syphilis
ibandronate,bone cancer metastatic
pramipexole,parkinsonism
prednisolone,non-hodgkin's lymphoma
citalopram,hostility
ivermectin,filariasis lymphatic
eribulin,neuropathy peripheral
paclitaxel,breast cancer stage iv
propranolol,migraine without aura
doxorubicin,breast cancer
prednisone,ophthalmic herpes zoster
ciprofloxacin,tuberculosis
paroxetine,musculoskeletal discomfort
mirtazapine,renal impairment
famotidine,pancytopenia
dexamethasone,iridocyclitis
methylprednisolone,skin disorder
methylprednisolone,pulmonary tuberculosis
prednisone,idiopathic thrombocytopenic purpura
prednisolone,gouty arthritis
cyclophosphamide,ewing's sarcoma
clonazepam,temporal lobe epilepsy
cefotaxime,ototoxicity
salbutamol,emphysema
estradiol,osteopenia
atorvastatin,alcoholism
prednisone,endocrine disorder
salsalate,arthritis
carvedilol,prostatism
carbamazepine,electroencephalogram abnormal
telmisartan,hypotension
azithromycin,liver disorder
cyclobenzaprine,pain
naproxen,rotator cuff syndrome
paroxetine,flatulence
paliperidone,myocardial infarction
demethyl,rheumatic heart disease
leucovorin,colorectal cancer metastatic
venlafaxine,social fear
paroxetine,weight increased
famotidine,erectile dysfunction
progesterone,gastrointestinal pain
clonidine,neuralgia
nitroglycerin,myocardial infarction
tacrolimus,partner stress
naproxen,gouty arthritis
rivastigmine,diarrhoea
cas,renovascular hypertension
prednisone,hypersensitivity
ertapenem,ischaemia
venlafaxine,choking sensation
azithromycin,mycobacterial infection
letrozole,breast cancer stage iv
lisinopril,essential hypertension
pamidronate,hypersensitivity
flunisolide,seasonal allergy
iodixanol,meningioma
iodixanol,haematoma
doxorubicin,non-hodgkin's lymphoma
methenamine,cystitis noninfective
sildenafil,hepatic cirrhosis
mycophenolate,oral toxicity
arsenic,acute promyelocytic leukaemia
moexiprilat,hypertension
quetiapine,tremor
methylprednisolone,multiple sclerosis
cisplatin,breast cancer
metformin,hyperglycaemia
zoledronic,cardiac failure
methotrexate,neoplasm
mycophenolic,kidney transplant rejection
salmeterol,obstructive airways disorder
naratriptan,cluster headache
paroxetine,generalised anxiety disorder
pantoprazole,regurgitation
atropine,sinus bradycardia
dexrazoxane,breast cancer
dexamethasone,pulmonary eosinophilia
cefuroxime,bacterial sepsis
tafluprost,ocular hypertension
vincristine,idiopathic thrombocytopenic purpura
omeprazole,regurgitation
paroxetine,obsessive-compulsive disorder
duloxetine,musculoskeletal pain
ofloxacin,dermatitis infected
metolazone,nephrotic syndrome
isosorbide-5-mononitrate,angina pectoris
buspirone,flushing
dorzolamide,diabetes mellitus
retinoic,developmental delay
fenofibrate,blood triglycerides increased
thiamine,liver disorder
cilazapril,essential hypertension
"1,25(oh)2d3",multiple fractures
midodrine,bradycardia
budesonide,crohn's disease
phentermine,sleep apnoea syndrome
k779,lymphadenopathy
gabapentin,epilepsy
ribavirin,bronchial hyperreactivity
clonazepam,convulsion
febuxostat,hyperuricaemia
dexamethasone,rheumatic disorder
terbinafine,tinea infection
aztreonam,ototoxicity
gatifloxacin,wound infection
fusidic,infection
dihydroergotamine,cerebrovascular accident
levonorgestrel,assisted fertilisation
erythromycin,endophthalmitis
salmon,blood calcium decreased
carvedilol,cardiac failure chronic
clonazepam,palpitations
doxycycline,lymphogranuloma venereum
almotriptan,cluster headache
procarbazine,plasmacytoma
penciclovir,dermatitis
methylprednisolone,hypercalcaemia
amiloride,atrioventricular block complete
clopidogrel,haemorrhage
azathioprine,crohn's disease
dexamethasone,thermal burn
cyproterone,neoplasm malignant
5-azacytidine,thrombocytopenia
exenatide,pancreatitis acute
triamcinolone,injury
methotrexate,squamous cell carcinoma
foscarnet,infection
5-fu,skin cancer
docetaxel,squamous cell carcinoma
lisinopril,left ventricular dysfunction
sulindac,mixed connective tissue disease
cortisol,leukaemia
triamcinolone,colitis ulcerative
cortisol,inflammatory bowel disease
loxapine,tension
risperidone,pressure of speech
hydroxyurea,hepatic function abnormal
naproxen,headache
ciprofloxacin,conjunctivitis infective
apixaban,diabetes mellitus
pregabalin,fibromyalgia
atenolol,chest pain
exemestane,lymphopenia
zuclopenthixol,bipolar i disorder
fluoxetine,dyspnoea
novolog,type 2 diabetes mellitus
ciprofloxacin,cystitis noninfective
k779,kaposi's sarcoma
valsartan,acute myocardial infarction
implanon,nulliparous
venlafaxine,chest pain
rivastigmine,nausea
progesterone,uterine cancer
propafenone,supraventricular extrasystoles
sumatriptan,migraine
cytarabine,chronic myeloid leukaemia
idarubicin,acute lymphocytic leukaemia
sertraline,dysphoria
cortisol,pruritus
sitagliptin,type 2 diabetes mellitus
oxcarbazepine,convulsion
olodaterol,bronchitis chronic
d-penicillamine,hepatic function abnormal
pravastatin,hypothyroidism
dasatinib,pleural effusion
baclofen,cerebrovascular disorder
amphetamine,attention deficit/hyperactivity disorder
gliclazide,ketosis
minocycline,bacterial rhinitis
pantoprazole,erosive oesophagitis
sibutramine,agitation
trazodone,mental disability
duloxetine,neuralgia
sodium,hyponatraemia
doxepin,bipolar disorder
goserelin,metrorrhagia
maprotiline,depression
telmisartan,diabetes mellitus
isosorbide,angina unstable
cetirizine,nasal congestion
d-penicillamine,dermatitis
flecainide,atrial fibrillation
tobramycin,central nervous system infection
nifedipine,renal impairment
erythromycin,pertussis
testosterone,asthenia
levetiracetam,epilepsy
oxaliplatin,shock
aztreonam,abscess
amphotericin,vulvovaginal mycotic infection
acetaminophen,musculoskeletal discomfort
sibutramine,weight decreased
5-aminolevulinic,porphyria non-acute
bupivacaine,convulsion
duloxetine,osteoarthritis
topiramate,mental disability
paroxetine,headache
clindamycin,acne
nicotine,urticaria
cyclophosphamide,brain neoplasm malignant
diclofenac,respiratory depression
memantine,dementia alzheimer's type
doxycycline,bacterial infection
fluoxetine,renal failure
gemifloxacin,infection
captopril,hypertension
mometasone,skin disorder
lasofoxifene,menopausal symptoms
minocycline,body temperature increased
metoprolol,hypertensive crisis
citalopram,subarachnoid haemorrhage
voriconazole,infection
dutasteride,benign prostatic hyperplasia
dexamethasone,psoriatic arthropathy
podophyllotoxin,bowenoid papulosis
mefenamic,body temperature increased
gemfibrozil,gastrointestinal pain
methylprednisolone,trichiniasis
lidocaine,post gastric surgery syndrome
octreotide,neuroendocrine tumour
niacin,pancreatitis
ketoconazole,chromoblastomycosis
ciprofloxacin,paratyphoid fever
diclofenac,liver disorder
prednisolone,multiple sclerosis
pindolol,hypertension
progesterone,myocardial infarction
valproate,depressed mood
aspirin,phonophobia
rizatriptan,aura
ogen,oedema
famotidine,bradycardia
naproxen,ankylosing spondylitis
oxaliplatin,lymphoma
mirtazapine,liver disorder
desmopressin,muscle haemorrhage
triamterene,oedema
indomethacin,arthritis
prednisolone,purpura
vinorelbine,non-small cell lung cancer stage iii
irbesartan,angina pectoris
thiazide,hypertension
citalopram,depersonalisation
ciprofloxacin,acute sinusitis
imiquimod,seborrhoeic keratosis
cortisol,seasonal allergy
choline,gout
amphotericin,autoimmune disorder
demethyl,drug hypersensitivity
erythromycin,lower respiratory tract infection
venlafaxine,decreased interest
azithromycin,chancroid
gemcitabine,neoplasm malignant
methylprednisolone,berylliosis
ceftazidime,wound
febuxostat,gouty arthritis
azathioprine,colitis ulcerative
hydrochlorothiazide,nephrotic syndrome
melphalan,body temperature increased
hydromorphone,pain
metolazone,polyuria
norfloxacin,bladder pain
azithromycin,blood culture negative
ezetimibe,renal failure chronic
ketoconazole,tinea pedis
trans,deep vein thrombosis
prostacyclin,pulmonary arterial hypertension
domperidone,gastrointestinal disorder
bupropion,disturbance in attention
nafarelin,uterine enlargement
trandolaprilat,renal impairment
leflunomide,drug interaction
nabilone,alcohol abuse
diltiazem,hypotension
atropine,bladder pain
doxycycline,rosacea
moxifloxacin,endometritis
tobramycin,soft tissue infection
thalidomide,malignant melanoma
penicillin,meningitis meningococcal
ramipril,renal artery stenosis
ofloxacin,cystitis noninfective
tiotropium,dysuria
promethazine,nausea
prednisone,autoimmune haemolytic anaemia
cisplatin,sarcoma
clomipramine,panic attack
citalopram,hepatic function abnormal
meperidine,renal failure
dexamethasone,proteinuria
losartan,essential hypertension
testosterone,menopause
fluoxetine,flatulence
ondansetron,procedural nausea
fentanyl,headache
citalopram,vision blurred
midodrine,blood pressure systolic increased
risedronate,bone density decreased
itraconazole,septic arthritis streptobacillus
fluvastatin,coronary artery disease
dexamethasone,optic neuritis
sertraline,premenstrual dysphoric disorder
estradiol,headache
som230,pituitary-dependent cushing's syndrome
methylprednisolone,polymyositis
mometasone,asthma
cortisol,dermatomyositis
phenobarbital,cerebral haemorrhage
diltiazem,hepatic function abnormal
cytarabine,type iv hypersensitivity reaction
doxorubicin,neuroblastoma
ertapenem,bacteraemia
paclitaxel,lung neoplasm malignant
lovastatin,angina pectoris
terbinafine,infection
zoledronic,osteitis deformans
testosterone,azoospermia
cefuroxime,osteomyelitis
prednisolone,protein urine present
cyproterone,hot flush
trifluoperazine,schizophrenia
etoposide,hodgkin's disease
nortriptyline,nicotine dependence
5-azacytidine,refractory cytopenia with unilineage dysplasia
dexamethasone,seasonal allergy
topiramate,bipolar disorder
demethyl,hypercalcaemia
diazoxide,malignant hypertension
deprenyl,major depression
fluvoxamine,phobia
cortisol,eczema
ofloxacin,acute sinusitis
ibuprofen,juvenile idiopathic arthritis
l-dmp,obsessive thoughts
quetiapine,hyperglycaemia
procarbazine,hodgkin's disease lymphocyte depletion type stage unspecified
demethyl,haemolytic anaemia
furosemide,nephritis
dexamethasone,juvenile idiopathic arthritis
enfuvirtide,pneumonia
cefoxitin,endocarditis
carnitine,hypoglycaemia
morphine,myocardial infarction
ibuprofen,muscle spasms
demeclocycline,body temperature increased
betaxolol,open angle glaucoma
triamcinolone,asthma
amlodipine,chronic obstructive pulmonary disease
atropine,parkinsonism
fluoxetine,renal impairment
cortisol,rhinitis perennial
cortisol,bursitis
sildenafil,hypertension
k779,leukaemia
midazolam,epilepsy
fluoxetine,fatigue
acyclovir,pregnancy
tiagabine,convulsion
cyclophosphamide,plasmacytoma
metronidazole,genital infection female
colesevelam,diabetes mellitus
triamcinolone,gastrointestinal disorder
flecainide,wolff-parkinson-white syndrome
lansoprazole,gastrooesophageal reflux disease
metoclopramide,post procedural diarrhoea
histrelin,precocious puberty
aripiprazole,autism
diclofenac,biliary colic
moxifloxacin,salpingitis
mitoxantrone,breast cancer
quetiapine,bipolar disorder
cisplatin,choriocarcinoma
alprazolam,loss of consciousness
imatinib,renal failure
pravastatin,angina pectoris
irinotecan,lung neoplasm malignant
fosinopril,proteinuria
venlafaxine,menopausal symptoms
moxifloxacin,conjunctivitis bacterial
citalopram,cerebrovascular disorder
oseltamivir,headache
ogen,headache
ketorolac,ulcer
doxorubicin,endometrial cancer
valsartan,nephropathy
alendronate,multiple fractures
ciclesonide,rhinitis seasonal
clopidogrel,atrial fibrillation
dextran,gastrointestinal haemorrhage
dexamethasone,oedema
acitretin,lymphoma
demethyl,anaemia
voriconazole,hypokalaemia
eslicarbazepine,infection
nandrolone,renal failure chronic
citalopram,fasting
benzathine,seasonal allergy
acitretin,keratosis follicular
famciclovir,herpes zoster
fentanyl,analgesic therapy
foscarnet,immunodeficiency
azithromycin,hepatic function abnormal
prednisone,nervous system disorder
triamcinolone,endocrine disorder
raloxifene,hip fracture
ciprofloxacin,bacteraemia
lidocaine,vulvovaginal pruritus
capecitabine,neoplasm malignant
levonorgestrel,breast feeding
phenobarbital,insomnia
fentanyl,drug dependence
doxycycline,acne
nadolol,hypotension
oxaliplatin,colon cancer stage iii
emtricitabine,renal impairment
dexamethasone,non-hodgkin's lymphoma
conjugated,genital haemorrhage
paroxetine,mood swings
fentanyl,respiratory failure
deferiprone,thalassaemia beta
octreotide,paraesthesia
diclofenac,injury
sertraline,anger
ropinirole,agitation
sertraline,myalgia
temozolomide,glioblastoma multiforme
prednisone,connective tissue disorder
photofrin,neoplasm
doxepin,depression
atomoxetine,attention deficit/hyperactivity disorder
imiquimod,hyperkeratosis
leuprorelin,precocious puberty
vinorelbine,cervix carcinoma
meropenem,convulsion
pemetrexed,pleural mesothelioma malignant
losartan,cough
methylprednisolone,alopecia areata
fluoxetine,anger
ly146032,pneumonia
gentamicin,keratitis
baclofen,muscle spasms
methotrexate,drug interaction
fluoxetine,compulsions
lutalyse,abortion missed
dacarbazine,malignant neoplasm of islets of langerhans
moexiprilat,nephropathy
mitoxantrone,hepatic function abnormal
haloperidol,affect lability
morphine,renal colic
ketorolac,hypersensitivity
cosyntropin,addison's disease
bupropion,agitation
progesterone,hepatocellular injury
nifedipine,diabetic nephropathy
midazolam,memory impairment
fosinopril,renal failure
oxycodone,cancer pain
doxorubicin,squamous cell carcinoma
fluoxetine,malaise
v,transplant rejection
ofloxacin,infection
propranolol,diabetic nephropathy
paroxetine,dysphoria
losartan,type 2 diabetes mellitus
iloperidone,schizophrenia
topiramate,grand mal convulsion
duloxetine,suicide attempt
risperidone,nephropathy
venlafaxine,phobia
diclofenac,hepatic function abnormal
mirtazapine,asthenia
conjugated,hyperhidrosis
amoxicillin,renal failure
5-azacytidine,acute leukaemia
irbesartan,essential hypertension
varenicline,chronic obstructive pulmonary disease
desmopressin,nocturia
tamsulosin,lower urinary tract symptoms
clomipramine,affective disorder
demethyl,loeffler's syndrome
bisoprolol,hypertension
bromocriptine,nausea
l-dmp,agoraphobia
estradiol,metastatic neoplasm
etodolac,diabetes mellitus
ribavirin,cor pulmonale
cortisol,hypoplastic anaemia
methotrexate,burkitt's lymphoma
buspirone,tension
mirtazapine,suicidal ideation
fluoxetine,emotional distress
roflumilast,chronic obstructive pulmonary disease
captopril,left ventricular dysfunction
cetirizine,urticaria chronic
5-fu,seborrhoeic keratosis
etidronate,bone disorder
8-mop,photosensitivity reaction
fosinopril,cardiac failure
lidocaine,myocardial infarction
moxifloxacin,diabetic foot infection
oestrogen,ovarian failure
paroxetine,dyskinesia
cortisol,pulmonary eosinophilia
diazepam,agitation
liraglutide,pancreatitis necrotising
sertraline,tremor
acyclovir,congenital herpes simplex infection
cortisol,trichiniasis
clomiphene,endometriosis
citalopram,suicidal behaviour
methylprednisolone,sarcoidosis
methylprednisolone,conjunctivitis allergic
posaconazole,palpitations
salbutamol,reversible airways obstruction
prochlorperazine,vomiting
5-fluorocytosine,infection
pindolol,tachycardia paroxysmal
fluphenazine,coma
metronidazole,papule
duloxetine,hypersomnia
diazepam,sleep terror
prednisolone,punctate keratitis
lidocaine,bladder pain
atorvastatin,cardiovascular disorder
cortisol,adrenal insufficiency
itraconazole,onychomycosis
rabeprazole,dyspepsia
ibuprofen,oropharyngeal discomfort
isosorbide-5-mononitrate,acute coronary syndrome
sorafenib,atrial fibrillation
medroxyprogesterone,unintended pregnancy
vinorelbine,cardiovascular disorder
penicillin,endocarditis
sulfadiazine,malaria
ropinirole,immobile
quetiapine,neutropenia
cephalexin,respiratory tract infection
nitrazepam,sleep disorder
methadone,pain
atenolol,angina pectoris
gemcitabine,mesothelioma
tacrolimus,hypertension
acetaminophen,oropharyngeal pain
humalog,blood glucose normal
amlodipine,hypertension
cortisol,pulmonary tuberculosis
morphine,colitis ulcerative
ketorolac,haemoglobin
felbamate,partial seizures
prednisone,bursitis
lovastatin,arteriosclerosis
lovastatin,hypertension
methylphenidate,hyperkinesia
hydrocortisone,eczema
rabeprazole,infection
olanzapine,bipolar disorder
ciprofloxacin,cystitis
iodixanol,pinealoma
zoledronic,osteoporosis postmenopausal
dexamethasone,arteritis
warfarin,cardiac failure congestive
cortisol,herpes zoster
atenolol,hypotension
trovafloxacin,infection
triamcinolone,alopecia areata
ketorolac,renal failure
aztreonam,nephropathy toxic
cimetidine,systemic mastocytosis
moxifloxacin,overgrowth bacterial
cerivastatin,diabetes mellitus
prednisone,epicondylitis
efavirenz,hepatocellular injury
norfloxacin,staphylococcal infection
progesterone,oropharyngeal discomfort
demethyl,tuberculosis
cosyntropin,proctocolitis
minoxidil,fluid retention
meropenem,renal failure
olanzapine,bipolar i disorder
prednisone,haemolytic anaemia
bicarbonate,lactic acidosis
amiloride,polyuria
atorvastatin,weight decreased
vincristine,osteosarcoma
olanzapine,schizoaffective disorder
azelastine,vasomotor rhinitis
paroxetine,dyspnoea
clomipramine,parkinson's disease
zidovudine/lamivudine,pancreatitis
fluvoxamine,depression
methylprednisolone,serum sickness
prednisone,hypercalcaemia
gatifloxacin,cystitis
silver,burns third degree
rofecoxib,migraine
metronidazole,bacteraemia
amphotericin,meningitis cryptococcal
5-asa,inflammatory bowel disease
sodium,gastrointestinal pain
pantoprazole,peptic ulcer
ge-132,neoplasm
cetirizine,nasopharyngitis
irbesartan,renal vessel disorder
ifosfamide,cervix carcinoma
paroxetine,insomnia
metronidazole,abscess
methylprednisolone,neoplasm
buprenorphine,therapy naive
propranolol,supraventricular tachycardia
sotalol,arrhythmia
everolimus,cerebrosclerosis
ofloxacin,pyelonephritis acute
amlodipine,angina pectoris
atropine,seasonal allergy
fenofibrate,hypertriglyceridaemia
paroxetine,derealisation
propantheline,peptic ulcer
alprazolam,palpitations
l-dmp,asthenia
lanreotide,hypersensitivity
meropenem,bacteraemia
epinephrine,cardiac arrest
deferoxamine,hepatic fibrosis
levosimendan,cardiac failure chronic
pomalidomide,plasmacytoma
isopropyl,open angle glaucoma
riluzole,amyotrophic lateral sclerosis
nifedipine,tension
acyclovir,varicella
a77,hyperlipidaemia
sodium,thermal burn
imiquimod,basal cell carcinoma
cyclobenzaprine,cerebral palsy
dorzolamide,hepatocellular injury
prednisone,alkalosis hypokalaemic
prilocaine,convulsion
bleomycin,renal impairment
letrozole,renal impairment
diclofenac,effusion
isoproterenol,atrioventricular block
citalopram,akathisia
lamotrigine,bipolar disorder
losartan,dilatation ventricular
oestrogen,uterine haemorrhage
prednisone,acute leukaemia
nitrogen,polycythaemia vera
risperidone,renal failure
ciprofloxacin,bladder pain
fluoxetine,obsessive-compulsive disorder
venlafaxine,abdominal discomfort
sertraline,menopausal symptoms
vandetanib,medullary thyroid cancer
fluticasone,rhinitis allergic
hydroxyzine,neurosis
cefprozil,influenza
lovastatin,hypothyroidism
moxifloxacin,infection
dexamethasone,nephropathy
ribavirin,hepatocellular injury
nefazodone,depressed mood
sodium,vulvovaginal candidiasis
cetirizine,lacrimation increased
carboplatin,leukaemia
famotidine,oral herpes
mefenamic,menorrhagia
raltegravir,mental disorder
doxorubicin,immunodeficiency
pioglitazone,carcinogenicity
chlorpromazine,hiccups
prednisone,pulmonary eosinophilia
conjugated,blood oestrogen decreased
omeprazole,abdominal pain upper
hydroxocobalamin,anaemia
etoposide,testicular neoplasm
udca,liver disorder
bezafibrate,combined hyperlipidaemia
valproate,hostility
paroxetine,partner stress
amphetamine,decreased appetite
paroxetine,chills
niacin,gout
balsalazide,proctocolitis
etoricoxib,gouty arthritis
triamcinolone,stevens-johnson syndrome
risedronate,osteoporosis
phenobarbital,haemoglobin
duloxetine,dysthymic disorder
ramipril,proteinuria
liraglutide,diabetic ketoacidosis
budesonide,rhinitis
dexamethasone,alopecia areata
ciprofloxacin,blepharitis
k779,hepatocellular injury
l-dmp,bradyphrenia
cyclophosphamide,hodgkin's disease
cyclophosphamide,sarcoma
bupivacaine,hepatocellular injury
hydroxocobalamin,crohn's disease
azathioprine,hepatitis chronic active
sertraline,fear
benicar-hct,hypertension
captopril,cardiac failure congestive
pimozide,tourette's disorder
capecitabine,colorectal cancer metastatic
ogen,weight increased
asenapine,schizophrenia
octreotide,acromegaly
doxycycline,sinusitis
venlafaxine,fatigue
epinephrine,angina pectoris
fluoxetine,weight increased
itraconazole,hepatocellular injury
progesterone,abdominal pain
fluvoxamine,renal failure
carvedilol,angina pectoris
sildenafil,spinal cord injury
ceftriaxone,pneumonia
tapentadol,neuralgia
pravastatin,disease progression
budesonide,asthma
azithromycin,bacteraemia
amphotericin,vulvovaginal candidiasis
vinorelbine,inappropriate antidiuretic hormone secretion
amphetamine,psychotic disorder
furosemide,nephritic syndrome
dextran,shock
diclofenac,pulmonary function test decreased
ofloxacin,tendon rupture
benazepril,renal artery stenosis
trifluoperazine,hallucination
tamoxifen,deep vein thrombosis
bupropion,bradyphrenia
lamotrigine,renal impairment
metoprolol,obstructive airways disorder
clonazepam,grand mal convulsion
naproxen,tendonitis
ifosfamide,menorrhagia
deferasirox,thalassaemia
ciprofloxacin,pyelonephritis
methylprednisolone,cutaneous lupus erythematosus
lisinopril,renovascular hypertension
oxybutynin,skin sensitisation
fosinopril,pregnancy
morphine,sedation
fondaparinux,cardiac failure
ofloxacin,otitis externa
busulfan,disease recurrence
sodium,mental disorder
sildenafil,hypotonia
pentosan,cystitis interstitial
paroxetine,haemorrhagic disorder
pantoprazole,odynophagia
varenicline,cardiovascular disorder
indomethacin,osteoarthritis
sertraline,bradyphrenia
progesterone,diplopia
cyclophosphamide,diffuse large b-cell lymphoma
ibuprofen,oropharyngeal pain
oxcarbazepine,epilepsy
dihydroergotamine,feeling cold
darifenacin,nocturia
l-dmp,menopausal symptoms
ofloxacin,pyoderma
pamidronate,hypovolaemia
doxorubicin,acute myeloid leukaemia
verapamil,asthma
cortisone,rhinitis perennial
westcort,dermatitis atopic
l-dmp,hyperhidrosis
tamoxifen,neoplasm
methylprednisolone,anaemia
epinephrine,seasonal allergy
epinephrine,arthropod sting
atorvastatin,dyslipidaemia
cyclophosphamide,plasma cell myeloma
tigecycline,diabetes mellitus
pindolol,supraventricular extrasystoles
tobramycin,tracheobronchitis
carbamazepine,facial pain
clindamycin,empyema
doxycycline,staphylococcal infection
cortisol,drug hypersensitivity
progesterone,affect lability
betaxolol,glaucoma
methylprednisolone,juvenile idiopathic arthritis
estradiol,dyspareunia
ramipril,microalbuminuria
clemastine,lacrimation increased
mersyndol,headache
ciprofloxacin,soft tissue infection
metronidazole,tubo-ovarian abscess
bosutinib,cardiovascular disorder
metoprolol,renal failure chronic
carbamazepine,grand mal convulsion
amcinonide,psoriasis
posaconazole,acute myeloid leukaemia
clindamycin,furuncle
cefaclor,bacterial infection
atropine,mydriasis
imiquimod,immunodeficiency
clozapine,myocarditis
ciprofloxacin,dysentery
medroxyprogesterone,uterine cancer
albendazole,cyst
azelaic,rash pustular
bexarotene,mycosis fungoides
prochlorperazine,schizophrenia
l-dmp,nausea
ciprofloxacin,pneumonia
vincristine,mycosis fungoides
tazarotene,skin wrinkling
flutamide,metastatic neoplasm
pamidronate,plasmacytoma
gd-dtpa,schwannoma
carbamazepine,atonic seizures
cefaclor,sinusitis bacterial
vincristine,lymphoma
alprazolam,tension
tobramycin,cystitis noninfective
cephem,infection
irbesartan,foetor hepaticus
cortisol,secondary adrenocortical insufficiency
carvedilol,renal vessel disorder
nifedipine,transient ischaemic attack
anthracycline,kaposi's sarcoma
atropine,paralysis
prednisone,polymyositis
vincristine,cervix carcinoma
ofloxacin,tendonitis
tinidazole,infection
propericiazine,anxiety
vinblastine,neoplasm malignant
prednisolone,hypersensitivity
ibuprofen,ulcer
octreotide,carcinoid tumour
trimethoprim-sulfamethoxazole,urinary tract infection
everolimus,renal impairment
rivastigmine,parkinson's disease
doxorubicin,cardiotoxicity
ponatinib,diabetes mellitus
chlorpromazine,schizophrenia
meloxicam,cerebrovascular accident
doxorubicin,metastasis
sertraline,affect lability
trifluoperazine,senile psychosis
methotrexate,lymphocytic leukaemia
adefovir,hepatitis b
sertraline,hot flush
iodixanol,pituitary tumour benign
dantrolene,muscle rigidity
phenobarbital,haemorrhage
prednisolone,synovitis
ketoprofen,dysmenorrhoea
docetaxel,prostate cancer
reserpine,schizophrenia
azithromycin,pharyngitis
droperidol,bipolar i disorder
mometasone,skin exfoliation
doxycycline,meningitis
azithromycin,lower respiratory tract infection
paclitaxel,syncope
medroxyprogesterone,cardiac disorder
topiramate,partial seizures
ixabepilone,neoplasm malignant
sertraline,asthenia
dexamethasone,injury
losartan,proteinuria
famotidine,grand mal convulsion
lisinopril,cardiac failure high output
flecainide,supraventricular tachycardia
tranylcypromine,sexual dysfunction
cortisone,hypersensitivity
alprazolam,phobia
medroxyprogesterone,tenderness
allopurinol,hyperuricaemia
medroxyprogesterone,angiopathy
sumatriptan,hypertension
sulfasalazine,haemorrhage
progesterone,confusional state
lasofoxifene,fracture
vacv,genital herpes
bosentan,pulmonary arterial hypertension
esmolol,tachycardia
metronidazole,sexually transmitted disease
methylprednisolone,pemphigus
testosterone,orchitis
carbamazepine,polydipsia
diazepam,body temperature increased
amiloride,blood sodium increased
acetazolamide,angle closure glaucoma
morphine,injury
fusidic,eye infection bacterial
ofloxacin,prostatitis
tiopronin,cystine urine
famotidine,ulcer
diclofenac,salpingo-oophoritis
fluticasone,dermatitis atopic
cisplatin,testicular neoplasm
methylprednisolone,meningitis
triamcinolone,dermatitis bullous
prednisone,demyelinating polyneuropathy
fluticasone,discomfort
stalevo,parkinson's disease
mirtazapine,disturbance in attention
acitretin,psoriasis
aripiprazole,jaundice
triptorelin,urinary tract obstruction
desmopressin,von willebrand's disease
cas,myocardial infarction
ibuprofen,dysmenorrhoea
prochlorperazine,nausea
celecoxib,inflammation
medroxyprogesterone,oestrogenic effect
dexamethasone,cushing's syndrome
modafinil,cataplexy
minocycline,folliculitis
medroxyprogesterone,thrombophlebitis
valproate,pregnancy
v,rheumatoid arthritis
nevirapine,acquired immunodeficiency syndrome
clobetasol,eczema
adenosine,wolff-parkinson-white syndrome
docetaxel,prostate cancer metastatic
irbesartan,rebound effect
dihydroergotamine,prinzmetal angina
fp-cit,multiple system atrophy
norethisterone,unintended pregnancy
morphine,cardiac disorder
bortezomib,neuropathy peripheral
citalopram,agitation
paroxetine,post-traumatic stress disorder
oxaliplatin,dehydration
tramadol,procedural pain
demethyl,ankylosing spondylitis
nitroglycerin,cardiac failure congestive
indapamide,anuria
cyclophosphamide,acute myeloid leukaemia
loratadine,hypersensitivity
famotidine,diarrhoea
disopyramide,acute coronary syndrome
fluphenazine,cerebral arteriosclerosis
paclitaxel,acute leukaemia
rabeprazole,gastrooesophageal reflux disease
nicotine,endocrine disorder
metoprolol,palpitations
dexamethasone,solar dermatitis
amiodarone,asthma
methylprednisolone,idiopathic thrombocytopenic purpura
fluoxetine,hepatocellular injury
mycophenolate,cytomegalovirus viraemia
penicillin,anthrax
dexamethasone,acute respiratory distress syndrome
epinephrine,bronchospasm
ecallantide,hereditary angioedema
penicillin,pasteurella infection
doxorubicin,bladder transitional cell carcinoma metastatic
ganciclovir,autoimmune disorder
carbamazepine,bipolar disorder
demethyl,iritis
imiquimod,viral infection
nifedipine,hypertension
lovastatin,blood triglycerides normal
dexamethasone,neoplasm malignant
moxifloxacin,respiratory tract infection
atropine,cholinergic syndrome
clopidogrel,infarction
dabrafenib,malignant melanoma
nicotine,peripheral vascular disorder
atropine,poisoning
sertraline,sexual dysfunction
ketoprofen,ligament sprain
prednisolone,dermatitis atopic
lovastatin,type iia hyperlipidaemia
indomethacin,musculoskeletal disorder
paroxetine,agoraphobia
leuprorelin,pituitary tumour benign
demethyl,optic neuritis
ciclopirox,body tinea
dexamethasone,adrenal insufficiency
chlorambucil,hodgkin's disease
salmon,osteopenia
ceftazidime,cellulitis
conjugated,hot flush
doxorubicin,non-small cell lung cancer
cosyntropin,rheumatic disorder
insulin,shock
dexamethasone,systemic lupus erythematosus
doxepin,cardiac failure congestive
l-dmp,panic disorder
amiodarone,wolff-parkinson-white syndrome
methylprednisolone,arthritis
triamcinolone,brain oedema
bezafibrate,infarction
lenalidomide,mantle cell lymphoma
desmopressin,diabetes insipidus
topiramate,liver disorder
l-dmp,sexual dysfunction
linezolid,osteomyelitis
atropine,acute myocardial infarction
baclofen,muscle rigidity
haloperidol,schizophrenia
metrodin,anovulatory cycle
tacrolimus,dermatitis atopic
conjugated,lichen sclerosus
ceftazidime,cystic fibrosis
valproate,hyperammonaemic encephalopathy
vigabatrin,convulsion
gabapentin,diabetic neuropathy
lamivudine,infection
ketorolac,renal impairment
lamotrigine,grand mal convulsion
ramiprilat,angina pectoris
insulin,abdominal pain upper
sertraline,anxiety
sertraline,obsessive-compulsive disorder
k779,hepatitis
su5416,haemoglobin
leuprorelin,breast cancer
amsacrine,leukaemia
8-mop,myocardial ischaemia
cisplatin,squamous cell carcinoma
fluoxetine,breast tenderness
cortisol,adrenocortical insufficiency acute
pravastatin,hyperlipidaemia
fluvoxamine,major depression
k779,hairy cell leukaemia
clomipramine,senile dementia
alprazolam,hyperkinesia
triamcinolone,epicondylitis
bupivacaine,vasodilation procedure
irbesartan,renal failure
sertraline,fatigue
pindolol,arrhythmia
temozolomide,neoplasm malignant
topiramate,renal impairment
k779,splenomegaly
eslicarbazepine,corynebacterium infection
implanon,unintended pregnancy
estradiol,breast feeding
amphotericin,acquired immunodeficiency syndrome
glibenclamide,ketosis
ibuprofen,bursitis
vincristine,small cell lung cancer
pindolol,supraventricular tachycardia
photofrin,oesophageal obstruction
piroxicam,ligament sprain
thalidomide,plasmacytoma
tapentadol,back pain
dexamethasone,osteoarthritis
minocycline,chancroid
clomiphene,infertility male
benzathine,rheumatic heart disease
itraconazole,tinea pedis
perampanel,epilepsy
phenytoin,drug interaction
pemetrexed,non-small cell lung cancer
timolol,glaucoma
progesterone,breast tenderness
demethyl,pulmonary eosinophilia
hydroxocobalamin,diphyllobothriasis
varenicline,schizoaffective disorder
chlorpropamide,type 2 diabetes mellitus
pamidronate,plasma cell myeloma
norfloxacin,gastrointestinal infection
acetaminophen,myalgia
brimonidine,erythema
doxycycline,pharyngitis
nelarabine,acute lymphocytic leukaemia
doxycycline,typhus
deferasirox,blood creatinine increased
gemcitabine,alcoholism
sildenafil,heart disease congenital
triamcinolone,colitis
fluvoxamine,hepatocellular injury
estradiol,osteoporotic fracture
benazeprilat,renal artery stenosis
diclofenac,procedural pain
paricalcitol,renal impairment
cerivastatin,high density lipoprotein decreased
flurbiprofen,inflammation
clodronate,hypercalcaemia of malignancy
cladribine,hairy cell leukaemia
ibuprofen,procedural pain
foscarnet,acquired immunodeficiency syndrome
iotrolan,renal failure
fluvoxamine,dysthymic disorder
lamivudine,pancreatitis
atropine,cycloplegia
clonidine,essential hypertension
paroxetine,depersonalisation
almotriptan,migraine
glucose,hyponatraemia
topiramate,epilepsy
busulfan,non-hodgkin's lymphoma
bupropion,convulsion
mitomycin,neoplasm malignant
udca,fibrocystic breast disease
loratadine,eye pruritus
thymidine,infection
fluoxetine,feeling guilty
nitrofurantoin,cystitis noninfective
tacrolimus,liver transplant rejection
prednisolone,oedema
5-aminolevulinic,actinic keratosis
diclofenac,rheumatoid arthritis
minocycline,pyoderma
doxycycline,upper respiratory tract infection
cortisone,endocrine disorder
doxycycline,cervicitis
hydroxychloroquine,plasmodium malariae infection
cimetidine,gastric ulcer
sildenafil,diabetes mellitus
fentanyl,breakthrough pain
ganciclovir,retinitis
deferoxamine,aluminium overload
nabilone,vomiting
fluoxetine,disturbance in attention
everolimus,insulinoma
desloratadine,rhinitis perennial
atorvastatin,alcohol abuse
simvastatin,hypertension
iodixanol,arterial occlusive disease
flurbiprofen,leukocytosis
dexamethasone,inflammation
verteporfin,pathologic myopia
metolazone,liver disorder
sulindac,pain
demethyl,psoriatic arthropathy
naltrexone,drug dependence
ramiprilat,renal impairment
cortisone,proctocolitis
mirtazapine,insomnia
topiramate,foetor hepaticus
fentanyl,major depression
paroxetine,depressed mood
dexrazoxane,extravasation
lurasidone,schizophrenia
triamcinolone,non-hodgkin's lymphoma
allopurinol,nephrolithiasis
pep005,hyperkeratosis
ceftazidime,bacteraemia
fluticasone,nasopharyngitis
naproxen,osteoarthritis
paroxetine,anger
fluvastatin,carotid artery disease
ziprasidone,bipolar i disorder
lovastatin,hypercholesterolaemia
bupivacaine,agitation
fenofibrate,coronary artery disease
capecitabine,colorectal cancer
alprazolam,choking sensation
prednisone,polyarteritis nodosa
cefaclor,rheumatic disorder
scopolamine,nausea
clarithromycin,otitis media
epinephrine,convulsion
fluorescein,injury corneal
chlorpromazine,hyperkinesia
meropenem,meningitis
methylprednisolone,acute leukaemia
meloxicam,arthritis
memantine,mental disorder due to a general medical condition
fluoxetine,obsessive rumination
dabrafenib,pneumonia
citalopram,dementia alzheimer's type
tacrolimus,hepatitis c virus test positive
epinephrine,angioedema
methylprednisolone,granuloma annulare
lurasidone,bipolar disorder
clomiphene,ovarian failure
azithromycin,genital ulceration
cefepime,neutropenia
morphine,somnolence
chlorambucil,hodgkin's disease lymphocyte predominance type stage unspecified
mirtazapine,dysphoria
sunitinib,hypothyroidism
modafinil,sleep apnoea syndrome
monomycin,gonorrhoea
mersyndol,tension headache
alfentanil,miosis
fluvoxamine,performance fear
leuprorelin,haematuria
gentamicin,skin disorder
oxycodone,procedural pain
nefazodone,drug abuse
venlafaxine,sleep disorder
hydroxocobalamin,hyperventilation
alprazolam,hypoaesthesia
clomipramine,personality disorder
tenoxicam,periarthritis
celecoxib,intestinal polyp
prostacyclin,connective tissue disorder
busulfan,hodgkin's disease lymphocyte predominance type stage unspecified
alprazolam,sensory loss
pamidronate,urine output
chlorpheniramine,skin disorder
tenoxicam,gout
methylprednisolone,gastrointestinal disorder
ipratropium,emphysema
bosentan,pulmonary hypertension
ketorolac,pain
trazodone,dysphoria
metoclopramide,gastric atony
olanzapine,dementia
venlafaxine,asthenia
clarithromycin,pneumonia mycoplasmal
v,glomerulonephritis minimal lesion
diphenhydramine,urticaria
sertraline,mental disability
rescinnamine,erythema
prednisolone,polymyositis
anastrozole,angioedema
salmon,neoplasm malignant
morphine,acute pulmonary oedema
chlorhexidine,gingivitis ulcerative
fluvastatin,alcoholism
progesterone,pulmonary embolism
paclitaxel,urticaria
carvedilol,acute coronary syndrome
ofloxacin,pneumonia
thiabendazole,eosinophilia
cytarabine,blast cell crisis
ribavirin,viral infection
metronidazole,amoebiasis
acyclovir,post herpetic neuralgia
omeprazole,adenoma benign
nifedipine,gastrointestinal disorder
doxepin,bipolar i disorder
cyproterone,alopecia
triamcinolone,seasonal allergy
melphalan,rhabdomyosarcoma
fludrocortisone,secondary adrenocortical insufficiency
ly146032,soft tissue infection
lisinopril,diabetes mellitus
tobramycin,meningitis
clindamycin,vaginal inflammation
gemfibrozil,hypertriglyceridaemia
k779,foetor hepaticus
diltiazem,hypertension
dipyridamole,embolism
diclofenac,inflammation
chlorthalidone,hypertension
salmon,renal cancer
telithromycin,bronchitis
indomethacin,multiple fractures
topiramate,drug interaction
furosemide,cardiac failure congestive
octreotide,hyperhidrosis
docetaxel,squamous cell carcinoma of head and neck
fentanyl,substance abuse
ciprofloxacin,ulcerative keratitis
furosemide,intercapillary glomerulosclerosis
amphetamine,narcolepsy
eslicarbazepine,tetanus
methylprednisolone,proteinuria
latanoprost,asthma
sumatriptan,nausea
cefuroxime,pneumonia
fentanyl,hypotension
paroxetine,social fear
epinephrine,syncope
dorzolamide,calculus urinary
dolasetron,cardiovascular disorder
bcnu,hodgkin's disease lymphocyte predominance type stage unspecified
secobarbital,insomnia
busulfan,venoocclusive liver disease
letrozole,neoplasm
omeprazole,gastric ulcer
promethazine,measles
etoposide,ewing's sarcoma
morphine,antitussive therapy
thiazide,pre-eclampsia
alprazolam,panic attack
bortezomib,plasma cell myeloma
8-mop,dermatitis atopic
efavirenz,rash
gadoversetamide,renal failure
fluconazole,oropharyngeal candidiasis
ustekinumab,psoriatic arthropathy
ciprofloxacin,gonorrhoea
dalteparin,haemorrhage
etoposide,neutropenia
icodextrin,renal failure chronic
acetaminophen,arthritis
trandolapril,acute myocardial infarction
benzathine,rheumatic disorder
buspirone,pallor
prochlorperazine,vertigo
nifedipine,renal failure
niacin,abdominal pain
ketoconazole,histoplasmosis
verapamil,cardiac disorder
prednisone,hepatocellular injury
testosterone,disturbance in sexual arousal
pge2,microsomia
moxifloxacin,sinusitis
paclitaxel,neoplasm malignant
trandolapril,essential hypertension
gemfibrozil,weight decreased
zoledronic,plasmacytoma
metformin,coma
paliperidone,cardiac disorder
risperidone,poverty of speech
acyclovir,herpes zoster
droperidol,vomiting
dexamethasone,inflammatory bowel disease
cortisone,meningitis tuberculous
idarubicin,arrhythmia
ibandronate,neoplasm
diazepam,myoclonus
valdecoxib,rheumatoid arthritis
itraconazole,streptobacillary fever
paliperidone,carcinogenicity
atorvastatin,blood triglycerides increased
candesartan,hypertension
l-dmp,disturbance in attention
letrozole,liver disorder
medroxyprogesterone,myocardial infarction
irinotecan,metastatic neoplasm
fentanyl,bradycardia
dabrafenib,metastatic malignant melanoma
aztreonam,cystic fibrosis
celecoxib,adenomatous polyposis coli
simvastatin,blood triglycerides increased
clozapine,neutropenia
procainamide,ventricular tachycardia
cortisone,inflammation
clindamycin,abdominal infection
triamcinolone,lichen planus
k779,hepatic encephalopathy
carboprost,pregnancy
clonazepam,myoclonic epilepsy
cefditoren,renal failure
sodium,coma
doxepin,tension
carbamazepine,epilepsy
cefaclor,rheumatic fever
metoprolol,ventricular extrasystoles
paroxetine,mental disability
brimonidine,glaucoma
rofecoxib,cluster headache
ertapenem,renal failure
conjugated,osteoporosis postmenopausal
furosemide,brain oedema
"1,25(oh)2d3",brown tumour
trospium,pollakiuria
iotrolan,contrast media reaction
pazopanib,sarcoma
perindopril,essential hypertension
alprazolam,completed suicide
clonidine,psychotic disorder
lovastatin,cerebrovascular accident
histamine,skin test positive
trans,cardiac failure congestive
sodium,methaemoglobinaemia
tazarotene,actinic keratosis
ropinirole,bradycardia
salmeterol,bronchitis chronic
irinotecan,mesothelioma
testosterone,androgen deficiency
glipizide,type 2 diabetes mellitus
sertraline,hypervigilance
venlafaxine,suicidal ideation
aztreonam,bladder pain
tamoxifen,embolism
tacrolimus,hepatic failure
tiagabine,partial seizures
tramadol,pain
dexamethasone,myositis
fentanyl,coordination abnormal
gadolinium,angiopathy
amoxicillin,rhinitis seasonal
cefotetan,renal failure
doxazosin,bladder neck obstruction
leucovorin,colon cancer
doxycycline,psittacosis
cefditoren,pneumonia
sorafenib,thyroid cancer
celecoxib,hypertension
oestrogen,osteoporosis postmenopausal
prednisone,nephrotic syndrome
ipratropium,nasopharyngitis
sertraline,hypoaesthesia
warfarin,atrial fibrillation
dexamethasone,diabetic retinal oedema
carbamazepine,status epilepticus
oxycodone,respiratory depression
penicillin,sexually transmitted disease
estradiol,atrophic vulvovaginitis
ethosuximide,epilepsy
rimantadine,influenza like illness
prednisolone,head injury
estradiol,vaginal haemorrhage
bupropion,major depression
clonidine,hypertensive crisis
bumetanide,acute pulmonary oedema
ticagrelor,thrombosis
trazodone,agitation
tobramycin,sepsis neonatal
prednisone,stevens-johnson syndrome
amlodipine,myocardial infarction
phenobarbital,convulsion
moxifloxacin,pelvic inflammatory disease
propafenone,sudden death
diethylpropion,hyperlipidaemia
atorvastatin,blood pressure increased
pravastatin,transient ischaemic attack
gabapentin,pain
cefoxitin,abdominal abscess
cyclophosphamide,granulomatosis with polyangiitis
retinoic,acquired immunodeficiency syndrome
gentamicin,subcutaneous abscess
ribavirin,blood bilirubin increased
ifosfamide,neoplasm malignant
deprenyl,bradyphrenia
doxorubicin,hypersensitivity
lithium,hypomania
retinoic,depressive symptom
progesterone,flatulence
5-fu,colon cancer
cancidas,aspergillus infection
sodium,feeling abnormal
atomoxetine,body temperature increased
sumatriptan,asthma
citalopram,aggression
ephedrine,bronchospasm
metronidazole,urogenital trichomoniasis
conjugated,migraine
guanfacine,hypertension
diazepam,muscle spasms
carbamazepine,decreased interest
demethyl,choroiditis
sulindac,osteoarthritis
ciprofloxacin,pseudomonas infection
docetaxel,hypersensitivity
temozolomide,glioblastoma
quinidine,malaria
estradiol,micturition urgency
fenofibrate,pancreatitis
progesterone,somnolence
bupropion,dysphoria
olmesartan,diabetic nephropathy
cefuroxime,renal impairment
cortisol,haemolytic anaemia
valproate,drug interaction
clomipramine,schizophrenia
buspirone,myalgia
photofrin,cataract
dexamethasone,tendonitis
estradiol,skin irritation
paliperidone,psychotic disorder
valganciclovir,acquired immunodeficiency syndrome
cortisol,erythema
omeprazole,early satiety
olanzapine,weight increased
epinephrine,tremor
flumazenil,panic disorder
norfloxacin,nephrolithiasis
domperidone,renal impairment
pentobarbital,cholera
naproxen,gastrointestinal haemorrhage
ofloxacin,conjunctivitis
naproxen,ulcer
ezetimibe,hypercholesterolaemia
acth(1-39,optic neuritis
citalopram,disturbance in attention
citalopram,disinhibition
rotigotine,restless legs syndrome
estradiol,neoplasm malignant
diazepam,paraplegia
5-asa,colitis ulcerative
acyclovir,viral infection
valproate,hyperkinesia
edrophonium,cholinergic syndrome
edrophonium,myasthenia gravis
goserelin,endometriosis
atenolol,cardiac failure
adefovir,chronic hepatitis b
sumatriptan,hemiplegic migraine
cancidas,fungal infection
busulfan,acute myeloid leukaemia
meloxicam,rheumatoid arthritis
everolimus,liver disorder
estradiol,hyperthyroidism
dexamethasone,pulmonary tuberculosis
cortisol,prostate cancer
cytarabine,leukaemia
prednisone,arteritis
azithromycin,otitis media acute
prednisone,hypotension
cerivastatin,premature menopause
k779,plasmacytoma
pregabalin,partial seizures
paroxetine,feeling guilty
carboplatin,neoplasm
methylprednisolone,stevens-johnson syndrome
ramiprilat,nephropathy
venlafaxine,emotional distress
risperidone,tachyphrenia
triamcinolone,connective tissue disorder
ketorolac,abdominal discomfort
miconazole,tinea pedis
celecoxib,juvenile idiopathic arthritis
k779,acquired immunodeficiency syndrome
tetraen,blood cholesterol increased
6-mercaptopurine,chronic lymphocytic leukaemia
cancidas,neutropenia
pilocarpine,glaucoma
lidocaine,photosensitivity reaction
oxaliplatin,colorectal cancer
fluoxetine,tension
venlafaxine,hypersomnia
anagrelide,myeloproliferative disorder
cefaclor,lower respiratory tract infection
dexamethasone,dermatomyositis
meloxicam,gastrointestinal disorder
tranylcypromine,agitation
flurbiprofen,osteoarthritis
cyclophosphamide,waldenstrom's macroglobulinaemia
amiodarone,atrial fibrillation
allopurinol,polycythaemia vera
lincomycin,corynebacterium infection
leucovorin,neoplasm malignant
atenolol,renal failure
bupropion,mental disorder
fentanyl,dissociation
dexamethasone,polyarteritis nodosa
ropinirole,vascular resistance systemic
norfloxacin,gastroenteritis
etoricoxib,musculoskeletal pain
haloperidol,schizoaffective disorder
ofloxacin,bronchitis
doxycycline,sexually transmitted disease
pilocarpine,cardiovascular disorder
acyclovir,herpes zoster disseminated
fluconazole,oral pain
atenolol,myocardial ischaemia
atenolol,hyperlipidaemia
cilostazol,intermittent claudication
morphine,respiratory depression
ciprofloxacin,glucose-galactose malabsorption
gentamicin,eczema
perampanel,convulsion
rifabutin,renal failure
alprazolam,generalised anxiety disorder
dexamethasone,aplasia pure red cell
dapsone,leprosy
flucloxacillin,pneumonia
cortisone,epicondylitis
sotalol,mean arterial pressure
phenylbutyric,pregnancy
topiramate,hepatocellular injury
sulfasalazine,arthritis
roxithromycin,hepatic function abnormal
bortezomib,plasmacytoma
rifapentine,pulmonary tuberculosis
atenolol,renal impairment
fusidic,furuncle
zoledronic,spinal cord compression
lidocaine,arthropod bite
sertraline,emotional distress
methylprednisolone,adrenogenital syndrome
piroxicam,tendonitis
orlistat,obesity
dexamethasone,seborrhoeic dermatitis
minocycline,urethritis noninfective
cortisol,sarcoidosis
warfarin,coagulation time prolonged
bleomycin,hodgkin's disease lymphocyte depletion type stage unspecified
venlafaxine,dyspnoea
eslicarbazepine,convulsion
amoxicillin,asthma
octreotide,pituitary tumour benign
fludarabine,leukaemia
tamoxifen,sarcoma
ertapenem,infection
methotrexate,acute leukaemia
thymidine,foetor hepaticus
moxifloxacin,hypokalaemia
telithromycin,pneumonia
prednisolone,trichiniasis
acetaminophen,back pain
ipratropium,sneezing
doxapram,pulmonary function test decreased
thymidine,chronic hepatitis b
5-azacytidine,myelodysplastic syndrome
aliskiren,essential hypertension
cyclophosphamide,hodgkin's disease lymphocyte predominance type stage unspecified
dasatinib,acute lymphocytic leukaemia
propranolol,neoplasm
quetiapine,psychotic disorder
bleomycin,squamous cell carcinoma
lomefloxacin,cystitis
sertraline,depressive symptom
fosphenytoin,feeling abnormal
cortisol,enteritis
dexamethasone,pemphigus
budesonide,proctocolitis
cefoxitin,renal impairment
methadone,procedural pain
montelukast,rhinitis perennial
dihydroergotamine,acute myocardial infarction
lisuride,parkinsonism
methylphenidate,distractibility
diazepam,tetanus
diltiazem,atrial flutter
dabrafenib,glucose-6-phosphate dehydrogenase deficiency
benzathine,streptococcal infection
fluphenazine,renal failure
etoposide,kaposi's sarcoma
posaconazole,infection
leuprorelin,leiomyoma
benzathine,glomerulonephritis acute
bleomycin,hodgkin's disease
diclofenac,chronic hepatitis
cetirizine,urticaria
doxepin,anxiety
desloratadine,cough
fluvastatin,menarche
ibuprofen,blood pressure increased
prednisolone,carditis
sotalol,arrhythmia supraventricular
nifedipine,vasospasm
methylphenidate,heart disease congenital
anidulafungin,endocarditis
lansoprazole,gastric ulcer
pamidronate,neoplasm
metoprolol,hypertension
retinoic,acute promyelocytic leukaemia
doxorubicin,bladder neoplasm
fluoxetine,mood swings
spironolactone,cardiac failure congestive
risedronate,fracture
carbamazepine,trigeminal neuralgia
cas,glucose-6-phosphate dehydrogenase deficiency
linaclotide,hypertension
albendazole,foetor hepaticus
aspirin,dysmenorrhoea
doxorubicin,bladder cancer
sertraline,sleep disorder
ceftizoxime,renal impairment
glimepiride,coma
progesterone,disability
clozapine,headache
dexamethasone,stevens-johnson syndrome
ceftazidime,sepsis neonatal
bupivacaine,labour pain
bcnu,glioblastoma multiforme
ofloxacin,pneumonia anthrax
estradiol,hypersensitivity
prednisone,synovitis
iodixanol,cerebral infarction
prednisone,neonatal respiratory distress syndrome
carvedilol,vascular resistance systemic
fk463,candida infection
demethyl,psoriasis
oxaliplatin,breast cancer
cefaclor,renal failure
methamphetamine,agitation
atenolol,liver disorder
ranolazine,angina pectoris
bosentan,connective tissue disorder
acetohydroxamic,infection
insulin,coma
prednisolone,bronchopulmonary aspergillosis allergic
epinephrine,rhinitis seasonal
ofloxacin,conjunctivitis bacterial
cancidas,candida infection
v,inflammation
lithium,hyperkinesia
ciclopirox,pityriasis
dexamethasone,drug hypersensitivity
olanzapine,tension
doxorubicin,bladder cancer stage iv
deprenyl,fatigue
methazolamide,glaucoma
fluticasone,sinus headache
triamcinolone,ankylosing spondylitis
indomethacin,pain
metronidazole,pericoronitis
lisuride,tremor
prednisone,pneumonia aspiration
gliclazide,diabetes mellitus
methylprednisolone,inflammation
carboplatin,small cell lung cancer
cladribine,body temperature increased
triamcinolone,pulmonary tuberculosis
lidocaine,anorectal discomfort
prednisone,rhinitis perennial
benzathine,pinta
carnitine,hypotonia
risperidone,pituitary tumour
bosentan,cardiac failure chronic
methotrexate,bronchial carcinoma
isoflurane,diabetes mellitus
retinoic,photodermatosis
gadoversetamide,renal impairment
deferasirox,haemosiderosis
prednisolone,secondary adrenocortical insufficiency
prednisolone,tenosynovitis
phenylephrine,hypertension
irinotecan,pleural effusion
sumatriptan,cluster headache
penciclovir,ophthalmic herpes zoster
prednisolone,pulmonary tuberculosis
fluticasone/salmeterol,asthma
doxazosin,parkinsonism
alendronate,osteoporotic fracture
sodium,iron deficiency anaemia
carbamazepine,simple partial seizures
methylprednisolone,enteritis
carbamazepine,polyuria
brinzolamide,open angle glaucoma
modafinil,hypersomnia
clozapine,cardiac arrest
fluoxetine,hot flush
pantoprazole,infection
miconazole,oropharyngeal candidiasis
ciprofloxacin,osteoarthritis
candesartan,cardiac failure congestive
ramiprilat,cerebrovascular accident
thalidomide,renal cell carcinoma
disopyramide,cardiomyopathy
hydroxocobalamin,neoplasm
dexamethasone,status asthmaticus
nedocromil,bronchospasm
fosinopril,renin decreased
cytarabine,neoplasm
prednisone,seborrhoeic dermatitis
azithromycin,sinusitis bacterial
gatifloxacin,conjunctivitis infective
fluticasone,food allergy
fentanyl,euphoric mood
oseltamivir,asthma
salbutamol,asthma exercise induced
atropine,hyperhidrosis
triamcinolone,tenosynovitis
celecoxib,spondyloarthropathy
naproxen,back pain
propafenone,cardiac index
cytarabine,tetanus
perhexiline,angina pectoris
phenobarbital,eclampsia
azithromycin,mycobacterium avium complex infection
metolazone,hepatocellular injury
carvedilol,hepatocellular injury
sunitinib,pulmonary embolism
clomipramine,anxiety
ofloxacin,sinusitis bacterial
paroxetine,asthenia
ofloxacin,keratitis bacterial
propranolol,ventricular arrhythmia
venlafaxine,discomfort
buspirone,pollakiuria
ciprofloxacin,cervicitis
vancocine,thermal burn
5-azacytidine,lung disorder
acebutolol,ventricular arrhythmia
sitaxsentan,hypertension
d-penicillamine,renal impairment
doxorubicin,adenocarcinoma gastric
tibolone,osteoporotic fracture
lymecycline,trachoma
atropine,angle closure glaucoma
doxycycline,syphilis
lidocaine,haemorrhoids
linezolid,bacteraemia
cefaclor,tonsillitis
pramipexole,restless legs syndrome
cortisol,thrombocytopenia
timolol,ocular hypertension
fosinopril,microalbuminuria
melatonin,poor quality sleep
verapamil,fasting
cortisol,iridocyclitis
dalteparin,myocardial infarction
imatinib,cardiac failure congestive
quinidine,muscle spasms
demethyl,gouty arthritis
cyclophosphamide,retinoblastoma
eletriptan,basilar migraine
lansoprazole,gastritis
aripiprazole,mania
bosentan,immunodeficiency
azithromycin,asplenia
penicillin,pneumococcal infection
trazodone,feeling guilty
topiramate,headache
vinblastine,hodgkin's disease lymphocyte depletion type stage unspecified
insulin,abdominal pain
aspirin,fracture
rasburicase,blood uric acid increased
medroxyprogesterone,dyspareunia
cyclobenzaprine,nervous system disorder
iodixanol,medulloblastoma
alprazolam,insomnia
naproxen,nephropathy
memantine,muscle spasticity
paroxetine,abdominal distension
caffeine,apnoea neonatal
diclofenac,aura
oxycodone,neoplasm malignant
ketoconazole,mucocutaneous candidiasis
methylprednisolone,secondary adrenocortical insufficiency
citalopram,dry mouth
progesterone,night sweats
isosorbide-5-mononitrate,myocardial ischaemia
cortisone,mycosis fungoides
salbutamol,bronchitis chronic
fluoxetine,musculoskeletal discomfort
vacv,infection
regadenoson,atrioventricular block
monomycin,corynebacterium infection
paroxetine,hypoaesthesia
procarbazine,lymphoma
hydroxocobalamin,endocrine disorder
moxifloxacin,bacterial infection
sotalol,ventricular arrhythmia
formoterol,asthma exercise induced
deferoxamine,shock
morphine,mood swings
allopurinol,myeloproliferative disorder
gemifloxacin,bronchitis chronic
retinoic,diabetes mellitus
tacrolimus,liver disorder
bupropion,fatigue
diazoxide,hypotension
paroxetine,chest pain
gadodiamide,renal impairment
nefazodone,major depression
metaproterenol,wheezing
doxycycline,vaginal inflammation
erlotinib,pancreatic carcinoma metastatic
etravirine,dermatitis
rofecoxib,aura
fe(iii,tension
betaxolol,hypertension
pentoxifylline,cardiovascular disorder
etoposide,hepatocellular carcinoma
clarithromycin,otitis media acute
zidovudine,infection
methotrexate,testis cancer
ezetimibe,phytosterolaemia
ivermectin,volvulus
clonazepam,dyspnoea
dexamethasone,psoriasis
cortisol,dermatitis atopic
darifenacin,hypertonic bladder
moclobemide,social phobia
ethambutol,pulmonary tuberculosis
prednisone,adrenogenital syndrome
etoposide,neoplasm malignant
dalteparin,thrombophlebitis
carvedilol,angina unstable
mirtazapine,nephropathy
pancuronium,mean arterial pressure
epinephrine,anaphylactoid reaction
levonorgestrel,device expulsion
ciprofloxacin,lower respiratory tract infection
v,choroiditis
leuprorelin,menopause
midazolam,emotional distress
prednisone,hypokalaemia
etoposide,gestational trophoblastic tumour
cas,renal failure
clarithromycin,abscess
progesterone,acute coronary syndrome
lorcaserin,diabetes mellitus
mycophenolate,neoplasm malignant
benzathine,rheumatic fever
fluoxetine,depressed mood
doxazosin,peak expiratory flow rate
simvastatin,low density lipoprotein increased
benzathine,syphilis
paroxetine,social phobia
paroxetine,abdominal discomfort
clarithromycin,infection
oxaliplatin,colorectal cancer metastatic
ciprofloxacin,urethritis
cancidas,meningitis
naproxen,procedural pain
sulfacetamide,eye infection
doxorubicin,bone sarcoma
mirtazapine,drug abuse
varenicline,suicidal behaviour
imatinib,blast cell crisis
triamcinolone,dermatitis exfoliative
mefloquine,plasmodium ovale infection
medroxyprogesterone,uterine haemorrhage
fluoxetine,dysphoria
k779,carcinoid syndrome
mitotane,neoplasm malignant
minocycline,periodontitis
leuprorelin,endometriosis
oestrogen,hypogonadism female
posaconazole,candida infection
leflunomide,swelling
cetirizine,rhinitis allergic
flurbiprofen,bursitis
prednisolone,temporal arteritis
estradiol,cushing's syndrome
mycophenolate,transplant rejection
azithromycin,pharyngitis streptococcal
methotrexate,hodgkin's disease lymphocyte predominance type stage unspecified
docetaxel,lung neoplasm malignant
ramipril,cardiac failure
lisinopril,hepatic function abnormal
lorazepam,anxiety disorder
megestrol,cachexia
deferasirox,myelodysplastic syndrome
dihydroergotamine,coronary artery disease
carvedilol,essential hypertension
atropine,dyspnoea
cefotaxime,renal failure
imatinib,acute lymphocytic leukaemia
valproate,dehydration
ceftazidime,bronchopneumonia
prednisolone,skin disorder
mirtazapine,dysthymic disorder
methylprednisolone,tuberculosis
fluocinolone,seborrhoeic dermatitis
cetirizine,sneezing
amantadine,carbon monoxide poisoning
imatinib,chronic myeloid leukaemia
k779,autoimmune disorder
vitamin,hypoparathyroidism
conjugated,inflammation
etoposide,renal failure
lisinopril,renal failure
simvastatin,liver disorder
letrozole,neoplasm malignant
ganciclovir,carcinogenicity
betaxolol,bronchial hyperreactivity
olanzapine,schizophrenia
eletriptan,hypertension
doxorubicin,plasma cell myeloma
doxycycline,pneumonia anthrax
maprotiline,bipolar i disorder
eplerenone,diabetic nephropathy
azithromycin,immunodeficiency
salbutamol,bronchial hyperreactivity
ranitidine,discomfort
midodrine,coagulopathy
timolol,migraine with aura
cortisone,polymyositis
deferoxamine,anaemia
5-fluorocytosine,meningitis
cosyntropin,multiple sclerosis
udca,diabetes mellitus
letrozole,disease progression
etoricoxib,back pain
meprobamate,tension
retinoic,seborrhoeic keratosis
ciclesonide,glaucoma
venlafaxine,hyperhidrosis
hydralazine,vascular resistance systemic
raltitrexed,breast cancer
glimepiride,type 1 diabetes mellitus
gentamicin,ecthyma
fluoxetine,sensory loss
gadobenate,convulsion
venlafaxine,insomnia
nifedipine,acute coronary syndrome
hydroxyurea,sickle cell anaemia
ribavirin,disease progression
nebivolol,hyperlipidaemia
dexamethasone,rhinitis perennial
clindamycin,otitis media
ribavirin,alanine aminotransferase increased
allopurinol,nephropathy
fluoxetine,obsessive thoughts
cisplatin,neoplasm malignant
metronidazole,meningitis
ibandronate,osteoporosis
fluphenazine,schizophrenia
leucovorin,osteosarcoma
minocycline,listeriosis
clotrimazole,immunodeficiency
buspirone,palpitations
mitoxantrone,neoplasm
famotidine,gastric cancer
triamcinolone,rhinitis perennial
clonazepam,epilepsy
methotrexate,breast cancer
clonazepam,panic attack
doxorubicin,ovarian epithelial cancer stage iv
famciclovir,immunodeficiency
demethyl,injury
risperidone,suspiciousness
metformin,ketosis
fluphenazine,phaeochromocytoma
bosentan,skin ulcer
amphetamine,mood swings
clomiphene,ovarian cyst
oxiconazole,body tinea
amifostine,neutropenia
duloxetine,sleep disorder
dexamethasone,colitis
gemcitabine,hodgkin's disease lymphocyte depletion type stage unspecified
tizanidine,multiple sclerosis
atropine,tachycardia
epinephrine,urticaria
glycerol,type i hypersensitivity
zoledronic,hip fracture
cefepime,hepatic function abnormal
cyclizine,meniere's disease
dexamethasone,ulcer
flucloxacillin,skin disorder
paroxetine,fatigue
pep005,seborrhoeic keratosis
sunitinib,renal cell carcinoma
progesterone,assisted fertilisation
doxorubicin,hepatic cancer
citalopram,emotional distress
minocycline,inclusion conjunctivitis
boceprevir,infection
fluoxetine,abdominal distension
doxercalciferol,renal failure chronic
naproxen,dysmenorrhoea
verapamil,hypotension
topotecan,plasma cell myeloma
voriconazole,hepatosplenic candidiasis
voriconazole,wound
famotidine,leukopenia
trovafloxacin,endometritis
methylphenidate,psychotic disorder
chlorpromazine,agitation
bretylium,cardiac fibrillation
ofloxacin,ulcerative keratitis
sitagliptin,type 1 diabetes mellitus
oxymetholone,aplastic anaemia
mitomycin,metastatic neoplasm
minocycline,staphylococcal infection
dihydroergotamine,migraine
etoricoxib,osteoarthritis
amphotericin,infection
finasteride,prostate cancer
prednisolone,uveitis
prednisolone,chronic obstructive pulmonary disease
ciprofloxacin,sepsis
retinoic,papule
atenolol,bradycardia
prednisolone,alveolitis allergic
trifluoperazine,neurosis
ibuprofen,rheumatoid arthritis
progesterone,menopause
piperacillin,parametritis
carbamazepine,partial seizures
repaglinide,obesity
sertraline,post-traumatic stress disorder
valproate,somnolence
imatinib,hypereosinophilic syndrome
prednisolone,dermatomyositis
azithromycin,pneumonia mycoplasmal
cisplatin,mesothelioma
dexamethasone,dermatitis bullous
fentanyl,muscle rigidity
tetrabenazine,dyskinesia
etoricoxib,dysmenorrhoea
furosemide,hypersensitivity
memantine,dementia
bupropion,decreased interest
felodipine,acute coronary syndrome
megestrol,underweight
ertapenem,sepsis
ivermectin,acarodermatitis
prostacyclin,scleroderma
lovastatin,premature menopause
methylprednisolone,endocrine disorder
prochlorperazine,electroencephalogram abnormal
valproate,hepatic function abnormal
amlexanox,aphthous stomatitis
atenolol,hypertension
deprenyl,mental disability
fluoxetine,fear of death
ramipril,cerebrovascular accident
progesterone,nausea
clodronate,renal impairment
nicotine,gangrene
ibuprofen,nausea
celecoxib,dysmenorrhoea
cerivastatin,hypertriglyceridaemia
salicylate,ichthyosis acquired
ramipril,acute coronary syndrome
diazepam,delirium
progesterone,diarrhoea
acetaminophen,dyspepsia
methylprednisolone,seasonal allergy
pamidronate,fluid overload
dexamethasone,ophthalmic herpes zoster
nortriptyline,major depression
alosetron,diarrhoea
atropine,conjunctivitis bacterial
atropine,nasopharyngitis
prednisolone,collagen disorder
minocycline,wound infection
ganciclovir,congenital cytomegalovirus infection
valproate,status epilepticus
brinzolamide,ocular hypertension
atorvastatin,arteriosclerosis
azithromycin,abscess
k779,plasma cell myeloma
penicillin,diphtheria
imatinib,pleural effusion
bivalirudin,thrombosis
k779,fibrosis
prednisone,nephritic syndrome
cimetidine,gastrooesophageal reflux disease
glimepiride,type 2 diabetes mellitus
citalopram,cerebral infarction
cortisol,neoplasm malignant
lamivudine,foetor hepaticus
eplerenone,cardiac failure
brimonidine,rosacea
lisinopril,tachycardia
procarbazine,non-hodgkin's lymphoma
atropine,pancreatitis
ribavirin,dysgeusia
cidofovir,malaise
tobramycin,renal failure
tacrolimus,encephalomyelitis
medroxyprogesterone,renal cell carcinoma
doxapram,bronchial hyperreactivity
maprotiline,dysphoria
cephalexin,rheumatic disorder
clozapine,convulsion
toremifene,bone cancer metastatic
ramipril,hypertension
paroxetine,myalgia
verapamil,tachycardia
nefazodone,asthenia
udca,obesity
zidovudine/lamivudine,infection
warfarin,haemorrhage
cyclophosphamide,lymphoma
medroxyprogesterone,endometrial cancer
bupivacaine,coma
brimonidine,ocular hypertension
retinoic,asthma
acetaminophen,migraine
methylprednisolone,osteoarthritis
pazopanib,gastrointestinal stromal tumour
alprazolam,derealisation
bortezomib,haematological malignancy
alprazolam,depressed mood
propranolol,arteriosclerosis coronary artery
cefazolin,renal impairment
sorafenib,hypoparathyroidism
fluoxetine,premenstrual syndrome
zoledronic,neoplasm
cortisone,iridocyclitis
clarithromycin,skin infection
gemcitabine,apoptosis
dexamethasone,abdominal distension
naproxen,spinal osteoarthritis
atracurium,hypotonia
dexamethasone,premature delivery
famotidine,contusion
famotidine,peptic ulcer
estradiol,fracture
erythromycin,endocarditis bacterial
atorvastatin,cerebrovascular accident
clotrimazole,body tinea
metronidazole,genital infection
acyclovir,drug interaction
fluoxetine,paraesthesia
metoprolol,cardiac failure chronic
tamoxifen,soft tissue disorder
halcinonide,dermatitis contact
octreotide,diarrhoea
methylprednisolone,scar
naproxen,inflammation
cortisol,chorioretinitis
famciclovir,genital herpes
octreotide,abscess
azithromycin,hepatic failure
vigabatrin,epilepsy
budesonide,rhinitis seasonal
terbinafine,fungal infection
demeclocycline,urethritis noninfective
omeprazole,flatulence
cefuroxime,pharyngitis
venlafaxine,generalised anxiety disorder
topotecan,small cell lung cancer recurrent
itraconazole,oesophageal candidiasis
thiotepa,neoplasm malignant
cosyntropin,skin disorder
asenapine,dementia
paroxetine,obsessive rumination
metrodin,infertility
bupivacaine,liver disorder
azithromycin,urethritis
carbamazepine,major depression
minocycline,cholecystitis infective
progesterone,vaginal inflammation
bromocriptine,confusional state
salbutamol,heart rate normal
megestrol,endometrial adenocarcinoma
clarithromycin,peptic ulcer
prednisone,trichiniasis
trovafloxacin,osteomyelitis
amikacin,renal impairment
minocycline,infection
mefenamic,toothache
dexamethasone,laryngospasm
isocarboxazid,agitation
fondaparinux,haemoglobin
conjugated,foetor hepaticus
progesterone,asthenia
insulin,diabetic coma
cefepime,febrile neutropenia
estradiol,thrombophlebitis
metronidazole,lung abscess
saxagliptin,pancreatitis
5-asa,malaise
triamcinolone,transfusion reaction
cimetidine,ulcer
k779,carcinoid tumour
tacrolimus,lymphoma
triamcinolone,pemphigus
valproate,decreased interest
methyclothiazide,cardiac failure congestive
dexamethasone,oesophagitis ulcerative
boceprevir,liver disorder
methylene,methaemoglobinaemia
flurbiprofen,arthritis
tamoxifen,contralateral breast cancer
clonidine,mental disorder
azithromycin,mycobacterium test
bleomycin,hodgkin's disease lymphocyte predominance type stage unspecified
temazepam,insomnia
duloxetine,anxiety
udca,biliary cirrhosis primary
ropinirole,hypokinesia
atropine,irritable bowel syndrome
varenicline,renal impairment
cerivastatin,carotid artery disease
lisinopril,hyperlipidaemia
amantadine,disease progression
salicylate,arthropod bite
ibuprofen,ankylosing spondylitis
pemetrexed,mesothelioma
lovastatin,diabetes mellitus
doxorubicin,hepatic cancer metastatic
norethisterone,nulliparous
atomoxetine,epilepsy
doxorubicin,plasmacytoma
ibandronate,bone density decreased
octreotide,gastrinoma
levonorgestrel,sexual abuse
metformin,blood glucose decreased
glipizide,blood glucose decreased
mirtazapine,acute coronary syndrome
prazosin,renal failure
aripiprazole,malaise
sorafenib,pulmonary embolism
hydroxyzine,agitation
gemfibrozil,pancreatitis
lamivudine,viral infection
quetiapine,akathisia
mannitol,asthma
vincristine,leukaemia
estradiol,vulvovaginal pruritus
methylprednisolone,keratitis
hydralazine,hypertension
pentamidine,renal impairment
cefadroxil,rheumatic fever
paclitaxel,hypotension
cisplatin,renal failure
stavudine,immunodeficiency
bupivacaine,procedural pain
clomiphene,adrenal disorder
potassium,poisoning
niacin,blood triglycerides increased
carboplatin,neuroblastoma
irinotecan,ascites
prednisolone,haemolytic anaemia
phenytoin,renal failure
doxorubicin,hepatic function abnormal
bcnu,convulsion
polythiazide,oedema
retinoic,skin exfoliation
aspirin,spondyloarthropathy
emtricitabine,renal failure
tigecycline,infection
atropine,muscle rigidity
pravastatin,angina unstable
lisinopril,hypertension
clindamycin,salpingitis
gentamicin,paronychia
minocycline,cat scratch disease
omeprazole,systemic mastocytosis
acetaminophen,dysmenorrhoea
dexamethasone,lung disorder
venlafaxine,depressed mood
lasofoxifene,multiple fractures
naproxen,fibromyalgia
atorvastatin,lipids abnormal
telmisartan,myocardial infarction
acetaminophen,tension headache
cinacalcet,renal failure chronic
dexamethasone,dermatitis exfoliative
sulfadiazine,pyelonephritis
ribavirin,infection
vildagliptin,type 2 diabetes mellitus
meropenem,lower respiratory tract infection
nitrofurantoin,pancreatitis
metronidazole,vulvovaginitis
nitrofurantoin,angioedema
clonazepam,choking sensation
sodium,urticaria
l-dmp,hypoaesthesia
aspirin,cerebral infarction
lidocaine,cardiovascular insufficiency
octreotide,haemorrhage
cortisol,polymyositis
stavudine,infection
methylprednisolone,psoriasis
tacrolimus,non-hodgkin's lymphoma
methylprednisolone,nephropathy
phenylephrine,hypersensitivity
demethyl,protein urine present
cortisol,panophthalmitis
oestrogen,atrophic vulvovaginitis
etravirine,hiv infection
bazedoxifene,hip fracture
valganciclovir,retinitis
cyclophosphamide,rhabdomyosarcoma
paroxetine,fear of death
disopyramide,electrocardiogram qt prolonged
gatifloxacin,bronchitis chronic
penicillin,wound infection
salicylate,dermatitis infected
sodium,mastocytosis
triamcinolone,cutaneous lupus erythematosus
sulfacetamide,ulcerative keratitis
rosiglitazone,diabetes mellitus
acitretin,lichen planus
anagrelide,thrombosis
procarbazine,lung neoplasm malignant
octreotide,oesophageal varices haemorrhage
valganciclovir,cytomegalovirus infection
anagrelide,thrombocytosis
ketorolac,breakthrough pain
naratriptan,aura
triamcinolone,rheumatic heart disease
fenofibrate,hyperchylomicronaemia
tranexamic,colitis ulcerative
estradiol,hyperparathyroidism
testosterone,pulmonary oil microembolism
lamivudine,alanine aminotransferase increased
sildenafil,pulmonary hypertension
prednisone,collagen disorder
cortisol,rhinitis seasonal
fosinoprilat,angioedema
demethyl,swelling
frovatriptan,cluster headache
dabigatran,cerebrovascular accident
ranitidine,peptic ulcer
doxazosin,hyperlipidaemia
pioglitazone,type 2 diabetes mellitus
tacrolimus,renal impairment
valproate,hepatic enzyme increased
methylprednisolone,iridocyclitis
cortisol,addison's disease
fenofibrate,type i hyperlipidaemia
paclitaxel,kaposi's sarcoma
olmesartan,acute coronary syndrome
tobramycin,bronchitis
dexamethasone,mycosis fungoides
salmon,plasmacytoma
demethyl,mycosis fungoides
vacv,rash
allopurinol,joint destruction
docetaxel,ovarian cancer
minocycline,otitis media
testosterone,blood testosterone decreased
vinblastine,kaposi's sarcoma
gabapentin,diabetes mellitus
crizotinib,liver disorder
flunisolide,rhinitis seasonal
testosterone,neoplasm
tibolone,menopause
fosinopril,tachycardia
methotrexate,non-hodgkin's lymphoma
cefaclor,otitis media
piroxicam,soft tissue injury
ceftazidime,renal failure
cortisol,uveitis
nitroglycerin,discomfort
cyanocobalamin,autoimmune disorder
minocycline,bladder pain
prazosin,cardiac failure congestive
tobramycin,myasthenia gravis
amphotericin,aspergillus infection
demeclocycline,tularaemia
bromocriptine,stillbirth
docetaxel,neoplasm malignant
clonazepam,tremor
venlafaxine,palpitations
griseofulvin,tinea pedis
propranolol,atrial tachycardia
lanreotide,carcinoid tumour
lidocaine,urethritis
pazopanib,renal cell carcinoma
adenosine,vascular resistance systemic
cyclophosphamide,acute myelomonocytic leukaemia
imatinib,chromosome analysis abnormal
nevirapine,infection
chlorpromazine,hepatocellular injury
olodaterol,bronchial hyperreactivity
etoposide,neuroblastoma
penicillin,botulism
risedronate,multiple fractures
paroxetine,premenstrual dysphoric disorder
warfarin,cerebrovascular accident
mipomersen,antibody test positive
demethyl,bursitis
tinidazole,upper respiratory tract infection
azathioprine,polymyositis
venlafaxine,fear of death
leucovorin,malnutrition
clozapine,agranulocytosis
dexamethasone,sympathetic ophthalmia
varenicline,bronchial hyperreactivity
aliskiren,hypotension
ziprasidone,electrocardiogram qt prolonged
methotrexate,hodgkin's disease lymphocyte depletion type stage unspecified
famotidine,agitation
terlipressin,hepatorenal syndrome
ceftizoxime,abdominal infection
bromocriptine,breast tenderness
azithromycin,conjunctivitis infective
penicillin,neurosyphilis
docetaxel,adenocarcinoma gastric
duloxetine,emotional distress
sertraline,compulsions
progesterone,upper respiratory tract infection
betaxolol,asthma
etoposide,non-hodgkin's lymphoma
bosentan,systemic sclerosis
vigabatrin,infantile spasms
chloride,paralysis
cefuroxime,liver disorder
atovaquone,death
amiodarone,respiratory failure
penicillin,tetanus
cimetidine,adenoma benign
oxycodone,pulmonary function test decreased
lovaza,blood triglycerides increased
dyphylline,emphysema
ropinirole,stereotypy
zoledronic,neoplasm malignant
trifluoperazine,anxiety
cefadroxil,infection
carbamazepine,diabetes insipidus
progesterone,vaginal discharge
gabapentin,ataxia
zalcitabine,acquired immunodeficiency syndrome
prednisolone,polyuria
cefoxitin,pelvic infection
ampicillin,urinary tract infection
atropine,cystitis
tobramycin,urinary tract infection
fluoxetine,foetor hepaticus
milnacipran,fibromyalgia
fluvoxamine,compulsions
paroxetine,panic attack
pamidronate,neoplasm malignant
valproate,autoimmune disorder
vincristine,hodgkin's disease lymphocyte depletion type stage unspecified
adenosine,cardiac disorder
ceftriaxone,sepsis
mirtazapine,fatigue
dexamethasone,purpura
adefovir,viral infection
capecitabine,hyperbilirubinaemia
colestyramine,gastrointestinal disorder
estradiol,liver disorder
propranolol,atrial flutter
desmopressin,haemoglobin
sparfloxacin,bronchitis chronic
quetiapine,bipolar ii disorder
carboplatin,renal impairment
dabigatran,atrial fibrillation
itraconazole,bronchopulmonary aspergillosis
gemfibrozil,abdominal pain
cyclophosphamide,lymphoproliferative disorder
tenofovir,foetor hepaticus
gadolinium,brain neoplasm
adenosine,atrial fibrillation
triamcinolone,drug hypersensitivity
imiquimod,anorectal human papilloma virus infection
lmwh,angina unstable
sunitinib,hypertension
indomethacin,rheumatoid arthritis
ropinirole,tachycardia
bendamustine,chronic lymphocytic leukaemia
posaconazole,cryptococcosis
photofrin,dysplasia
celecoxib,large intestine polyp
procarbazine,hodgkin's disease
oxcarbazepine,grand mal convulsion
dexamethasone,adrenocortical insufficiency acute
prednisolone,lymphoma
triamcinolone,trichiniasis
phenylpropanolamine,cough
deferoxamine,poisoning
fusidic,osteomyelitis
conjugated,blindness
metoclopramide,cyclic vomiting syndrome
demethyl,osteoarthritis
methylphenidate,mental disorder
octreotide,sepsis
captopril,microalbuminuria
prednisone,dermatitis exfoliative
triamcinolone,vulvovaginal pruritus
propranolol,hypertension
latanoprost,angle closure glaucoma
venlafaxine,depression
gemcitabine,ovarian cancer
doxorubicin,osteosarcoma
chlorpromazine,foetor hepaticus
ciprofloxacin,pneumonia streptococcal
clopidogrel,embolism
ofloxacin,convulsion
clonazepam,derealisation
fluoxetine,irritability
posaconazole,fungal infection
famp,platelet count decreased
tinidazole,amoebic colitis
midazolam,amnesia
eprosartan,neutropenia
idarubicin,acute leukaemia
streptozotocin,pancreatic carcinoma
rivaroxaban,atrial fibrillation
zoledronic,menopause
fluticasone,rhinitis seasonal
tacrolimus,pain
acyclovir,rash
sertraline,sensory loss
minoxidil,encephalopathy
ponatinib,hypertension
tesamorelin,lipodystrophy acquired
insulin,liver disorder
desmopressin,menorrhagia
candesartan,essential hypertension
cefdinir,pneumonia
buspirone,mental disorder
rifampicin,tuberculosis
carbamazepine,alcohol withdrawal syndrome
ciprofloxacin,conjunctivitis bacterial
paclitaxel,fall
mirtazapine,ischaemic stroke
octreotide,carpal tunnel syndrome
salmon,azotaemia
rofecoxib,rheumatoid arthritis
prednisolone,ankylosing spondylitis
gentamicin,sepsis
glucose,hypernatraemia
phentermine,insulin resistant diabetes
prednisone,leukaemia
rabeprazole,peptic ulcer
zuclopenthixol,hostility
anthracycline,hodgkin's disease lymphocyte predominance type stage unspecified
beclomethasone,pruritus
promethazine,rhinitis seasonal
clarithromycin,acute sinusitis
gentamicin,blepharitis
nabilone,mental disorder
doxorubicin,acute lymphocytic leukaemia
acetaminophen,ulcer
dexamethasone,macular oedema
triamcinolone,head injury
aminophylline,chronic obstructive pulmonary disease
progesterone,menopausal symptoms
ceftazidime,bacterial sepsis
"1,25(oh)2d3",osteopenia
sodium,diarrhoea
treprostinil,menorrhagia
ibuprofen,renal impairment
epinephrine,hypotension
sodium,headache
demethyl,hypoplastic anaemia
furosemide,renal failure
cortisone,iritis
anidulafungin,candida infection
efavirenz,immunodeficiency
benazepril,renal failure
ogen,asthenia
goserelin,neoplasm malignant
diatrizoate,glioma
ranitidine,haemorrhage
indapamide,blood potassium increased
triamcinolone,temporal arteritis
diltiazem,bradycardia
ramipril,angiopathy
carvedilol,dyspnoea
ofloxacin,bronchitis chronic
estradiol,haemoglobin
sertraline,weight increased
nicotine,drug withdrawal syndrome
moxifloxacin,abdominal infection
prednisone,serum sickness
hydromorphone,myocardial infarction
fenofibrate,weight decreased
naltrexone,alcohol abuse
dexamethasone,asthma
forteo,multiple fractures
tetracycline,brucellosis
aripiprazole,agitation
oxandrolone,bone pain
gemfibrozil,xanthoma
salbutamol,inflammation
pantoprazole,haemorrhage
desipramine,dysthymic disorder
dabrafenib,renal failure
amphotericin,blood creatinine increased
azithromycin,acne
medroxyprogesterone,pain
retinoic,skin hyperpigmentation
acyclovir,cytomegalovirus infection
pilocarpine,myopia
fosinopril,liver disorder
calcium,tetany
zuclopenthixol,mental retardation
aripiprazole,dementia
cyclophosphamide,neoplasm malignant
tranexamic,epistaxis
mirtazapine,feeling guilty
ceftazidime,pleurisy
citalopram,compulsions
cilazapril,hypertension
chlorhexidine,erythema
tacrolimus,transplant failure
flurbiprofen,vasodilation procedure
medroxyprogesterone,endometriosis
ioxaglate,arthritis
hydromorphone,discomfort
lamotrigine,bipolar i disorder
sulfadiazine,cystitis noninfective
ciprofloxacin,arthropathy
haloperidol,psychotic disorder
gabapentin,somnolence
cilazapril,cardiac failure congestive
gabapentin,restless legs syndrome
idarubicin,cardiac failure congestive
chlorthalidone,cardiac failure congestive
dolasetron,neoplasm malignant
clomiphene,assisted fertilisation
itraconazole,oropharyngeal candidiasis
prochlorperazine,tardive dyskinesia
ceftazidime,parametritis
sulindac,systemic lupus erythematosus
prednisolone,leukaemia
estradiol,type 1 diabetes mellitus
clarithromycin,bronchitis chronic
cyclophosphamide,neoplasm
ofloxacin,plague sepsis
methylprednisolone,nephrotic syndrome
dexamethasone,rheumatoid arthritis
torasemide,renal impairment
bortezomib,cerebrovascular accident
cortisol,acute leukaemia
duloxetine,asthenia
amisulpride,schizophrenia
phenytoin,foetor hepaticus
itraconazole,acquired immunodeficiency syndrome
dutasteride,prostatomegaly
capecitabine,cardiotoxicity
clobetasol,induration
gentamicin,dermatitis contact
ceftriaxone,cholecystitis acute
estradiol,feeling hot
testosterone,fatigue
moxifloxacin,acne
v,dry eye
ceftriaxone,otitis media bacterial
cefuroxime,bronchitis chronic
prednisone,psoriasis
quetiapine,extrapyramidal disorder
bupropion,depressed mood
ivermectin,infection
dexamethasone,pneumonia aspiration
cortisol,adrenogenital syndrome
5-fluorocytosine,sepsis
alosetron,disability
zyprexa,dyskinesia
cidofovir,autoimmune disorder
baclofen,bladder dysfunction
lantus,retinopathy proliferative
acyclovir,renal failure chronic
l-dmp,compulsions
ketoprofen,arthralgia
prednisone,enteritis
bromocriptine,adenoma benign
acitretin,congenital anomaly
propericiazine,tension
cytarabine,acute leukaemia
prednisone,rheumatic heart disease
ampicillin,infection
atorvastatin,retinal disorder
metronidazole,decubitus ulcer
estradiol,hepatocellular injury
tigecycline,abdominal infection
monomycin,respiratory tract infection
perindoprilat,essential hypertension
famotidine,breast feeding
penicillin,corynebacterium infection
procarbazine,glioma
prednisolone,pericardial effusion
duloxetine,bradyphrenia
duloxetine,irritability
azithromycin,bronchitis
mitoxantrone,relapsing-remitting multiple sclerosis
pamidronate,osteitis deformans
conjugated,pruritus
valproate,lennox-gastaut syndrome
conivaptan,adrenal insufficiency
anidulafungin,meningitis
k779,inflammation
triamcinolone,lymphoma
glipizide,ketosis
oxybutynin,urinary incontinence
zoledronic,prostate cancer
doxazosin,urine flow decreased
zuclopenthixol,disorientation
triamcinolone,neoplasm
morphine,pulmonary function test decreased
niacin,hypercholesterolaemia
vilazodone,disturbance in attention
fluvoxamine,obsessive rumination
clozapine,epilepsy
bumetanide,hypersensitivity
bcnu,plasma cell myeloma
iodide,asthma
methylphenidate,brain injury
iodixanol,hypersensitivity
fosinopril,hypertension
propylthiouracil,basedow's disease
adenosine,myocardial ischaemia
cefaclor,infection
gabapentin,asthenia
clonazepam,hyperhidrosis
prednisolone,lung disorder
pindolol,tachycardia
vancocine,pseudomembranous colitis
vincristine,acute leukaemia
valproate,epilepsy
aripiprazole,major depression
zalcitabine,autoimmune disorder
paclitaxel,angioedema
prednisone,liver disorder
estradiol,postmenopause
sotalol,renal impairment
fdurd,adenocarcinoma
rapamycin,hypercholesterolaemia
amphotericin,cell death
topotecan,ovarian epithelial cancer stage iv
amifostine,neoplasm malignant
bromocriptine,acromegaly
droperidol,anxiety
gd-dtpa,glioma
doxazosin,calculus bladder
fluconazole,immunodeficiency
flecainide,myocardial infarction
naproxen,rheumatoid arthritis
progesterone,uterine leiomyoma
donepezil,dementia alzheimer's type
sevelamer,renal failure chronic
lenalidomide,plasma cell myeloma
demethyl,stevens-johnson syndrome
felodipine,angina pectoris
fluticasone,nasal polyps
mitoxantrone,hormone-refractory prostate cancer
cabozantinib,medullary thyroid cancer
acyclovir,oral herpes
cefixime,urinary tract infection
nifedipine,myocardial infarction
metformin,type 2 diabetes mellitus
estradiol,haemorrhage
doxycycline,generalised erythema
zuclopenthixol,mental disability
alogliptin,type 2 diabetes mellitus
niacin,high density lipoprotein increased
tamoxifen,hyperplasia
propranolol,arrhythmia
aliskiren,angina pectoris
bicarbonate,phlebitis
ziprasidone,acute coronary syndrome
ziprasidone,irritability
baclofen,head injury
quinaprilat,angioedema
clarithromycin,tracheobronchitis
lomefloxacin,cystitis noninfective
carboplatin,brain neoplasm
prednisolone,congenital aplastic anaemia
v,glomerulosclerosis
ivermectin,nodule
pravastatin,liver disorder
phenytoin,temporal lobe epilepsy
carbamazepine,depressed mood
norfloxacin,pharyngitis
sodium,lactic acidosis
oxytetracycline,inclusion conjunctivitis
magnesium,eclampsia
estradiol,migraine
kaluril,atrioventricular block
sumatriptan,aura
citalopram,dysthymic disorder
fluoxetine,hypoaesthesia
entacapone,parkinson's disease
demethyl,rheumatoid arthritis
amoxicillin,hypertrophic cardiomyopathy
amprenavir,disease progression
clozapine,tardive dyskinesia
cefuroxime,gonorrhoea
famotidine,urticaria
famotidine,foetor hepaticus
tetracycline,syphilis
perindopril,myocardial infarction
bortezomib,disease progression
clonazepam,chills
terlipressin,renal failure acute
clindamycin,pneumonia
diazepam,psychotic disorder
cortisol,idiopathic thrombocytopenic purpura
doxycycline,gonorrhoea
methamphetamine,obesity
tiotropium,breast feeding
fluticasone,pruritus
triamcinolone,hypercalcaemia
goserelin,pain
zuclopenthixol,bipolar disorder
carvedilol,myocardial infarction
aztreonam,pneumonia
cas,cardiac failure congestive
ogen,menopausal symptoms
edta,exposure to lead
5-azacytidine,myelodysplastic syndrome transformation
bupropion,chronic obstructive pulmonary disease
pravastatin,coronary artery disease
cisplatin,neoplasm
aspirin,rheumatoid arthritis
cilazapril,cardiac failure
thiabendazole,ascariasis
alendronate,osteoporosis postmenopausal
niacin,type v hyperlipidaemia
azathioprine,proctocolitis
tobramycin,sepsis
ponatinib,acute lymphocytic leukaemia
prednisone,erythema multiforme
cefpodoxime,urinary tract infection
carvedilol,drug interaction
cyclophosphamide,chronic lymphocytic leukaemia
alfentanil,pulmonary function test decreased
clindamycin,vaginitis gardnerella
hydromorphone,procedural pain
propafenone,renal failure
cephalexin,tooth infection
cortisol,polyuria
allopurinol,inflammation
doxepin,neurodermatitis
deferiprone,anaemia
fk463,neutropenia
cas,angioedema
ropinirole,muscle rigidity
ibuprofen,body temperature increased
timolol,myocardial infarction
prostacyclin,hypertension
amiodarone,tachyarrhythmia
etoposide,acquired immunodeficiency syndrome
glycopyrrolate,arrhythmia
magnesium,nephritic syndrome
demethyl,inflammation
tranexamic,renal failure
tranexamic,postpartum haemorrhage
cortisone,colitis ulcerative
cisplatin,oesophageal carcinoma
naproxen,body temperature increased
prednisolone,rheumatoid arthritis
allopurinol,haemolytic anaemia
cortisol,ulcer
prednisolone,sjogren's syndrome
darunavir,immunodeficiency
timolol,essential hypertension
diatrizoate,malignant glioma
olanzapine,movement disorder
rifampicin,infection
bortezomib,mantle cell lymphoma
ramipril,protein urine present
risperidone,social avoidant behaviour
methadone,withdrawal syndrome
simvastatin,nephrotic syndrome
raloxifene,breast cancer
rapamycin,liver disorder
spironolactone,pregnancy
valganciclovir,autoimmune disorder
sunitinib,neuroendocrine tumour
lorcaserin,type 2 diabetes mellitus
indapamide,discomfort
meloxicam,myocardial infarction
l-dmp,paraesthesia
fluticasone,sneezing
fluvastatin,hepatocellular injury
omeprazole,haemorrhage
niacin,cardiovascular disorder
polymyxin,bacteraemia
tapentadol,osteoarthritis
progesterone,cerebrovascular accident
desvenlafaxine,decreased interest
paclitaxel,burkitt's lymphoma
conjugated,liver disorder
cortisone,proteinuria
carboplatin,lung neoplasm malignant
atropine,arrhythmia
leflunomide,disease progression
clonazepam,petit mal epilepsy
amlodipine,cardiac failure
retinoic,chloasma
verteporfin,histoplasmosis
dipyridamole,coronary artery disease
spironolactone,myocardial infarction
diclofenac,gout
cortisol,proteinuria
l-dmp,discomfort
oxaliplatin,lung neoplasm malignant
cabergoline,empty sella syndrome
metronidazole,abdominal infection
mirtazapine,myocardial infarction
celecoxib,arthritis
lidocaine,cystitis noninfective
irinotecan,lymphoma
demethyl,lichen planus
sertraline,fear of death
citalopram,suicidal ideation
diatrizoate,neuroma
minocycline,psittacosis
ertapenem,pyelonephritis acute
desvenlafaxine,bradyphrenia
4-pba,amino acid metabolism disorder
amlodipine,electrocardiogram st segment depression
dantrolene,immobile
famp,lymphoma
testosterone,prostatic specific antigen increased
imiquimod,neoplasm
venlafaxine,chills
medroxyprogesterone,anovulatory cycle
celecoxib,ankylosing spondylitis
valproate,systemic lupus erythematosus
prednisolone,gastrointestinal disorder
cytarabine,acute myeloid leukaemia
goserelin,bone cancer metastatic
clonidine,neoplasm malignant
ritonavir,autoimmune disorder
emtricitabine,alcoholism
levonorgestrel,nulliparous
risperidone,aggression
arginine,injury
prochlorperazine,mitral valve incompetence
risperidone,schizophrenia
fluoxetine,affect lability
oxaliplatin,diarrhoea
midodrine,parkinsonism
clonazepam,chest pain
mirtazapine,suicide attempt
lisinopril,myocardial infarction
nitroglycerin,arteriospasm coronary
prednisone,keratitis
lincomycin,upper respiratory tract infection
sulfasalazine,rheumatic disorder
demethyl,berylliosis
butoconazole,drug interaction
propranolol,ventricular tachycardia
dopamine,hypovolaemia
naproxen,muscle spasms
ketoprofen,sciatica
azithromycin,upper respiratory tract infection
methylprednisolone,brain oedema
tobramycin,peritonitis
l-dmp,suicidal ideation
ziprasidone,bipolar disorder
clopidogrel,peripheral arterial occlusive disease
sodium,nephropathy toxic
miconazole,immunodeficiency
lidocaine,cystitis
lorazepam,status epilepticus
tetrahydrobiopterin,phenylketonuria
pergolide,parkinson's disease
diazoxide,hypertensive encephalopathy
promethazine,vomiting
atorvastatin,albuminuria
flucloxacillin,carbuncle
testosterone,pruritus
fk463,endocarditis
voriconazole,fungal infection
methylphenidate,attention deficit/hyperactivity disorder
cefditoren,rheumatic fever
midodrine,blood pressure increased
prasugrel,arteriosclerosis
venlafaxine,suicide attempt
triamcinolone,proteinuria
ribavirin,liver disorder
loxapine,chronic obstructive pulmonary disease
fe(iii,anaemia of pregnancy
ibutilide,arrhythmia supraventricular
atropine,bradycardia
bumetanide,cardiac failure congestive
olanzapine,agitation
doxycycline,bladder pain
docetaxel,breast cancer
medroxyprogesterone,menopause
amlodipine,diabetic nephropathy
formoterol,chronic obstructive pulmonary disease
sertraline,dyspnoea
ribavirin,environmental exposure
darunavir,factor xi deficiency
desloratadine,sneezing
fusidic,enteritis
cefixime,otitis media
metronidazole,giardiasis
etoposide,rhabdomyosarcoma
fluphenazine,convulsion
gadolinium,breast disorder
prednisolone,rhinitis perennial
octreotide,intestinal obstruction
mirtazapine,major depression
methylphenidate,somnolence
trandolapril,angioedema
nifedipine,cerebrovascular accident
valproate,fasting
testosterone,blood testosterone increased
gd-dtpa,meningioma
isosorbide-5-mononitrate,myocardial infarction
retinoic,kaposi's sarcoma aids related
fluoxetine,headache
ibuprofen,osteoarthritis
tramadol,back pain
sertraline,panic disorder
hydrochlorothiazide,glomerulonephritis acute
ponatinib,ischaemia
chlorpromazine,porphyria acute
diphenhydramine,throat irritation
desflurane,cough
atropine,accommodation disorder
guanfacine,attention deficit/hyperactivity disorder
oxymorphone,pain
alprazolam,fear of death
oxybutynin,agitation
diltiazem,sinus rhythm
clindamycin,erysipelas
ezetimibe,agitation
goserelin,urinary tract obstruction
alprazolam,disability
demethyl,epicondylitis
ribavirin,hepatitis
rimantadine,influenza
pindolol,angina pectoris
triamcinolone,congenital aplastic anaemia
nafarelin,rhinitis
nitroglycerin,prinzmetal angina
diatrizoate,astrocytoma
isoniazid,diabetes mellitus
supremon,diabetes mellitus
disopyramide,ventricular tachycardia
diatrizoate,arteriovenous malformation
pimozide,hyperkinesia
azithromycin,acute sinusitis
sitaxsentan,pulmonary hypertension
donepezil,vascular dementia
atorvastatin,hyperlipidaemia
fluvastatin,hyperlipidaemia
citalopram,electroencephalogram abnormal
doxycycline,rickettsialpox
loteprednol,rosacea
ciprofloxacin,influenza
copper,unintended pregnancy
iodixanol,thrombosis
ofloxacin,bladder pain
ly146032,infection
cortisol,injury
minocycline,tularaemia
demeclocycline,relapsing fever
lanreotide,pituitary tumour
itraconazole,drug intolerance
paroxetine,paraesthesia
amphotericin,visceral leishmaniasis
promethazine,angioedema
minocycline,bronchiectasis
memantine,parkinsonism
atomoxetine,angle closure glaucoma
ertapenem,renal impairment
midazolam,convulsion
salmeterol,asthma
gamma-aminobutyric,hepatitis
cortisol,meningitis tuberculous
bromocriptine,galactorrhoea
amphotericin,immunodeficiency
hydromorphone,thermal burn
dihydroergotamine,liver disorder
streptozotocin,nephropathy toxic
erythromycin,eye infection
acetaminophen,glucose-6-phosphate dehydrogenase deficiency
trien,rheumatoid arthritis
clarithromycin,cellulitis
cortisol,non-hodgkin's lymphoma
atropine,pain
cytarabine,malignant transformation
fluoride,blood ph decreased
cefotaxime,lung abscess
udca,foetor hepaticus
butorphanol,pain
triamterene,gravitational oedema
methylprednisolone,adrenal insufficiency
gemifloxacin,liver disorder
methylprednisolone,congenital aplastic anaemia
loxapine,bipolar i disorder
anidulafungin,aspergillus infection
alprazolam,syncope
irinotecan,colorectal cancer metastatic
tmc207,infection
tetracycline,granuloma
clofarabine,acute myeloid leukaemia
omeprazole,gastrinoma
bupropion,nicotine dependence
cefpodoxime,cystitis noninfective
niacin,diabetes mellitus
ipratropium,nasal congestion
cefoxitin,pelvic inflammatory disease
dicyclomine,functional gastrointestinal disorder
cortisol,skin disorder
ceftriaxone,shunt infection
cyanocobalamin,malabsorption
cefpodoxime,renal impairment
amphotericin,cryptococcosis
sertraline,agitation
tlcl,ischaemia
midazolam,anxiety
doxorubicin,hepatocellular carcinoma
progesterone,arthritis
naproxen,injury
gemfibrozil,fasting
valproate,pressure of speech
cortisone,dermatitis bullous
docetaxel,neoplasm
sumatriptan,convulsion
zopiclone,electroencephalogram abnormal
lantus,diabetes mellitus
lamivudine,hepatic failure
risperidone,irritability
letrozole,renal failure
dicloxacillin,renal failure
metronidazole,postpartum sepsis
nalbuphine,pain
atropine,urinary tract disorder
ketoconazole,candida infection
gentamicin,bacterial infection
doxepin,psychotic disorder
clotrimazole,skin candida
fenofibrate,high density lipoprotein decreased
ribavirin,chronic hepatitis
cortisol,pneumonia
lidocaine,retching
methotrexate,psoriasis
clomiphene,endometrial cancer
minocycline,urethritis gonococcal
conjugated,vulvovaginal dryness
strontium,multiple fractures
chlorpheniramine,anaphylactic shock
progesterone,fluid retention
verapamil,coronary artery insufficiency
rosuvastatin,alcoholism
flurbiprofen,dysmenorrhoea
eprosartan,hyperkalaemia
lincomycin,pharyngitis
ciprofloxacin,pathogen resistance
tizanidine,spinal cord injury
nandrolone,renal failure acute
sertraline,abdominal discomfort
cefixime,urethritis
sorafenib,embolism
dapsone,sensitisation
progesterone,cough
doxorubicin,bronchial carcinoma
bromocriptine,hallucination
risperidone,breast cancer
fentanyl,bronchospasm
nitrofurantoin,asthma
metformin,fasting
tacrolimus,arthralgia
diclofenac,renal colic
mirtazapine,agitation
indapamide,hypertension
triamcinolone,psoriatic arthropathy
acyclovir,genital herpes
minocycline,upper respiratory tract infection
diazepam,status epilepticus
terazosin,peak expiratory flow rate
adenosine,convulsion
vancocine,enterocolitis
zolmitriptan,aura
pamidronate,breast cancer
cortisol,juvenile idiopathic arthritis
timolol,diabetes mellitus
methylprednisolone,metastases to central nervous system
anthracycline,neoplasm malignant
morphine,parkinson's disease
sulfacetamide,dandruff
clomiphene,gynaecomastia
prednisolone,colitis ulcerative
telavancin,renal failure
minocycline,relapsing fever
delamanid,tuberculosis
carvedilol,atrial pressure
gemfibrozil,hypothyroidism
nicotine,vasodilation procedure
cefuroxime,sepsis
carbinoxamine,urticaria physical
n-acetylcysteine,aspartate aminotransferase increased
fluticasone,asthma
disopyramide,agitation
ramiprilat,hyperlipidaemia
a77,multiple sclerosis
dexamethasone,retinal vein occlusion
erythromycin,rheumatic disorder
diclofenac,spinal osteoarthritis
zidovudine,immunodeficiency
lidocaine,oesophagitis
cefpodoxime,influenza
perphenazine,schizophrenia
trabectedin,liposarcoma
paclitaxel,metastatic neoplasm
miglitol,type 2 diabetes mellitus
maprotiline,anxiety
cyproheptadine,mechanical urticaria
bicarbonate,dehydration
conjugated,myocardial infarction
cetirizine,pruritus
clopidogrel,cerebrovascular accident
ziprasidone,sudden death
dihydroergotamine,retroperitoneal fibrosis
diazepam,inflammation
progesterone,feeling abnormal
nizatidine,renal impairment
atosiban,uterine contractions during pregnancy
procarbazine,plasma cell myeloma
trifluoperazine,aggression
prednisone,dermatomyositis
progesterone,breast cancer
sulconazole,tinea versicolour
paclitaxel,dizziness
triamcinolone,protein urine present
cyclophosphamide,hodgkin's disease lymphocyte depletion type stage unspecified
buspirone,anxiety
estradiol,pulmonary embolism
pge1,hypotonia
acitretin,non-hodgkin's lymphoma
cladribine,leukaemia
atropine,muscle contractions involuntary
flucloxacillin,lung abscess
lamivudine,chronic hepatitis b
atomoxetine,hyperkinesia
clonazepam,atonic seizures
irbesartan,renal impairment
dicloxacillin,pneumonia
supremon,prostate cancer
risperidone,mental disorder
metronidazole,vaginitis gardnerella
telavancin,renal impairment
lamivudine,hepatocellular injury
tiotropium,renal impairment
phenytoin,hypoalbuminaemia
metrodin,superovulation
aprepitant,nausea
atropine,diverticulitis
oxaliplatin,non-hodgkin's lymphoma
testosterone,application site irritation
deferasirox,hepatic cirrhosis
gd-dtpa,pituitary tumour benign
vancocine,cardiac valve disease
posaconazole,zygomycosis
cefotaxime,pneumonia bacterial
ranitidine,hyperchlorhydria
azathioprine,rheumatic disorder
"1,25(oh)2d3",renal failure chronic
zafirlukast,drug interaction
cefuroxime,cystitis
cefaclor,skin infection
nicotine,hypersensitivity
methylprednisolone,loeffler's syndrome
lacosamide,convulsion
zoledronic,fracture
ganciclovir,retinal exudates
demethyl,adrenocortical insufficiency acute
dalbavancin,alcohol abuse
amiloride,weight decreased
ofloxacin,overgrowth bacterial
methylprednisolone,malaise
ribavirin,inflammation
docetaxel,foetor hepaticus
amoxicillin,regurgitation
eplerenone,cardiac failure congestive
imipramine,depression
histrelin,haematuria
fluticasone,nasal obstruction
trametinib,acute coronary syndrome
melphalan,malignant melanoma
metronidazole,osteomyelitis
acyclovir,immunodeficiency
paroxetine,sexual dysfunction
amifostine,ovarian cancer
rescinnamine,rosacea
indinavir,haemophilia
etravirine,rash
temozolomide,metastases to central nervous system
busulfan,hepatotoxicity
docetaxel,lacrimation increased
vallergan,pruritus
prilocaine,methaemoglobinaemia
amiloride,hepatic cirrhosis
cyclobenzaprine,muscle spasms
clopidogrel,acute myocardial infarction
iloperidone,torsade de pointes
methotrexate,metastasis
ketoprofen,fibromyalgia
methadone,convulsion
bupivacaine,foetor hepaticus
cortisone,synovitis
minocycline,brucellosis
hydralazine,eclampsia
ibandronate,breast cancer
busulfan,chronic myeloid leukaemia
melphalan,sarcoma
metolazone,oedema
venlafaxine,paraesthesia
everolimus,breast cancer
cortisol,protein urine present
oseltamivir,body temperature increased
rabeprazole,gastric ulcer
ertapenem,osteomyelitis
sertraline,suicidal ideation
levobunolol,open angle glaucoma
estradiol,menopause
carbamazepine,fasting
2-hydroxysuccinaldehyde,anaemia
testosterone,puberty
oxybutynin,neurogenic bladder
atropine,hypotension
penicillin,rheumatic fever
dipyridamole,vasodilation procedure
erythromycin,pneumonia
efavirenz,liver disorder
fenofibrate,low density lipoprotein increased
cevimeline,sjogren's syndrome
metoprolol,angina pectoris
thiazide,hepatic cirrhosis
nitrofurantoin,urinary tract infection
lithium,bipolar i disorder
medroxyprogesterone,menstrual disorder
acetaminophen,rhinitis
morphine,left ventricular failure
irinotecan,pancreatic carcinoma
cancidas,infection
fluphenazine,liver injury
maprotiline,bipolar disorder
phenylbutyric,neoplasm malignant
clindamycin,parametritis
medroxyprogesterone,amenorrhoea
medroxyprogesterone,foetor hepaticus
cefuroxime,cystitis noninfective
epinephrine,asthma
pilocarpine,ocular hypertension
cefuroxime,rheumatic fever
salsalate,osteoarthritis
valganciclovir,cytomegalovirus chorioretinitis
lithium,flight of ideas
gemcitabine,non-hodgkin's lymphoma
medroxyprogesterone,cerebrovascular accident
tipranavir,autoimmune disorder
ofloxacin,blister
deprenyl,depressed mood
isocarboxazid,insomnia
ketoprofen,musculoskeletal discomfort
cortisone,asthma
esmolol,supraventricular tachycardia
histamine,acute leukaemia
cinacalcet,hyperparathyroidism primary
cortisol,dermatitis bullous
ranolazine,obstructive airways disorder
paroxetine,irritability
methotrexate,rheumatoid arthritis
progesterone,infection
norfloxacin,overgrowth bacterial
sparfloxacin,pathogen resistance
candesartan,renal impairment
fluconazole,systemic candida
leuprorelin,breast cancer female
penicillin,erysipeloid
benazeprilat,renal failure
disopyramide,liver disorder
fluoxetine,abdominal discomfort
minocycline,pyelonephritis
febuxostat,renal failure
dexamethasone,eye disorder
tacrolimus,hyperlipidaemia
cilazapril,cerebrovascular disorder
methotrexate,acute lymphocytic leukaemia
progesterone,dyspepsia
indomethacin,ligament sprain
doxorubicin,testis cancer
meropenem,meningitis bacterial
l-dmp,mental disability
vilazodone,decreased interest
ketorolac,eye pruritus
nisoldipine,hypertension
alfentanil,euphoric mood
prednisolone,hypercalcaemia
prednisolone,arthritis
amphotericin,extravasation
riluzole,neurodegenerative disorder
nifedipine,diabetes mellitus
diltiazem,heart disease congenital
glipizide,neuropathy peripheral
propafenone,ventricular tachycardia
deprenyl,disturbance in attention
loxapine,schizoaffective disorder
ketorolac,osteoarthritis
carboplatin,rhabdomyosarcoma
k779,hepatitis chronic active
d-penicillamine,rash
doxorubicin,metastatic neoplasm
delta,neoplasm malignant
modafinil,sleep disorder
famotidine,body temperature increased
ibuprofen,analgesic therapy
conjugated,breast feeding
metronidazole,vulvovaginitis trichomonal
gentamicin,pyoderma gangrenosum
pge1,vasodilation procedure
ponatinib,blast cell crisis
progesterone,constipation
iloprost,hypertension
tegaserod,irritable bowel syndrome
rabeprazole,duodenal ulcer
gadoteridol,renal failure
ceftazidime,urethritis
clodronate,plasma cell myeloma
methylprednisolone,neuritis
ceftriaxone,renal impairment
methylprednisolone,brain cancer metastatic
dabrafenib,acute coronary syndrome
lovastatin,hypertriglyceridaemia
prednisolone,metastases to central nervous system
iodide,bronchitis
cosyntropin,infantile spasms
ogen,anxiety
zoledronic,hyperparathyroidism
rifabutin,acquired immunodeficiency syndrome
alendronate,bone density decreased
progesterone,dizziness
dihydroergotamine,blood pressure increased
citalopram,suicide attempt
mirtazapine,hypersomnia
carbinoxamine,hypersensitivity
d-telaprevir,hepatitis c
clomiphene,ovarian enlargement
ibuprofen,inflammation
triptorelin,haematuria
carboplatin,neurotoxicity
bupropion,hypersomnia
triamcinolone,erythema multiforme
d-telaprevir,hepatocellular injury
naproxen,pain
nilutamide,prostate cancer metastatic
flecainide,arrhythmia supraventricular
caffeine,pulmonary function test decreased
atropine,abdominal pain
beclomethasone,skin disorder
bromocriptine,abdominal distension
ethambutol,tuberculosis of genitourinary system
pantoprazole,gastritis
triamcinolone,dermatomyositis
dalteparin,angina unstable
triamcinolone,systemic lupus erythematosus
lidocaine,anal fissure
azithromycin,cervicitis
retinoic,acne cystic
acebutolol,arrhythmia
triptorelin,prostate cancer metastatic
prednisone,meningitis
benazepril,nephropathy
thalidomide,myelodysplastic syndrome
bupivacaine,tremor
hydroxocobalamin,hereditary optic atrophy
cortisol,proctitis
sertraline,flashback
bcnu,lung disorder
cefotaxime,enterococcal infection
k779,chronic hepatitis c
prednisone,periarthritis
phenylpropanolamine,rhinitis
buspirone,irritability
diatrizoate,aneurysm
etidronate,multiple fractures
dexamethasone,ulcerative keratitis
rufinamide,convulsion
demethyl,urticaria
buspirone,renal failure
fludarabine,chronic lymphocytic leukaemia refractory
cefuroxime,lung abscess
mupirocin,eczema
ticagrelor,cerebrovascular accident
triamcinolone,granuloma annulare
duloxetine,decreased interest
desmopressin,haemarthrosis
ibandronate,bone disorder
carbamazepine,diabetic neuropathy
abacavir,immunodeficiency
acipimox,type iv hyperlipidaemia
procarbazine,neoplasm
cosyntropin,encephalopathy
everolimus,drug level therapeutic
vacv,oral herpes
dalteparin,neoplasm malignant
prednisolone,diabetes mellitus
gadolinium,hepatocellular injury
triamcinolone,meningitis tuberculous
betahistine,meniere's disease
prednisolone,vasculitis
alprazolam,fatigue
capecitabine,renal impairment
cephem,otitis media bacterial
imipramine,personality disorder
progesterone,hot flush
oxycodone,pain
aspirin,myositis
salmon,osteoporotic fracture
primidone,myoclonus
cisplatin,osteosarcoma
5-fluorocytosine,candida infection
5-fu,bowen's disease
udca,cholestasis
chlorthalidone,cardiac failure chronic
erythromycin,low birth weight baby
alprazolam,hyperthyroidism
tiotropium,emphysema
gemcitabine,bladder cancer
penicillin,subacute endocarditis
udca,thrombocytosis
allopurinol,glycogen storage disorder
fosphenytoin,hepatic function abnormal
prednisone,eczema
ziprasidone,decreased interest
fluocinolone,dermatitis atopic
duloxetine,tension
cas,angina pectoris
estradiol,oestrogen deficiency
homatropine,iridocyclitis
ipratropium,rhinitis seasonal
phenobarbital,anxiety
doxorubicin,sarcoma
salmeterol,emphysema
erythromycin,listeriosis
lidocaine,toxicity to various agents
raltitrexed,gastrooesophageal cancer
l-dmp,fear of death
promacta,aplastic anaemia
cabergoline,breast feeding
cefixime,rheumatic disorder
cortisone,dermatitis atopic
fty720,multiple sclerosis
prednisone,proctocolitis
iodixanol,nephrolithiasis
pentamidine,autoimmune disorder
rilpivirine,hiv infection
pindolol,sinus tachycardia
simvastatin,menarche
6-mercaptopurine,non-hodgkin's lymphoma
afatinib,neoplasm
eletriptan,aura
capsaicin,diabetes mellitus
ifosfamide,pancreatic carcinoma
dexamethasone,laryngitis
ofloxacin,diabetes mellitus
sildenafil,erectile dysfunction
5-asa,aphagia
cortisol,multiple sclerosis
arginine,hypopituitarism
kaluril,hepatic cirrhosis
sertraline,derealisation
fluoxetine,purging
clindamycin,sepsis
lubiprostone,constipation
retinoic,acne
demethyl,pneumonia aspiration
codeine,diarrhoea
v,nephrotic syndrome
valproate,partial seizures
trandolaprilat,cardiac failure congestive
rifampicin,brucellosis
clopidogrel,cerebrovascular disorder
regorafenib,colorectal cancer
azathioprine,idiopathic thrombocytopenic purpura
ivabradine,angina pectoris
thyroxine,thyroiditis
propafenone,vascular resistance systemic
methylprednisolone,laryngeal oedema
flucloxacillin,impetigo
ganciclovir,cytomegalovirus chorioretinitis
oxymorphone,left ventricular dysfunction
cyclophosphamide,lung neoplasm malignant
perindopril,coronary artery disease
ranitidine,scleroderma
conjugated,ovarian failure
6-mercaptopurine,leukaemic infiltration brain
tamoxifen,thrombocytopenia
tolmetin,juvenile idiopathic arthritis
dexamethasone,optic ischaemic neuropathy
mitotane,adrenal gland cancer
itraconazole,blastomycosis
aminophylline,lung disorder
tamoxifen,brain neoplasm
cetirizine,upper-airway cough syndrome
cefadroxil,tonsillitis
diazepam,migraine
sertraline,chills
prednisone,status asthmaticus
prednisone,dermatitis bullous
propafenone,menorrhagia
doxorubicin,thyroid cancer
prednisolone,rosacea
doxorubicin,acquired immunodeficiency syndrome
x,neoplasm malignant
conjugated,pain
retinoic,lipid metabolism disorder
cilazapril,renal artery stenosis
pirbuterol,bronchospasm
erythromycin,pneumonia legionella
conjugated,fracture
irinotecan,neutropenia
benzathine,yaws
disopyramide,sinus arrhythmia
oxaliplatin,agranulocytosis
penicillin,streptobacillary fever
doxepin,asthenia
testosterone,depressed mood
nafarelin,pelvic pain
cortisol,erythema multiforme
propranolol,sinus rhythm
dihydroergotamine,basilar migraine
k779,hepatitis c
betaxolol,chronic obstructive pulmonary disease
azathioprine,autoimmune haemolytic anaemia
ertapenem,pelvic infection
morphine,acute left ventricular failure
teniposide,retinoblastoma
ezetimibe,low density lipoprotein increased
procainamide,leukopenia
ribavirin,foetor hepaticus
desvenlafaxine,fatigue
cladribine,chronic lymphocytic leukaemia
omeprazole,peptic ulcer
methylphenidate,electroencephalogram abnormal
hydromorphone,proctocolitis
dexamethasone,tenosynovitis
moxifloxacin,acute sinusitis
tenoxicam,procedural pain
a77,relapsing-remitting multiple sclerosis
methylprednisolone,myalgia
almotriptan,phonophobia
midazolam,laceration
etoposide,cervix carcinoma
clozapine,suicidal behaviour
sertraline,nephropathy
busulfan,leukaemia
bromocriptine,hypotension
dutasteride,polyuria
cidofovir,pneumonia
prednisone,ankylosing spondylitis
diazepam,muscle spasticity
telmisartan,transient ischaemic attack
deprenyl,asthenia
cortisol,ankylosing spondylitis
emtricitabine,infection
oseltamivir,oropharyngeal discomfort
foscarnet,gastroenteritis
glipizide,diabetic retinopathy
verapamil,supraventricular tachycardia
clozapine,vomiting
vincristine,breast cancer
metronidazole,brain abscess
salmeterol,bronchospasm
ceftaroline,soft tissue infection
carbamazepine,convulsion
azithromycin,conjunctivitis
prazosin,hypotension
captopril,renal impairment
penicillin,gingivitis ulcerative
ibuprofen,migraine
iodixanol,infection
sildenafil,renal impairment
testosterone,anaphylactic shock
bleomycin,neoplasm malignant
triamcinolone,polyuria
desipramine,psychotic disorder
buspirone,feeling jittery
vinorelbine,lung neoplasm malignant
fk463,infection
loperamide,liver disorder
sulfasalazine,oedema mucosal
metronidazole,tension
pinaverium,abdominal pain
oxybutynin,hypertonic bladder
disopyramide,glaucoma
prednisolone,sympathetic ophthalmia
famotidine,haemoglobin
imatinib,chronic eosinophilic leukaemia
buspirone,discomfort
fluoxetine,menopausal symptoms
finasteride,androgenetic alopecia
ticagrelor,myocardial infarction
fondaparinux,embolism
meropenem,urinary tract infection
temozolomide,brain cancer metastatic
cefpodoxime,rheumatic disorder
bupropion,suicidal ideation
sodium,cardiac failure congestive
desmopressin,factor viii deficiency
levodopa/carbidopa,parkinson's disease
trifluoperazine,agitated depression
oxaliplatin,neoplasm malignant
methylprednisolone,neoplasm malignant
galantamine,dementia alzheimer's type
zoledronic,urine output
dexamethasone,loeffler's syndrome
estradiol,hyperhidrosis
valproate,bipolar disorder
cyclophosphamide,testis cancer
methadone,drug dependence
indapamide,diabetes mellitus
gemcitabine,breast cancer stage iv
metronidazole,vaginal infection
desmopressin,injury
sodium,alkalosis
doxycycline,otitis media
doxorubicin,cardiac disorder
morphine,drug dependence
prasugrel,haemorrhage
valsartan,essential hypertension
zolmitriptan,migraine
dexamethasone,scleroderma
progesterone,viral infection
methylprednisolone,aplasia pure red cell
ibandronate,hypercalcaemia
nefazodone,fatigue
amphotericin,fungal infection
vilazodone,fatigue
fosinopril,blood potassium increased
nafarelin,haemorrhage
efavirenz,dermatitis
ceftazidime,meningitis
diphenhydramine,mechanical urticaria
histamine,acute myeloid leukaemia
procainamide,arrhythmia
fentanyl,cough
testosterone,primary hypogonadism
cortisol,psoriasis
ofloxacin,cellulitis
atropine,conjunctivitis infective
zuclopenthixol,schizophrenia
oxprenolol,atrial tachycardia
prednisone,emphysema
paroxetine,hypersomnia
verapamil,vascular resistance systemic
cefoxitin,lower respiratory tract infection
desmopressin,rhinorrhoea
amphotericin,zygomycosis
nandrolone,renal failure
desmopressin,nasal mucosa atrophy
fentanyl,drug abuse
iodixanol,glioma
domperidone,vomiting
cefotaxime,asymptomatic bacteriuria
oseltamivir,nasal congestion
oseltamivir,malaise
cisplatin,hodgkin's disease lymphocyte predominance type stage unspecified
lisinopril,renal impairment
alprazolam,irritability
telavancin,staphylococcal infection
vancocine,diarrhoea
metrodin,testicular failure primary
levonorgestrel,pregnancy
dexamethasone,bursitis
celiprolol,hypertension
ketoconazole,tinea cruris
tobramycin,respiratory tract infection
dexamethasone,eosinophilic pneumonia
mifepristone,type 2 diabetes mellitus
methylprednisolone,blood disorder
ponatinib,hyperlipidaemia
metronidazole,herpes simplex
maprotiline,irritability
prednisone,gouty arthritis
sulindac,rheumatic disorder
gatifloxacin,infection
nalidixic,urinary tract infection
sunitinib,metastatic neoplasm
bortezomib,sepsis
losartan,renal failure chronic
morphine,anxiety
duloxetine,major depression
amphotericin,systemic candida
cortisone,ulcerative keratitis
atropine,rhinitis seasonal
dexmedetomidine,bradycardia
triamcinolone,blood disorder
ifosfamide,non-hodgkin's lymphoma
hydroxocobalamin,chest discomfort
metronidazole,endometritis
adapalene,acne
fondaparinux,deep vein thrombosis
mefloquine,plasmodium vivax infection
acyclovir,viraemia
danazol,pain
demethyl,endocrine disorder
prednisone,tenosynovitis
trandolapril,cardiac failure congestive
colestimide,hyperphosphataemia
risperidone,diabetes mellitus
oxaliplatin,syncope
prasugrel,electrocardiogram st segment elevation
pravastatin,hypercholesterolaemia
5-azacytidine,chronic myelomonocytic leukaemia
fenofibrate,hypercholesterolaemia
exenatide,diabetic ketoacidosis
sertraline,panic reaction
dexamethasone,fungal infection
penicillin,pinta
venlafaxine,derealisation
felodipine,hypotension
oestrogen,menopause
nitrofurantoin,cystitis
duloxetine,mental disability
morphine,asthma
iodixanol,ependymoma
prednisolone,tuberculosis
octreotide,asthenia
anthracycline,neuroblastoma
naproxen,rhinitis
amoxapine,psychotic disorder
fluvastatin,acute coronary syndrome
methotrexate,psoriatic arthropathy
leflunomide,psoriatic arthropathy
prednisone,pulmonary tuberculosis
doxorubicin,gastric cancer
celecoxib,pain
buspirone,fatigue
bupropion,seasonal affective disorder
bexarotene,neoplasm malignant
mycophenolic,lupus nephritis
chlorambucil,waldenstrom's macroglobulinaemia
tris,respiratory acidosis
nicotine,hepatic failure
cytokinin,postpartum haemorrhage
methylphenidate,memory impairment
busulfan,hodgkin's disease lymphocyte depletion type stage unspecified
vacv,herpes zoster
estradiol,osteoporosis postmenopausal
scopolamine,iridocyclitis
hydrochlorothiazide,eclampsia
chloramphenicol,cystic fibrosis
simvastatin,coronary artery disease
ceftriaxone,respiratory tract infection
zidovudine,opportunistic infection
ceftizoxime,urinary tract infection
guanidinium,myasthenic syndrome
nicotine,palpitations
darifenacin,functional gastrointestinal disorder
amphetamine,memory impairment
flunitrazepam,insomnia
itraconazole,immunodeficiency
ly146032,drug hypersensitivity
l-dmp,major depression
moxifloxacin,hepatic cirrhosis
ceftazidime,abscess
alprazolam,tremor
sodium,pruritus
ipratropium,bronchitis chronic
droperidol,agitation
progesterone,back pain
triamcinolone,nephropathy
leuprorelin,adrenogenital syndrome
conjugated,feeling hot
technetium-99m,mammogram abnormal
alfentanil,muscle rigidity
dasatinib,chromosome analysis abnormal
dacarbazine,hodgkin's disease lymphocyte depletion type stage unspecified
retinoic,obesity
maprotiline,fatigue
bromocriptine,parkinson's disease
amphotericin,renal failure
sunitinib,metastatic renal cell carcinoma
oxycodone,vasodilation procedure
dihydroergotamine,microsomia
lansoprazole,peptic ulcer
dicyclomine,irritable bowel syndrome
bisoprolol,cardiac failure
atomoxetine,hepatic failure
insulin,type 1 diabetes mellitus
trimethoprim,otitis media acute
clonidine,vascular headache
isomannide,coronary artery disease
simvastatin,acute coronary syndrome
bromcresol,bladder cancer
ipratropium,rhinitis
demethyl,enteritis
pazopanib,neoplasm
cefuroxime,overgrowth bacterial
5-azacytidine,dysplasia
progesterone,uterine haemorrhage
ciprofloxacin,renal impairment
formoterol,asthma
indomethacin,fracture
dihydroergotamine,ischaemia
hepatitis,acute hepatitis b
indomethacin,colitis ulcerative
umeclidinium,chronic obstructive pulmonary disease
doxorubicin,ovarian epithelial cancer
retinoic,actinic elastosis
risedronate,osteitis deformans
sunitinib,neoplasm
tigecycline,pneumonia bacterial
glucose,type 1 diabetes mellitus
fluoxetine,insomnia
tigecycline,decubitus ulcer
valdecoxib,osteoarthritis
ritonavir,diabetes mellitus
l-dmp,depersonalisation
demethyl,keloid scar
cortisol,purpura
fenofibric,diabetes mellitus
paclitaxel,shock
clonazepam,sensory loss
tamoxifen,bone pain
mefloquine,pathogen resistance
lioh,hyperkinesia
diane-35,hirsutism
metoclopramide,gastrooesophageal reflux disease
ceftriaxone,jaundice cholestatic
dihydroergotamine,cardiovascular disorder
loxapine,fasting
ogen,breast tenderness
indapamide,fluid retention
ospemifene,dyspareunia
minocycline,cellulitis
atorvastatin,high density lipoprotein increased
prednisone,crohn's disease
dalteparin,deep vein thrombosis
simvastatin,type iv hyperlipidaemia
famotidine,carcinogenicity
metoclopramide,migraine
loteprednol,conjunctivitis infective
thiothixene,mental disability
eltrombopag,infection
clomiphene,hyperprolactinaemia
testosterone,orchitis noninfective
minocycline,dermatitis
ezetimibe,type v hyperlipidaemia
itraconazole,paracoccidioides infection
simvastatin,type iia hyperlipidaemia
dalteparin,deep vein thrombosis postoperative
nitroglycerin,cerebrovascular accident
beclomethasone,asthma
fosinopril,blood aldosterone decreased
telavancin,pneumonia
citalopram,ischaemia
ogen,neoplasm malignant
methacholine,bronchospasm
quetiapine,major depression
baclofen,brain injury
indomethacin,back pain
butorphanol,procedural pain
prednisone,aplasia pure red cell
sorafenib,hepatocellular carcinoma
fe(iii,iron deficiency anaemia
fentanyl,miosis
lincomycin,cellulitis
dexamethasone,gout
alfentanil,bradycardia
eribulin,breast cancer stage iv
alprazolam,depression
ibuprofen,headache
d-penicillamine,arthritis
terbinafine,fungal skin infection
lamotrigine,dysmenorrhoea
terbinafine,body tinea
dexamethasone,secondary adrenocortical insufficiency
bromazepam,tension
lincomycin,endocarditis
duloxetine,feeling guilty
gemcitabine,hodgkin's disease lymphocyte predominance type stage unspecified
colesevelam,intestinal obstruction
palonosetron,vomiting
captopril,cerebrovascular accident
zoledronic,bone cancer metastatic
lercanidipine,diabetes mellitus
captopril,dermatitis
venlafaxine,anxiety
doxycycline,plasmodium vivax infection
hydroxocobalamin,immobile
alprazolam,borderline personality disorder
metronidazole,gastrointestinal disorder
deferasirox,sickle cell anaemia
cyproheptadine,seasonal allergy
lodoxamide,keratitis
allopurinol,neoplasm malignant
progesterone,eye disorder
nicotine,malignant hypertension
calcium,osteomalacia
morphine,acute coronary syndrome
norethisterone,endometriosis
clonazepam,abdominal discomfort
clozapine,cardiovascular disorder
ranolazine,chronic obstructive pulmonary disease
ofloxacin,pathogen resistance
benzathine,bacteraemia
fosphenytoin,nervous system disorder
progesterone,cleft palate
lomefloxacin,bacteraemia
l-dmp,dyspnoea
enfuvirtide,lung disorder
flurbiprofen,injury
testosterone,skin irritation
diazoxide,adenoma benign
atenolol,arteriosclerosis coronary artery
quetiapine,mania
gemcitabine,renal impairment
propranolol,acute coronary syndrome
nifedipine,malignant hypertension
azithromycin,sexually transmitted disease
chloramphenicol,otitis media chronic
minocycline,lymphadenitis
ofloxacin,furuncle
rifampicin,lepromatous leprosy
trazodone,suicidal ideation
cyclophosphamide,endometrial cancer
cancidas,abdominal abscess
terazosin,drug interaction
quetiapine,liver disorder
dexamethasone,thrombocytopenic purpura
cortisol,anaemia
demethyl,blood disorder
theophylline,asthma
nabumetone,rheumatoid arthritis
simvastatin,arteriosclerosis coronary artery
amoxapine,anxiety
tiotropium,acute coronary syndrome
diphenhydramine,rhinorrhoea
cefpodoxime,bladder pain
paclitaxel,kaposi's sarcoma aids related
abacavir,infection
sumatriptan,cardiac disorder
etoposide,autoimmune disorder
nicardipine,hypertension
cefazolin,respiratory tract infection
cefuroxime,bacterial infection
telavancin,infection
zoledronic,anaemia
iotrolan,renal impairment
rimonabant,diabetes mellitus
dexamethasone,gastrointestinal disorder
fluoxetine,affective disorder
prilocaine,agitation
hepatitis,hepatitis b
vitamin,coagulopathy
5-fluorocytosine,systemic candida
indapamide,hypersensitivity
hydroxyurea,lung neoplasm malignant
meropenem,bacterial sepsis
ketoconazole,dandruff
l-dmp,dysphoria
azathioprine,inflammatory bowel disease
atropine,rhinitis
amd3100,plasma cell myeloma
piperacillin,cystic fibrosis
k779,liver injury
dihydroergotamine,myocardial ischaemia
famotidine,constipation
demethyl,synovitis
actinomycin,ewing's sarcoma
nicotine,skin disorder
prazosin,benign prostatic hyperplasia
methylprednisolone,lichen planus
amiodarone,ventricular fibrillation
aztreonam,bacteraemia
technetium-99m,gastrointestinal haemorrhage
cetirizine,rhinorrhoea
ge-132,transplant rejection
tesamorelin,hypersensitivity
ceftazidime,genital infection female
ceftazidime,arthritis bacterial
estradiol,ovarian failure
doxycycline,necrotising ulcerative gingivostomatitis
teniposide,non-hodgkin's lymphoma
prednisolone,idiopathic thrombocytopenic purpura
tetrabenazine,ballismus
flunisolide,localised infection
ceftazidime,sepsis
bromocriptine,mood swings
prednisolone,bursitis
amiodarone,sudden death
phenylephrine,cycloplegia
prednisone,skin disorder
docetaxel,hormone-refractory prostate cancer
fludarabine,neoplasm
quetiapine,nuchal rigidity
acyclovir,dermatitis
pregabalin,spinal cord injury
valproate,petit mal epilepsy
atropine,pulmonary oedema
dacarbazine,non-hodgkin's lymphoma
chlorambucil,b-cell lymphoma
diazepam,anxiety disorder
lidocaine,ventricular arrhythmia
busulfan,myelodysplastic syndrome
atovaquone,lymphoma
cefprozil,bronchitis
pentamidine,renal failure
sodium,cardiovascular insufficiency
nitrofurantoin,sialoadenitis
demethyl,dermatitis bullous
lomustine,hodgkin's disease lymphocyte depletion type stage unspecified
amphotericin,nausea
exenatide,pancreatitis necrotising
zidovudine,acquired immunodeficiency syndrome
gentamicin,bacteraemia
glucose,pneumonia
diphenhydramine,motion sickness
cabazitaxel,prostate cancer metastatic
epinephrine,acute sinusitis
demeclocycline,bartonellosis
eprosartan,essential hypertension
acth(1-39,chorioretinitis
triamcinolone,eczema nummular
morphine,neoplasm malignant
acebutolol,angina pectoris
ranolazine,diabetes mellitus
pravastatin,blood cholesterol increased
norfloxacin,neurogenic bladder
cefuroxime,impetigo
zoledronic,analgesic asthma syndrome
progesterone,bone pain
tipranavir,acquired immunodeficiency syndrome
methylergometrine,uterine hypotonus
demethyl,adrenal insufficiency
vigabatrin,complex partial seizures
chlorpheniramine,pruritus
pravastatin,nephrotic syndrome
cefuroxime,pelvic inflammatory disease
metoclopramide,oesophageal ulcer
erythromycin,sexually transmitted disease
ibuprofen,arthritis
doxapram,depression
verapamil,angina pectoris
oseltamivir,discomfort
teniposide,pancytopenia
mitoxantrone,pain
diclofenac,body temperature increased
cetirizine,hypersensitivity
miconazole,body tinea
doxepin,alcoholism
estazolam,insomnia
acetaminophen,body temperature increased
methylprednisolone,fluid retention
memantine,parkinson's disease
haloperidol,disturbance in social behaviour
refludan,acute myocardial infarction
nevirapine,rash
tiopronin,cystine urine present
implanon,overweight
rotigotine,parkinsonism
prednisolone,choroiditis
ponatinib,chronic myeloid leukaemia
fluvoxamine,obsessive thoughts
pravastatin,carotid artery disease
demeclocycline,staphylococcal infection
ramipril,hypotension
atropine,hypertonia
acth(1-39,proteinuria
diclofenac,convulsion
goserelin,uterine leiomyoma
fluvastatin,type iia hyperlipidaemia
meclofenamate,pain
trazodone,fatigue
capreomycin,lung infection
piperacillin,genital infection female
rofecoxib,osteoarthritis
leflunomide,renal failure chronic
fentanyl,therapy naive
cefuroxime,hepatocellular injury
triamcinolone,adrenogenital syndrome
ephedrine,hypertension
quinaprilat,diabetes mellitus
cefoxitin,pneumonia
propericiazine,aggression
l-threo-dops,multiple system atrophy
fosphenytoin,cerebellar syndrome
morphine,bedridden
terbinafine,tinea cruris
prednisone,psoriatic arthropathy
pralatrexate,mucosal inflammation
clindamycin,endocarditis
amiodarone,pulmonary fibrosis
naloxone,blood pressure increased
lovastatin,coronary artery disease
flecainide,cardiac disorder
estradiol,foetor hepaticus
penicillin,bacterial sepsis
cyclophosphamide,gestational trophoblastic tumour
flurbiprofen,tendonitis
bcnu,lymphoma
cortisol,stevens-johnson syndrome
azithromycin,syphilis
ibuprofen,tendonitis
lmwh,deep vein thrombosis
ciprofloxacin,overgrowth bacterial
rosuvastatin,hypothyroidism
fentanyl,alcohol abuse
diazepam,aura
oxacillin,renal failure
carnitine,failure to thrive
torasemide,oedema
roxithromycin,impetigo
felodipine,cardiac failure
conjugated,dyspareunia
formoterol,obstructive airways disorder
methacholine,peptic ulcer
glimepiride,hypoglycaemia
ramipril,renal impairment
minocycline,dacryocystitis
clonazepam,menopausal symptoms
prednisolone,asthma
novolog,type 1 diabetes mellitus
tacrolimus,diabetes mellitus
eribulin,liver disorder
nitrazepam,anxiety
insulin,loss of consciousness
metyrapone,adrenal neoplasm
nitrofurantoin,pyelonephritis
propranolol,diabetes mellitus
prednisolone,osteoarthritis
disulfiram,nausea
fluconazole,acquired immunodeficiency syndrome
cefuroxime,rheumatic disorder
monomycin,rheumatic disorder
capecitabine,colon cancer
mebendazole,hookworm infection
lormetazepam,insomnia
belinostat,blood uric acid increased
quinapril,hypertension
metoclopramide,abdominal distension
propranolol,ulcer
ioversol,contrast media reaction
ergonovine,post abortion haemorrhage
prednisone,gout
gentamicin,viral infection
cefoxitin,sepsis
terbinafine,pityriasis
gadobutrol,neoplasm
methylphenidate,ventricular arrhythmia
metrodin,assisted fertilisation
indapamide,cardiac failure congestive
asenapine,mania
acth(1-39,juvenile idiopathic arthritis
cas,acute coronary syndrome
thymidine,hepatitis b e antigen positive
magnesium,convulsion
methylprednisolone,dermatitis exfoliative
gatifloxacin,furuncle
ertapenem,genital infection female
l-dmp,dizziness
calcium,rash
tigecycline,cellulitis gangrenous
methyl,actinic keratosis
mycophenolic,transplant rejection
ifosfamide,acute lymphocytic leukaemia
cidofovir,gastroenteritis
minocycline,dermatitis infected
clopidogrel,angina unstable
ranolazine,renal failure
conivaptan,hyponatraemia
gentamicin,pneumonia staphylococcal
quinol,skin disorder
digoxin,cardiac failure congestive
gadobenate,hepatocellular carcinoma
famotidine,neoplasm
hydromorphone,colitis ulcerative
cobicistat,immunodeficiency
edta,encephalopathy
desvenlafaxine,depressed mood
gd-dtpa,inflammation
gemfibrozil,dyslipidaemia
fluconazole,autoimmune disorder
methotrexate,arthritis
etidronate,spinal cord injury
ribavirin,hepatic cirrhosis
tranexamic,leukaemia
cortisone,panophthalmitis
prednisolone,serum sickness
ifosfamide,testis cancer
ipratropium,hypersensitivity
valproate,acquired immunodeficiency syndrome
alprazolam,pain
danazol,stress
aztreonam,urinary tract infection
lorazepam,tension
mometasone,erythema
griseofulvin,candida infection
bromocriptine,hypercholesterolaemia
citalopram,obsessive thoughts
venlafaxine,fear
bicarbonate,haemolysis
treprostinil,infection
etoricoxib,gout
montelukast,seasonal allergy
amantadine,influenza
thalidomide,prostate cancer
cephem,rheumatic fever
medroxyprogesterone,endometrial cancer stage iv
goserelin,anaemia
neostigmine,dysphagia
fluconazole,candida infection
dexamethasone,multiple sclerosis
tetrofosmin,cardiac disorder
su5416,haemorrhage
bimatoprost,glaucoma
trazodone,dysthymic disorder
modafinil,somnolence
desloratadine,pruritus
sotalol,tachycardia
penicillin,infection
trazodone,sexual dysfunction
bumetanide,hepatocellular injury
penicillin,renal failure
cefuroxime,otitis media
aspirin,sensitisation
danazol,breast disorder
pentoxifylline,intermittent claudication
phenylbutyric,argininosuccinate synthetase deficiency
ofloxacin,hepatic failure
sumatriptan,phonophobia
varenicline,schizophrenia
rofecoxib,juvenile idiopathic arthritis
cyproheptadine,angioedema
capecitabine,neoplasm
doxorubicin,neoplasm
fenoprofen,rheumatoid arthritis
dolasetron,vomiting
olanzapine,mental disorder
hydroxocobalamin,malabsorption
bazedoxifene,menopausal symptoms
didanosine,pancreatitis
nicotine,renal failure
norethisterone,uterine haemorrhage
methylprednisolone,systemic lupus erythematosus
celecoxib,spondylitis
refludan,heparin-induced thrombocytopenia
fluconazole,tinea pedis
verapamil,cardiac flutter
triamcinolone,mycosis fungoides
atosiban,foetal heart rate
nadolol,hyperthyroidism
lamivudine,fibrosis
piroxicam,osteoarthritis
prilocaine,cardiovascular insufficiency
aspirin,embolism venous
fluvastatin,myocardial infarction
papaverine,coronary artery occlusion
doxepin,coma
alprazolam,agoraphobia
amikacin,renal failure
histamine,type i hypersensitivity
hydromorphone,injury
aspirin,neuralgia
carvedilol,renal impairment
cortisol,collagen disorder
epinephrine,shock hypoglycaemic
sertraline,discomfort
pravastatin,acute coronary syndrome
metoprolol,diabetic nephropathy
nadolol,muscular weakness
pravastatin,low density lipoprotein increased
metoclopramide,dyspepsia
mannitol,brain oedema
6-mercaptopurine,leukaemia
triamcinolone,gout
topiramate,convulsion
sodium,haemorrhage
metoclopramide,neoplasm malignant
bicarbonate,diabetic ketoacidosis
clomiphene,infertility
exemestane,breast cancer
deprenyl,suicidal ideation
norfloxacin,proctitis
bicalutamide,prostate cancer
indomethacin,inflammation
fluconazole,oesophageal candidiasis
ciprofloxacin,body temperature increased
cortisone,hypoplastic anaemia
prednisone,skin exfoliation
irbesartan,angina unstable
ritonavir,acquired immunodeficiency syndrome
dexamethasone,thyroiditis
nitrogen,asthenia
dihydroergotamine,cyanosis
bromocriptine,hypertension
duloxetine,weight decreased
ramiprilat,renal failure
alendronate,gastrointestinal disorder
tolvaptan,cardiac failure
haloperidol,frustration
duloxetine,fatigue
nitrofurantoin,bladder pain
mometasone,sensitisation
boceprevir,anaemia
anthracycline,acute lymphocytic leukaemia
methylprednisolone,choroiditis
perphenazine,vomiting
zoledronic,fluid overload
diclofenac,hepatocellular injury
ifosfamide,encephalopathy
roxithromycin,acute tonsillitis
colesevelam,type 2 diabetes mellitus
pge1,pulmonary valve stenosis
clindamycin,pharyngitis
ephedrine,narcolepsy
demethyl,ulcerative keratitis
dapagliflozin,type 2 diabetes mellitus
loratadine,lacrimation increased
indapamide,vascular resistance systemic
mirtazapine,depressed mood
clozapine,diarrhoea
perphenazine,electroencephalogram abnormal
indapamide,essential hypertension
etoposide,prostate cancer
lisinopril,renin decreased
alprazolam,dyspnoea
potassium,essential hypertension
cefprozil,rheumatic fever
hydrochlorothiazide,cardiovascular disorder
bromocriptine,hypogonadism
meropenem,pneumonia
docetaxel,oesophageal adenocarcinoma
oxiconazole,tinea pedis
niacin,dyslipidaemia
ribavirin,hepatic failure
cefuroxime,arthritis bacterial
a77,physical disability
azithromycin,pelvic inflammatory disease
ziprasidone,convulsion
duloxetine,stress urinary incontinence
progesterone,infertility
simvastatin,hypercholesterolaemia
mitoxantrone,hepatic cancer
supremon,endometriosis
bupropion,asthenia
methyltestosterone,puberty
erythromycin,primary syphilis
quinidine,tachyarrhythmia
testosterone,injury
loxapine,schizophrenia
diclofenac,dysmenorrhoea
ofloxacin,otitis media acute
naproxen,ligament sprain
phenobarbital,epilepsy
ranolazine,renal impairment
megestrol,prostate cancer
sodium,acidosis
acyclovir,infection
carnitine,muscular weakness
acebutolol,hypertension
dopamine,feeling abnormal
propafenone,wolff-parkinson-white syndrome
copolymer,relapsing-remitting multiple sclerosis
progesterone,personality disorder
simvastatin,alcoholism
rofecoxib,dysmenorrhoea
disopyramide,arrhythmia
lovastatin,liver disorder
clarithromycin,renal failure
fosfomycin,bacteriuria
demethyl,iridocyclitis
nefazodone,suicide attempt
gefitinib,non-small cell lung cancer
mitoxantrone,metastatic neoplasm
benazeprilat,nephropathy
prednisone,blood disorder
metformin,lactic acidosis
gatifloxacin,acute sinusitis
thalidomide,graft versus host disease
indapamide,pregnancy
prednisolone,brain oedema
liraglutide,pancreatitis
dihydroergotamine,peripheral arterial occlusive disease
ceftizoxime,pelvic inflammatory disease
medroxyprogesterone,blindness
cidofovir,acquired immunodeficiency syndrome
tolcapone,parkinson's disease
flurbiprofen,rheumatoid arthritis
metoclopramide,asthma
emtricitabine,imprisonment
zuclopenthixol,hallucination
valproate,agitation
clindamycin,cervicitis
cortisol,gout
cancidas,systemic candida
lithium,polyuria
metronidazole,erythema
perindopril,acute coronary syndrome
phenytoin,convulsion
dalteparin,renal impairment
aztreonam,infection
posaconazole,systemic mycosis
ciclopirox,infection
doxazosin,hypotension
pantoprazole,duodenal ulcer
ziprasidone,agitation
nitroglycerin,drug interaction
progesterone,exophthalmos
trospium,urge incontinence
sulfamethoxazole,pneumocystis jirovecii pneumonia
rifampicin,pulmonary tuberculosis
cisplatin,hypomagnesaemia
aspirin,synovitis
clobazam,anxiety
cortisol,urticaria
gatifloxacin,bladder pain
cetirizine,asthma
fk463,systemic candida
budesonide,inflammation
clindamycin,tonsillitis
ephedrine,nasopharyngitis
sodium,renal failure chronic
nitrazepam,irritability
amiodarone,hyperkinesia
cerivastatin,hypercholesterolaemia
mirtazapine,mental disability
calcium,alkalosis
homatropine,paralysis
fluoxetine,liver disorder
heparin,coagulopathy
aliskiren,myocardial infarction
colesevelam,arteriosclerosis
bicarbonate,metabolic acidosis
apixaban,pulmonary embolism
didanosine,liver disorder
alosetron,irritable bowel syndrome
k779,hyperhidrosis
tadalafil,erectile dysfunction
etoposide,ovarian cancer
clobazam,lennox-gastaut syndrome
methotrexate,leukaemic infiltration brain
hydrochlorothiazide,cardiac failure congestive
bromhexine,infection
ketorolac,conjunctivitis allergic
dexamethasone,senile pruritus
nefazodone,insomnia
diatrizoate,neoplasm malignant
sodium,asthma
hydrochlorothiazide,obesity
salmon,fracture
cefdinir,renal impairment
k779,haemoglobin
nicotine,local reaction
photofrin,non-small cell lung cancer
acyclovir,sexually transmitted disease
leflunomide,pain
famotidine,congenital anomaly
abacavir,disease progression
penicillin,syphilis
gatifloxacin,cystitis noninfective
irinotecan,dehydration
alfentanil,liver disorder
dapagliflozin,infection
duloxetine,depressed mood
aspirin,influenza
cortisol,iritis
fluconazole,candiduria
clobazam,brain injury
nicotine,myocardial infarction
d-penicillamine,metal poisoning
dimercaprol,metal poisoning
lantus,type 2 diabetes mellitus
paroxetine,sensory loss
mupirocin,ichthyosis acquired
telithromycin,infection
tranexamic,post procedural haemorrhage
ofloxacin,hepatic function abnormal
celecoxib,polyp
paliperidone,dementia
pentoxifylline,diabetes mellitus
romidepsin,infection
deprenyl,feeling guilty
ticagrelor,acute coronary syndrome
codeine,cough
cancidas,body temperature increased
clopidogrel,electrocardiogram st segment elevation
pentoxifylline,angiopathy
everolimus,renal cell carcinoma
morphine,renal failure
zileuton,asthma
simvastatin,blood triglycerides normal
gatifloxacin,urinary tract infection
prednisolone,nephritic syndrome
valsartan,left ventricular failure
butabarbital,insomnia
almotriptan,photophobia
rapamycin,renal failure
atomoxetine,coma
pomalidomide,neuropathy peripheral
thymidine,inflammation
meropenem,appendicitis
paclitaxel,breast cancer
tobramycin,bronchopneumonia
progesterone,irritability
temsirolimus,renal cell carcinoma
gd-dtpa,eyelid ptosis
vernakalant,sinus rhythm
demethyl,sarcoidosis
nepafenac,macular oedema
naproxen,toothache
cefprozil,cystitis noninfective
sotalol,hypertension
alprazolam,diarrhoea
meropenem,renal impairment
lanreotide,carcinoid syndrome
arsenic,neoplasm malignant
demethyl,gout
ofloxacin,hypersensitivity
maprotiline,major depression
homatropine,iritis
rifaximin,dysentery
lindane,infestation
baclofen,epilepsy
dihydroergotamine,colitis ischaemic
technetium-99m,myocardial infarction
sulindac,rotator cuff syndrome
dexamethasone,polymyositis
loperamide,renal failure
duloxetine,suicidal ideation
flecainide,sudden death
amiloride,metabolic alkalosis
cefuroxime,asymptomatic bacteriuria
prochlorperazine,generalised anxiety disorder
dantrolene,spinal cord injury
simvastatin,cardiovascular disorder
nefazodone,agitation
meclofenamate,peptic ulcer
ipratropium,upper-airway cough syndrome
octreotide,headache
bezafibrate,coronary artery disease
triamcinolone,sympathetic ophthalmia
cephalexin,renal impairment
clodronate,analgesic asthma syndrome
diclofenac,hypotension
rifaximin,chronic hepatic failure
triamcinolone,eosinophilic pneumonia
glimepiride,nephropathy
rasburicase,leukaemia
fluconazole,pneumonia
verapamil,acute coronary syndrome
cefuroxime,cellulitis
mirtazapine,bradyphrenia
ranitidine,gastrooesophageal reflux disease
buspirone,impatience
metolazone,discomfort
methylprednisolone,transfusion reaction
bcnu,brain neoplasm
formoterol,reversible airways obstruction
oseltamivir,respiratory tract infection
tamoxifen,endometrial cancer
glimepiride,obesity
abacavir,hypersensitivity
amisulpride,hallucination
glibenclamide,hyperglycaemia
fusidic,blepharitis
valproate,irritability
thyroxine,acute myocardial infarction
insulin,diabetic hyperglycaemic coma
captopril,renal failure
ketoprofen,back pain
bicarbonate,injection site pain
naftifine,body tinea
acth(1-39,infantile spasms
progesterone,haemoglobin
quinidine,myotonia
clindamycin,periodontitis
bupivacaine,vascular resistance systemic
ketoconazole,tinea versicolour
v,uveitis
prednisolone,vaccinia virus infection
cancidas,endocarditis
doxycycline,abscess
cefoxitin,lung abscess
minocycline,periodontal disease
penicillin,rheumatic disorder
k779,chromosome analysis abnormal
atorvastatin,metabolic syndrome
d-penicillamine,foetor hepaticus
famotidine,anaphylactic shock
k779,liver disorder
cefepime,pneumonia streptococcal
disulfiram,alcohol abuse
nitroglycerin,vascular resistance systemic
sunitinib,lung neoplasm malignant
methylprednisolone,rhinitis perennial
sulfasalazine,inflammatory bowel disease
sorafenib,hepatic cancer
furosemide,anuria
vandetanib,metastatic neoplasm
adefovir,alanine aminotransferase increased
streptozotocin,diabetes mellitus
atomoxetine,mental status changes
cefaclor,cystitis
choline,bronchial hyperreactivity
cortisol,inflammation
fluoride,hypersensitivity
mometasone,psoriasis
ceftazidime,urethritis noninfective
cefepime,cystic fibrosis
prednisone,thyroiditis
trans,mitral valve stenosis
paclitaxel,non-small cell lung cancer
ranitidine,gastrointestinal haemorrhage
triamcinolone,nephrotic syndrome
amoxicillin,pharyngitis
clindamycin,respiratory tract infection
clindamycin,tooth abscess
aztreonam,pseudomonas infection
tazarotene,photodermatosis
doxycycline,rheumatic disorder
sulindac,arthritis
ramipril,acute myocardial infarction
empagliflozin,urinary tract infection
tamoxifen,malignant melanoma
ceftazidime,bronchiectasis
itraconazole,autoimmune disorder
metronidazole,liver disorder
diatrizoate,germ cell cancer
fluoxetine,decreased interest
cefprozil,tracheobronchitis
pge1,mitral valve atresia
ziprasidone,major depression
nizatidine,hypergastrinaemia
pentobarbital,status epilepticus
cilazapril,renovascular hypertension
diane-35,neoplasm
dipyridamole,acute coronary syndrome
carbamazepine,multiple sclerosis
tacrolimus,type 2 diabetes mellitus
cortisone,gouty arthritis
morphine,dyspnoea
naproxen,nasopharyngitis
axitinib,renal cell carcinoma
aztreonam,lower respiratory tract infection
prednisolone,hypercalcaemia of malignancy
risperidone,carcinogenicity
benazeprilat,angioedema
ogen,nausea
piperacillin,abdominal infection
famotidine,polyuria
fluticasone,rhinitis
eltrombopag,haemorrhage
diazepam,epilepsy
medroxyprogesterone,acute coronary syndrome
amantadine,chronic respiratory disease
minocycline,impetigo
demeclocycline,plague
ziprasidone,pituitary tumour
carbamazepine,urine output increased
sildenafil,muscle rigidity
arsenic,acute myeloid leukaemia
tamoxifen,adenocarcinoma
doxorubicin,brain neoplasm
bcnu,astrocytoma
dorzolamide,liver disorder
bromocriptine,cerebrovascular accident
timolol,hypertension
estradiol,endometriosis
fondaparinux,acute coronary syndrome
6-thioguanine,chronic lymphocytic leukaemia
idarubicin,non-hodgkin's lymphoma
ramiprilat,cardiac failure congestive
buspirone,depression
nedocromil,bronchitis
doxorubicin,small cell lung cancer
gemcitabine,renal failure
mupirocin,ichthyosis
trimethadione,petit mal epilepsy
amantadine,diabetes mellitus
udca,hepatocellular injury
teniposide,brain neoplasm
sodium,ileus paralytic
clobetasone,skin disorder
naproxen,migraine
gemcitabine,pancytopenia
doxycycline,actinomycosis
temozolomide,glioma
fluvastatin,cardiac disorder
colchicine,diarrhoea
metronidazole,postoperative wound infection
atorvastatin,diabetes mellitus
cinacalcet,neoplasm malignant
diazepam,tension
metronidazole,tooth infection
cosyntropin,colitis ulcerative
amantadine,parkinson's disease
sulfadiazine,cystitis
dexamethasone,eczema infantile
samarium,bone lesion
fenofibrate,type 2 diabetes mellitus
deprenyl,parkinson's disease
cidofovir,retinitis
spironolactone,hyperadrenocorticism
metoprolol,cerebrovascular accident
diazoxide,haemoglobin
efavirenz,pathogen resistance
oxybutynin,constipation
metronidazole,crohn's disease
prednisone,systemic lupus erythematosus
clonazepam,partial seizures
aliskiren,hypertension
bretylium,ventricular arrhythmia
"1,25(oh)2d3",bone metabolism disorder
dexamethasone,gouty arthritis
technetium-99m,acute myocardial infarction
ertapenem,urinary tract infection
carvedilol,ischaemic cardiomyopathy
dexamethasone,otitis externa
regadenoson,lung disorder
prednisone,lymphoma
methylprednisolone,brain neoplasm
diltiazem,nodal arrhythmia
neostigmine,urinary retention
olmesartan,hyperlipidaemia
meropenem,bacterial infection
atorvastatin,foetor hepaticus
azithromycin,tonsillitis
duloxetine,hypersensitivity
dexrazoxane,breast cancer stage iv
teniposide,lung neoplasm malignant
fluoxymesterone,delayed puberty
bromfenac,inflammation
supremon,bone cancer metastatic
ofloxacin,wound infection
aliskiren,diabetes mellitus
prednisone,berylliosis
tacrolimus,arthritis
carboplatin,osteosarcoma
latanoprost,open angle glaucoma
nepafenac,inflammation
chlorthalidone,nephrotic syndrome
norfloxacin,pyelonephritis
lindane,lice infestation
chlorpromazine,bipolar i disorder
zidovudine,disease progression
topiramate,renal failure chronic
sertraline,palpitations
lactate,ichthyosis
tadalafil,connective tissue disorder
salmeterol,asthma exercise induced
ribavirin,weight decreased
acitretin,skin disorder
diltiazem,arteriospasm coronary
cortisol,azotaemia
methylprednisolone,asthma
etoposide,hepatic cancer
ketoprofen,swelling
zopiclone,insomnia
progesterone,chest pain
hydroxybutyrate,cataplexy
bromocriptine,prolactinoma
beclomethasone,cutaneous lupus erythematosus
ramipril,essential hypertension
k779,ascites
dihydroergotamine,subarachnoid haemorrhage
amoxicillin,bacteraemia
aliskiren,hyperlipidaemia
clopidogrel,nephritic syndrome
methacholine,asthma
nicorandil,angina pectoris
atorvastatin,hypercholesterolaemia
amd3100,plasmacytoma
ceftazidime,lower respiratory tract infection
prednisolone,iritis
kaluril,metabolic alkalosis
tetracycline,amoebic colitis
alosetron,gastrointestinal pain
colesevelam,type 1 diabetes mellitus
morphine,muscle mass
atropine,peptic ulcer
cefotaxime,renal impairment
neostigmine,myasthenia gravis
atropine,renal colic
clozapine,hyperglycaemia
cisplatin,renal impairment
pge2,abortion missed
zyprexa,schizophrenia
medroxyprogesterone,inflammation
ephedrine,seasonal allergy
beclomethasone,eczema
acth(1-39,choroiditis
demeclocycline,urethritis
rasburicase,neoplasm
procainamide,blood disorder
clonidine,hypotension
ceftazidime,pyelonephritis chronic
fludarabine,renal impairment
cladribine,non-hodgkin's lymphoma
epinephrine,cardiovascular disorder
homatropine,ciliary muscle spasm
fentanyl,apnoea
pralatrexate,febrile neutropenia
dexamethasone,thrombocytopenia
pge2,benign hydatidiform mole
k779,chronic myeloid leukaemia
rifabutin,autoimmune disorder
melatonin,insomnia
methylprednisolone,aspiration
dexamethasone,leukaemia
dalteparin,haematoma
diazepam,tension headache
amphotericin,oesophageal candidiasis
lansoprazole,duodenal ulcer
chlorpheniramine,serum sickness
etidronate,injury
mometasone,nasal polyps
almeta,skin disorder
demethyl,lymphoma
glycopyrrolate,peptic ulcer
prednisolone,erythema multiforme
fp-cit,essential tremor
valsartan,cardiac failure chronic
cefuroxime,soft tissue infection
buspirone,nervousness
palonosetron,neoplasm malignant
clopidogrel,acute coronary syndrome
etoposide,nervous system disorder
phenobarbital,chorea
terazosin,parkinsonism
fosinopril,hypotension
fexofenadine,rhinitis allergic
tranylcypromine,decreased interest
cortisol,dermatitis
ganciclovir,neoplasm
hydralazine,oedema
paroxetine,liver disorder
sertraline,breast tenderness
lamivudine,hepatitis d
k779,alanine aminotransferase increased
vacv,renal failure
cimetidine,haemoglobin
prednisolone,viral infection
simvastatin,type iib hyperlipidaemia
zonisamide,sudden unexplained death in epilepsy
triptorelin,prostate cancer
cefadroxil,pneumonia
lisinopril,cardiogenic shock
amphotericin,coccidioidomycosis
cladribine,nausea
cortisone,psoriasis
sodium,hyperventilation
penicillin,pericarditis
ceftazidime,central nervous system infection
ramiprilat,hypertension
valproate,hyperammonaemia
clozapine,myoclonus
dexamethasone,hyperadrenocorticism
avanafil,erectile dysfunction
oxytocin,cardiovascular disorder
salmon,hyperparathyroidism
carvedilol,hypertension
pancuronium,muscle twitching
nadolol,tachycardia
cisplatin,bladder cancer
liraglutide,antibody test negative
dexamethasone,idiopathic thrombocytopenic purpura
thyroxine,atrophy
sorafenib,renal cell carcinoma
vincristine,hypersensitivity
benzathine,rhinitis seasonal
fluoxymesterone,injury
epinephrine,serum sickness
diclofenac,contusion
clarithromycin,pharyngitis
lomefloxacin,bladder pain
spironolactone,adenoma benign
naphazoline,conjunctivitis allergic
ketorolac,photophobia
cefaclor,streptococcal infection
ibuprofen,neuralgia
danazol,breast pain
ly146032,endocarditis
dopamine,confusional state
desmopressin,head injury
valsartan,hypotension
cortisol,ulcerative keratitis
ganciclovir,cytomegalovirus infection
formoterol,bronchitis chronic
milrinone,ventricular arrhythmia
cosyntropin,eczema
tobramycin,renal impairment
melphalan,waldenstrom's macroglobulinaemia
metrodin,polycystic ovaries
estradiol,alcohol abuse
prednisone,choroiditis
trazodone,anxiety
chloride,haemorrhage
prednisone,foetor hepaticus
didanosine,renal failure
gatifloxacin,abscess
potassium,nephrolithiasis
warfarin,venous thrombosis
tenofovir,liver disorder
cortisol,lymphoma
captopril,nephropathy
lomefloxacin,bronchitis chronic
symlin,type 1 diabetes mellitus
anthracycline,lymphoma
melphalan,plasmacytoma
amlodipine,myocardial ischaemia
salsalate,rheumatic disorder
diatrizoate,haematoma
tenofovir,renal impairment
nevirapine,hepatotoxicity
salmon,hypercalcaemia
prednisolone,pneumocystis jirovecii pneumonia
morphine,fasting
propafenone,myocardial infarction
fosinopril,blood pressure fluctuation
chlorpheniramine,urticaria physical
pravastatin,peripheral vascular disorder
ritonavir,factor viii deficiency
metronidazole,liver abscess
estrofem,oestrogen deficiency
demethyl,colitis ulcerative
beclomethasone,lichen planus
prednisolone,bronchial hyperreactivity
alprazolam,nausea
amantadine,malaise
lidocaine,pruritus
verapamil,cardiac fibrillation
quinidine,sinus rhythm
bazedoxifene,osteoporosis
sodium,hypotension
dexamethasone,uveitis
cortisol,epicondylitis
progesterone,swelling
hepatitis,haemophilia
trifluoperazine,tremor
natamycin,conjunctivitis
cortisone,berylliosis
gentamicin,pseudofolliculitis barbae
simvastatin,cerebrovascular disorder
azithromycin,lyme disease
omeprazole,dyspepsia
ixabepilone,breast cancer
irbesartan,renal failure chronic
oxytetracycline,syphilis
etravirine,infection
revasc,deep vein thrombosis
ustekinumab,psoriasis
erythromycin,hepatic function abnormal
deferasirox,iron overload
atropine,diarrhoea
tamoxifen,bone cancer metastatic
mitoxantrone,acute leukaemia
cortisol,tuberculosis
leflunomide,sepsis
tolbutamide,type 2 diabetes mellitus
docetaxel,nausea
anastrozole,breast cancer stage iv
dapagliflozin,genital infection fungal
mirabegron,hypertonic bladder
famotidine,liver disorder
methadone,respiratory depression
etoricoxib,rheumatoid arthritis
tamoxifen,intraductal proliferative breast lesion
conjugated,endometrial hyperplasia
carbidopa,parkinson's disease
k779,hepatitis b surface antigen positive
cyproheptadine,cold urticaria
cefprozil,abscess
trandolapril,hypertension
bcnu,brain stem glioma
diclofenac,ligament sprain
zolmitriptan,hypertension
zoledronic,renal failure
bcnu,malignant glioma
oxazepam,anxiety
cortisol,tenosynovitis
ogen,insomnia
ipratropium,reversible airways obstruction
tafluprost,open angle glaucoma
itraconazole,chromoblastomycosis
itraconazole,aspergillus infection
bromocriptine,flatulence
etidronate,hypercalcaemia of malignancy
fosinopril,essential hypertension
scopolamine,salivary hypersecretion
doxycycline,urethritis
dexamethasone,endocrine disorder
carvedilol,ventricular dysfunction
histamine,urticaria
dantrolene,body temperature increased
isopropyl,ocular hypertension
pge1,congenital tricuspid valve atresia
cefaclor,respiratory tract infection
irinotecan,non-hodgkin's lymphoma
verapamil,intermittent claudication
quetiapine,schizoaffective disorder
perindopril,hypertension
argatroban,acute myocardial infarction
cefuroxime,erysipelas
cortisol,blood disorder
didanosine,immunodeficiency
ibuprofen,arthropathy
ifosfamide,sarcoma
hydroxychloroquine,rheumatoid arthritis
piperacillin,bacteraemia
azelastine,rhinitis perennial
cefepime,sepsis
donepezil,cerebrovascular disorder
cancidas,peritonitis
gemifloxacin,pneumonia
carboprost,postpartum haemorrhage
dipyridamole,embolism venous
carbidopa,parkinsonism
salmon,multiple fractures
erythromycin,legionella infection
sodium,aggression
thiamine,vitamin b1 deficiency
paliperidone,dementia with lewy bodies
lithium,toxicity to various agents
imipramine,alcoholism
pge2,pre-eclampsia
nedocromil,pruritus
tamoxifen,menarche
cyclophosphamide,breast cancer
prednisone,hyperadrenocorticism
ticagrelor,renal impairment
triamcinolone,leukaemia
griseofulvin,infection
bupivacaine,cardiac output decreased
amoxicillin,endocarditis bacterial
aripiprazole,bipolar disorder
medroxyprogesterone,dysmenorrhoea
triamcinolone,synovitis
promethazine,arthropod bite
regorafenib,colorectal cancer metastatic
duloxetine,fibromyalgia
rosuvastatin,hypertriglyceridaemia
tobramycin,lower respiratory tract infection
fesoterodine,hypertonic bladder
vinorelbine,neoplasm
methylphenidate,narcolepsy
cytarabine,acute lymphocytic leukaemia
trimethoprim-sulfamethoxazole,otitis media
prednisone,dermatitis
alprazolam,disturbance in attention
metrodin,azoospermia
desipramine,orthostatic hypotension
pravastatin,arteriosclerosis
dorzolamide,foetor hepaticus
darifenacin,pollakiuria
pge2,diabetes mellitus
isocarboxazid,dysphoria
spironolactone,discomfort
estradiol,menopausal symptoms
trandolapril,renal impairment
fondaparinux,thrombophlebitis superficial
kaluril,ascites
cortisol,nephropathy
cabergoline,stillbirth
6-thioguanine,hodgkin's disease lymphocyte depletion type stage unspecified
piperacillin,lower respiratory tract infection
diclofenac,osteoarthritis
atorvastatin,hypertriglyceridaemia
papaverine,angina pectoris
teniposide,trisomy 21
amoxicillin,tonsillitis
ethacrynic,ascites
sulindac,ankylosing spondylitis
clindamycin,vulvovaginitis
insulin,vomiting
crizotinib,non-small cell lung cancer
cortisol,systemic lupus erythematosus
efavirenz,foetor hepaticus
simvastatin,hypothyroidism
hydroxocobalamin,apnoea
amoxicillin,escherichia infection
alprazolam,mental disability
octreotide,musculoskeletal discomfort
minocycline,rickettsialpox
itraconazole,tinea infection
eprosartan,anaemia
sodium,hypersensitivity
atropine,muscle spasms
eptifibatide,pregnancy
atorvastatin,central obesity
captopril,proteinuria
acth(1-39,multiple sclerosis
tranexamic,gastrointestinal haemorrhage
sodium,diabetic ketoacidosis
cyclophosphamide,ovarian epithelial cancer
moxifloxacin,hepatic function abnormal
ertapenem,diabetic foot infection
prednisone,ulcer
v,glomerulonephropathy
carboplatin,endometrial cancer
clonidine,menopause
lidocaine,pain
cidofovir,cytomegalovirus chorioretinitis
fosinopril,vascular resistance systemic
l-dmp,tremor
retinoic,lentigo
doxapram,depressed level of consciousness
gentamicin,impetigo
sodium,mydriasis
metronidazole,vaginitis bacterial
cisplatin,hypocalcaemia
entecavir,liver disorder
gd-dtpa,syringomyelia
methylprednisolone,encephalitis
bretylium,ventricular tachycardia
erlotinib,neoplasm
udca,biliary colic
amantadine,respiratory tract infection
tranexamic,liver disorder
technetium-99m,gastrooesophageal reflux disease
conjugated,artificial menopause
sotalol,cerebrovascular accident
piperacillin,sepsis
saxagliptin,type 1 diabetes mellitus
reboxetine,depression
promethazine,varicella
tenofovir,chronic hepatitis b
malvidin,ocular hypertension
dihydroergotamine,pallor
hydroxyurea,uterine cancer
v,psoriasis
cetirizine,chronic spontaneous urticaria
hydromorphone,cancer pain
fluconazole,infection
mupirocin,wound
fluvastatin,peripheral vascular disorder
ranolazine,cardiac failure
prednisolone,injury corneal
sotalol,hypotension
doxycycline,amoebic colitis
quetiapine,depression
omeprazole,gastritis
gadobutrol,cerebral ischaemia
hydroxyurea,renal failure
etoposide,hodgkin's disease lymphocyte predominance type stage unspecified
tranexamic,proctocolitis
azithromycin,pneumonia chlamydial
sulfasalazine,haemoglobin
mexiletine,arrhythmia
cortisol,hypercalcaemia
felodipine,gingivitis
cefepime,body temperature increased
d-cycloserine,urinary tract infection
histrelin,neoplasm
indinavir,autoimmune disorder
prednisone,polyuria
tobramycin,abdominal infection
ceftriaxone,pneumonia streptococcal
furosemide,jaundice
clomipramine,narcolepsy
chloramphenicol,eye infection
bromfenac,eyelid oedema
sulindac,gout
flucloxacillin,urinary tract infection
vacv,post herpetic neuralgia
cas,renal impairment
minocycline,hordeolum
famotidine,gastrooesophageal reflux disease
5-aza-2'-deoxycytidine,chronic myelomonocytic leukaemia
nitrite,dyspnoea
amlodipine,diabetes mellitus
fluphenazine,brain injury
nifedipine,angina pectoris
metoprolol,supraventricular tachyarrhythmia
trifluoperazine,"schizophrenia, paranoid type"
parecoxib,procedural pain
minocycline,bartonellosis
ethacrynic,heart disease congenital
rivaroxaban,embolism
colestyramine,blood cholesterol increased
primidone,grand mal convulsion
etidronate,osteoporosis
clopidogrel,coronary artery disease
nitroglycerin,acute coronary syndrome
lovastatin,hyperlipidaemia
dexamethasone,dermatitis atopic
timolol,migraine
diazepam,monoplegia
magnesium,pre-eclampsia
pamidronate,hypercalcaemia
fenofibric,obesity
ioversol,renal impairment
magnesium,hypertension
vitamin,coagulation factor decreased
ketorolac,asthma
timolol,cardiac flutter
sodium,small intestinal obstruction
sulfadiazine,nocardiosis
megestrol,weight decreased
tramazoline,seasonal allergy
sulfadiazine,bladder pain
prednisolone,endocrine disorder
clindamycin,herpes simplex
fenoprofen,pain
methylprednisolone,optic neuritis
malvidin,glaucoma
d-penicillamine,hepatic cirrhosis
clonidine,visceral pain
prednisolone,crohn's disease
atropine,atrioventricular block
cortisone,collagen disorder
silver,wound sepsis
doxapram,acute respiratory failure
tiotropium,angle closure glaucoma
amlodipine,vasospasm
trifluoperazine,catatonia
pamidronate,amyloidosis
quinapril,essential hypertension
mometasone,seasonal allergy
naproxen,spondylitis
oseltamivir,cardiac disorder
progesterone,abdominal pain upper
tranexamic,menorrhagia
azithromycin,conjunctivitis bacterial
timolol,hyperkinetic heart syndrome
linagliptin,renal failure
losartan,diabetic nephropathy
gd-dtpa,renal failure
aztreonam,endometritis
captopril,malignant hypertension
clindamycin,abscess
tetraen,arteriosclerosis
atropine,infantile colic
progesterone,oropharyngeal pain
oxycodone,analgesic therapy
octreotide,pancreatitis acute
metoprolol,diabetes mellitus
ranitidine,oesophagitis
bivalirudin,myocardial infarction
sulfasalazine,proctocolitis
ibuprofen,back pain
amiloride,liver disorder
histrelin,urinary tract obstruction
morphine,parkinsonism
tigecycline,soft tissue infection
cosyntropin,muscle atrophy
oxytocin,gestational hypertension
d-penicillamine,kayser-fleischer ring
celecoxib,osteoarthritis
diatrizoate,craniopharyngioma
humalog,type 2 diabetes mellitus
minocycline,gingivitis ulcerative
bivalirudin,heparin-induced thrombocytopenia
alprazolam,dysthymic disorder
nitrite,coma
cefaclor,cystitis noninfective
efavirenz,carcinogenicity
irbesartan,diabetes mellitus
aztreonam,pelvic inflammatory disease
tazarotene,actinic elastosis
oxymorphone,pulmonary oedema
prednisone,fluid retention
esomeprazole,gastrooesophageal reflux disease
penicillin,listeriosis
venlafaxine,feeling guilty
brolene,ophthalmia neonatorum
glimepiride,hyperglycaemia
spironolactone,hirsutism
venlafaxine,malaise
carboplatin,neutropenia
amprenavir,immunodeficiency
tiotropium,cardiac disorder
famotidine,thrombocytopenia
carvedilol,cardiac failure congestive
demeclocycline,typhus
maprotiline,flat affect
losartan,myocardial infarction
carvedilol,tachycardia
isradipine,hypertension
nifedipine,liver disorder
naproxen,vasculitis
lamotrigine,mania
indomethacin,oedema
cosyntropin,pituitary tumour
minocycline,meningitis
eaca,hepatic cirrhosis
clindamycin,vaginal infection
nefazodone,feeling guilty
clarithromycin,mycobacterium avium complex infection
cefdinir,renal failure
doxycycline,granuloma inguinale
doxycycline,gingivitis ulcerative
pilocarpine,sjogren's syndrome
zanamivir,infection
atorvastatin,high density lipoprotein decreased
nitrazepam,epilepsy
methotrexate,bladder cancer
chlorpheniramine,conjunctivitis allergic
scopolamine,motion sickness
carbamazepine,loss of consciousness
lamotrigine,hepatic function abnormal
dofetilide,atrial flutter
acetaminophen,nasal congestion
paliperidone,breast cancer
clindamycin,tooth infection
nadolol,myocardial infarction
zoledronic,spinal fracture
cortisol,berylliosis
hydroxychloroquine,arthritis
amoxapine,depression
sertraline,major depression
ondansetron,neoplasm malignant
carbinoxamine,anaphylactic shock
cefpodoxime,ear infection
tinidazole,foetor hepaticus
isoxsuprine,premature labour
prednisolone,brain cancer metastatic
vitamin,vitamin k deficiency
fluoxetine,suicide attempt
celecoxib,soft tissue injury
vigabatrin,partial seizures
epinephrine,dizziness
rotigotine,parkinson's disease
doxazosin,polyuria
isoniazid,hodgkin's disease lymphocyte predominance type stage unspecified
acyclovir,ophthalmic herpes simplex
fludrocortisone,neoplasm malignant
retinoic,alcohol abuse
hydrochlorothiazide,hepatic cirrhosis
lmwh,angina pectoris
simvastatin,blood cholesterol increased
bupivacaine,pain
prednisone,drug hypersensitivity
silodosin,benign prostatic hyperplasia
paliperidone,schizoaffective disorder
vinorelbine,breast cancer
paclitaxel,neoplasm
propranolol,palpitations
kaluril,polyuria
ropivacaine,procedural pain
salmon,osteoporosis postmenopausal
chlorambucil,dermatitis
"1,25(oh)2d3",osteoporosis postmenopausal
clonidine,agitation
sulfadiazine,wound sepsis
cortisol,dermatitis contact
ticagrelor,electrocardiogram st segment elevation
tacrolimus,lymphoproliferative disorder
dexamethasone,serum sickness
nafarelin,osteoporosis
sodium,cardiac arrest
vancocine,infection
mannitol,renal failure chronic
clindamycin,diarrhoea
nitroglycerin,pulmonary oedema
su5416,thrombocytopenia
triamcinolone,menorrhagia
gemifloxacin,respiratory tract infection
piroxicam,arthritis
methylprednisolone,collagen disorder
minocycline,syphilis
doxycycline,epidemic typhus
cas,diabetes mellitus
phenytoin,arrhythmia
ciprofloxacin,gastrointestinal infection
dexamethasone,adrenogenital syndrome
anidulafungin,peritonitis
ibuprofen,renal failure
flecainide,acute coronary syndrome
diltiazem,coronary artery disease
desipramine,depression
ofloxacin,plague
dexamethasone,anaemia
azathioprine,venoocclusive liver disease
fluvastatin,foetor hepaticus
norethisterone,hormone level abnormal
vitamin,biliary fistula
norfloxacin,gastroenteritis bacterial
diazepam,tremor
5-asa,inflammation
amsacrine,hypokalaemia
minocycline,gonorrhoea
prednisolone,polymyalgia rheumatica
trimethoprim,urinary tract infection
methylprednisolone,iritis
conjugated,neoplasm malignant
doxycycline,malaria
cortisol,pruritus genital
oxybutynin,pollakiuria
oxaliplatin,asthenia
ivermectin,pruritus
posaconazole,acute leukaemia
bupropion,dysthymic disorder
sulfamethoxazole,acquired immunodeficiency syndrome
ertapenem,abdominal infection
conjugated,metastatic neoplasm
methylprednisolone,tenosynovitis
diazepam,alcohol withdrawal syndrome
metformin,type 1 diabetes mellitus
dicloxacillin,staphylococcal infection
desvenlafaxine,disturbance in attention
mupirocin,laceration
meperidine,biliary colic
sofosbuvir,mental disorder
linezolid,decubitus ulcer
fosinopril,protein urine present
famp,renal failure
hydromorphone,acute coronary syndrome
solifenacin,hypertonic bladder
megestrol,autoimmune disorder
repaglinide,blood glucose decreased
irbesartan,hypertension
folate,epilepsy
moxifloxacin,bronchitis chronic
propafenone,arrhythmia
everolimus,neoplasm malignant
histrelin,prostate cancer
etoposide,hodgkin's disease lymphocyte depletion type stage unspecified
lisinopril,cardiac output increased
prednisone,asthma
simvastatin,carotid artery disease
alprazolam,decreased interest
disopyramide,renal impairment
clarithromycin,immunodeficiency
udca,liver injury
salicylate,osteoarthritis
torasemide,cardiac failure congestive
thiothixene,schizophrenia
aliskiren,diabetic nephropathy
nifedipine,electrocardiogram st segment elevation
tetracycline,actinomycosis
oxytetracycline,rheumatic disorder
niacin,myocardial infarction
testosterone,secondary hypogonadism
norfloxacin,cervicitis
thymidine,liver disorder
spironolactone,diabetes mellitus
fusidic,peritonitis
ziprasidone,tension
cefpodoxime,diarrhoea
acyclovir,keratitis
pge2,hypertension
cefuroxime,lower respiratory tract infection
everolimus,tuberous sclerosis
sitagliptin,diabetic ketoacidosis
carvedilol,vasodilation procedure
clonazepam,hot flush
propantheline,gastritis
allopurinol,urate nephropathy
doxycycline,bartonellosis
lovastatin,infarction
baclofen,cerebral palsy
bromocriptine,infertility female
sodium,abdominal pain
famotidine,duodenal ulcer
lithium,agitation
doxazosin,myocardial infarction
lisinopril,blood aldosterone decreased
atovaquone,non-hodgkin's lymphoma
azelastine,sneezing
lymecycline,body temperature increased
fluphenazine,blood disorder
dapagliflozin,cardiovascular disorder
etoricoxib,ankylosing spondylitis
docetaxel,non-small cell lung cancer
dihydroergotamine,myocardial infarction
d-penicillamine,liver injury
indomethacin,gout
captopril,type 2 diabetes mellitus
hydrochlorothiazide,dilatation ventricular
methylergometrine,uterine haemorrhage
famciclovir,scab
chlorhexidine,necrotising ulcerative gingivostomatitis
demethyl,collagen disorder
itraconazole,chronic pulmonary histoplasmosis
amlodipine,cardiac failure congestive
conjugated,osteoporosis
calcium,hyperkalaemia
prednisolone,berylliosis
fosinopril,biliary cirrhosis
roxithromycin,renal impairment
elvitegravir,immunodeficiency
sumatriptan,vomiting
metformin,diabetes mellitus
tenofovir,hepatocellular injury
hydroxychloroquine,plasmodium ovale infection
buspirone,diarrhoea
topotecan,pancreatic carcinoma
epinephrine,pain
leuprorelin,urinary tract obstruction
pge1,patent ductus arteriosus
gabapentin,urinary incontinence
salmeterol,reversible airways obstruction
5-aminolevulinic,malignant glioma
felbamate,convulsion
moxifloxacin,renal failure
cyclophosphamide,chronic myeloid leukaemia
fosinopril,cardiac failure high output
bosentan,hepatotoxicity
conjugated,atrophic vulvovaginitis
sertraline,depersonalisation
estriol,pruritus
mitotane,adrenocortical carcinoma
penicillin,peritonitis
mifepristone,hyperglycaemia
misoprostol,ulcer
cortisol,proctocolitis
hydroxocobalamin,shock
anthracycline,leukaemia
telmisartan,type 2 diabetes mellitus
retinoic,myelodysplastic syndrome
erlotinib,non-small cell lung cancer
prednisolone,enteritis
nizatidine,dyspepsia
methylprednisolone,keloid scar
methazolamide,angle closure glaucoma
amphetamine,mental disorder
salmon,bone pain
triamcinolone,neurodermatitis
indapamide,pre-eclampsia
indomethacin,dysmenorrhoea
nizatidine,duodenal ulcer
aminophylline,emphysema
cortisone,lymphoma
bosutinib,diarrhoea
sertraline,depression
methylprednisolone,bursitis
cefuroxime,respiratory tract infection
dexamethasone,blood disorder
cisplatin,lung neoplasm malignant
trandolapril,renovascular hypertension
atomoxetine,neuroleptic malignant syndrome
sparfloxacin,overgrowth bacterial
desvenlafaxine,insomnia
cortisol,haemorrhoids
felodipine,hyperlipidaemia
doxazosin,essential hypertension
stiripentol,grand mal convulsion
ceftobiprole,diabetic foot infection
sildenafil,hepatic failure
tranexamic,angioedema
azithromycin,bronchitis chronic
carboplatin,nephroblastoma
imiquimod,carcinogenicity
meclofenamate,juvenile idiopathic arthritis
cefuroxime,pathogen resistance
nimodipine,intracranial aneurysm
oxytocin,pregnancy
testolactone,bone lesion
oseltamivir,fatigue
demethyl,neurodermatitis
d-penicillamine,environmental exposure
boceprevir,chronic hepatitis c
norfloxacin,prostatitis
n-3,obesity
reboxetine,major depression
dexamethasone,connective tissue disorder
n-acetylcysteine,hepatotoxicity
olmesartan,myocardial infarction
cyclophosphamide,osteosarcoma
demethyl,laryngeal oedema
miglustat,poor venous access
lenalidomide,embolism venous
alprazolam,anxiety disorder
erythromycin,corynebacterium infection
cefepime,bronchitis
eslicarbazepine,epilepsy
atomoxetine,myoclonus
valsartan,hypertension
disopyramide,bundle branch block
phenobarbital,febrile convulsion
boceprevir,hepatocellular injury
fluphenazine,hypothyroidism
ertapenem,abortion infected
fexofenadine,pruritus
diclofenac,ear infection
ofloxacin,conjunctivitis infective
meperidine,cough
fk463,oesophageal candidiasis
prednisone,sympathetic ophthalmia
gemcitabine,hodgkin's disease
buspirone,muscle strain
levetiracetam,renal impairment
carboplatin,non-hodgkin's lymphoma
gold,arthritis
imipramine,major depression
nitrogen,hodgkin's disease lymphocyte depletion type stage unspecified
cefdinir,acute sinusitis
sodium,respiratory fume inhalation disorder
cefuroxime,streptococcal infection
penicillin,erysipelas
ranitidine,ulcer
hydrochlorothiazide,pre-eclampsia
glimepiride,diabetic ketoacidosis
lasofoxifene,osteoporosis
pge2,hypotension
olsalazine,proctocolitis
clonidine,pain
vacv,pain
glibenclamide,blood glucose decreased
oxprenolol,toxicity to various agents
estrone,atrophy
clarithromycin,tonsillitis
acetaminophen,poor quality sleep
dabrafenib,renal impairment
ticagrelor,angina unstable
doxazosin,angina pectoris
doxycycline,wound sepsis
cyclophosphamide,leukaemia
colestyramine,myocardial infarction
tranylcypromine,disturbance in attention
cortisol,osteoarthritis
calcium,muscle spasms
clozapine,completed suicide
bivalirudin,acute coronary syndrome
retinoic,congenital anomaly
oxytetracycline,rocky mountain spotted fever
imiquimod,xeroderma pigmentosum
tramadol,osteoarthritis
lisinopril,diabetic nephropathy
n-acetylcysteine,atelectasis
azathioprine,purpura
doripenem,urinary tract infection
lioh,hostility
rifaximin,diarrhoea
carboplatin,breast cancer
olsalazine,colitis ulcerative
pimozide,agitation
oestrogen,hormone level abnormal
butorphanol,migraine
metoclopramide,azotaemia
thiamine,neuritis
hydralazine,hypertensive crisis
letrozole,hepatic function abnormal
itraconazole,vulvovaginal candidiasis
eptifibatide,electrocardiogram st segment depression
epinephrine,rash
eletriptan,migraine
chlorpheniramine,urticaria
pilocarpine,angle closure glaucoma
linezolid,cellulitis gangrenous
methylprednisolone,ankylosing spondylitis
rasburicase,neoplasm malignant
penicillin,otitis media
amitriptyline,major depression
refludan,electrocardiogram st segment elevation
rapamycin,renal impairment
foscarnet,autoimmune disorder
sodium,haemoglobin
epitopic,pain
pinaverium,gastrointestinal pain
methylprednisolone,polyuria
nabilone,substance abuse
prednisone,thrombocytopenia
cefotaxime,borrelia infection
cortisol,choroiditis
leuprorelin,uterine leiomyoma
trifluoperazine,tardive dyskinesia
ofloxacin,pneumonia legionella
glucose,blood insulin increased
meclofenamate,bursitis
phentermine,weight decreased
cyclobenzaprine,spinal cord disorder
eletriptan,cluster headache
ceftriaxone,meningitis
dfmo,hirsutism
stavudine,pancreatitis
sufentanil,pain
methylprednisolone,non-hodgkin's lymphoma
azithromycin,nosocomial infection
metronidazole,rash pustular
roxithromycin,tooth infection
malvidin,open angle glaucoma
pge1,coarctation of the aorta
amoxicillin,endocarditis
furosemide,oedema
alprazolam,phobic avoidance
fluvastatin,cardiac death
dihydroergotamine,myalgia
lidocaine,anal pruritus
fosinopril,cardiac index
baclofen,pulmonary function test decreased
captopril,blood aldosterone decreased
prednisolone,mycobacterial infection
nizatidine,oesophagitis
dexamethasone,respiratory failure
cyclobenzaprine,muscle spasticity
gentamicin,wound infection
vilazodone,bradyphrenia
hydrocortisone,psoriasis
cortisol,tenderness
ibuprofen,haemoglobin
demethyl,leukaemia
k779,hepatitis b e antigen positive
zoledronic,multiple fractures
chlorambucil,lymphocytic leukaemia
cephalexin,prostatitis
spironolactone,hypotension
metrodin,secondary hypogonadism
lovastatin,carotid artery disease
ciprofloxacin,abdominal infection
oseltamivir,cough
topotecan,neoplasm malignant
nifedipine,angina unstable
cytarabine,lymphoma
mirtazapine,anxiety
temozolomide,malignant glioma
quinaprilat,hyperlipidaemia
lovastatin,type iib hyperlipidaemia
flucloxacillin,ulcer
bleomycin,pleural effusion
methylprednisolone,azotaemia
sulfacetamide,seborrhoeic dermatitis
carboprost,uterine hypotonus
prazosin,cardiac failure
mitoxantrone,liver disorder
estradiol,hypogonadism
lidocaine,herpes zoster
fk463,peritonitis
indacaterol,bronchitis chronic
epinephrine,agitation
cyclophosphamide,renal impairment
azithromycin,urethritis noninfective
cefixime,tonsillitis
metoclopramide,nausea
ranolazine,acute coronary syndrome
streptomycin,infection
aspirin,cardiac disorder
prednisolone,acute leukaemia
topotecan,metastatic neoplasm
rapamycin,ovarian cyst
estradiol,dysuria
piperacillin,pelvic inflammatory disease
prednisolone,meningitis tuberculous
chlorpromazine,tetanus
pentoxifylline,skin ulcer
glucose,hypoglycaemia
acetazolamide,cardiac failure congestive
phenylazo,urinary tract infection
dexamethasone,transfusion reaction
pravastatin,type iii hyperlipidaemia
triamcinolone,juvenile idiopathic arthritis
labetalol,renal impairment
fenofibrate,carotid artery disease
zaleplon,insomnia
ketotifen,conjunctivitis allergic
prednisolone,stevens-johnson syndrome
darunavir,infection
68ga,hypercalcaemia
iodixanol,craniopharyngioma
azathioprine,arthritis
clindamycin,peritonitis
glucose,renal impairment
acetaminophen,neuralgia
trametinib,metastatic malignant melanoma
hydroxocobalamin,poisoning
valproate,bipolar i disorder
atropine,bronchospasm
sulfadiazine,infection
trametinib,glucose-6-phosphate dehydrogenase deficiency
flunisolide,asthma
phenylbutyric,amino acid metabolism disorder
atropine,rhinorrhoea
cytarabine,meningeal neoplasm
metoclopramide,decreased appetite
etoposide,lymphocytic leukaemia
doxycycline,queensland tick typhus
prazosin,renal impairment
atorvastatin,peripheral vascular disorder
theophylline,bronchial hyperreactivity
zyprexa,mania
amiodarone,ventricular tachycardia
vilazodone,mental disability
ketoconazole,candiduria
amlodipine,arteriospasm coronary
famotidine,confusional state
acth(1-39,nephrotic syndrome
zanamivir,bronchial hyperreactivity
penicillin,actinomycosis
meropenem,peritonitis
losartan,hypersensitivity
sulfasalazine,nausea
trifluoperazine,tension
thymidine,fibrosis
doxazosin,benign prostatic hyperplasia
dantrolene,cerebrovascular accident
pamidronate,metastatic pain
lidocaine,urethritis noninfective
gentamicin,renal failure
progesterone,pain
acitretin,palmoplantar keratoderma
diclofenac,photophobia
ciprofloxacin,pneumonia anthrax
bupivacaine,wound
vecuronium,hypotonia
ibuprofen,pain
captopril,cardiac failure
ixabepilone,neoplasm
sevoflurane,convulsion
ly146032,meningitis
rifampicin,meningococcal infection
oxytocin,uterine atony
fluconazole,fungal infection
tranexamic,haemophilia
acyclovir,ulcer
goserelin,breast cancer
doxycycline,plasmodium falciparum infection
pentosan,discomfort
gemcitabine,cervix carcinoma
epinephrine,parkinsonism
ioversol,convulsion
ticlopidine,neutropenia
dexamethasone,skin disorder
glimepiride,diabetes mellitus
epinephrine,parkinson's disease
thyroxine,thyroiditis subacute
zuclopenthixol,mania
cyclophosphamide,acute leukaemia
colimycin,infection
propericiazine,schizophrenia
sulfadiazine,burns third degree
nadolol,hyperlipidaemia
lovastatin,menarche
codeine,pain
dopamine,vascular resistance systemic
ambrisentan,pulmonary arterial hypertension
tazarotene,psoriasis
amantadine,cor pulmonale
octreotide,swelling
azathioprine,polyarteritis nodosa
k779,chronic hepatitis b
lidocaine,oropharyngeal pain
clomipramine,obsessive thoughts
trandolaprilat,renal failure
etodolac,rheumatoid arthritis
hydralazine,tachycardia
tobramycin,lung infection
atorvastatin,carotid artery disease
fluphenazine,angina pectoris
baclofen,spinal cord injury
trimethoprim-sulfamethoxazole,cholera
retinoic,actinic keratosis
ogen,fatigue
verapamil,atrial flutter
amantadine,poisoning
acth(1-39,polymyositis
cortisone,nephrotic syndrome
idarubicin,chest pain
dexamethasone,ankylosing spondylitis
atropine,gastrointestinal disorder
acyclovir,papule
clopidogrel,neutropenia
ivermectin,onchocerciasis
propericiazine,psychotic disorder
furosemide,renal impairment
fludarabine,lymphoma
capsaicin,neuralgia
cortisone,psoriatic arthropathy
pyrazinamide,tuberculosis
alprazolam,anxiety
cetirizine,conjunctivitis allergic
cas,cardiac failure
betamethasone,seborrhoeic dermatitis
imipramine,enuresis
terazosin,neurogenic bladder
epinephrine,laryngospasm
diphenhydramine,anaphylactic shock
ceftazidime,endometritis
terbutaline,bronchospasm
carbamazepine,affective disorder
azithromycin,infection
disopyramide,hypersensitivity
clofarabine,acute leukaemia
colestyramine,acute coronary syndrome
fluconazole,hepatitis
paliperidone,malaise
5-azacytidine,neutropenia
demethyl,tenderness
clobazam,epilepsy
demethyl,non-hodgkin's lymphoma
tiopronin,cystinuria
warfarin,cerebral artery embolism
phenylephrine,mydriasis
montelukast,suicidal ideation
cysteamine,renal failure
topotecan,glioma
sodium,tachypnoea
misoprostol,gastrointestinal pain
triamterene,polyuria
hydroxychloroquine,plasmodium falciparum infection
loperamide,diarrhoea
teniposide,acute lymphocytic leukaemia
epitopic,iridocyclitis
itraconazole,hepatic enzyme abnormal
cortisol,gastrointestinal disorder
v,glomerulonephritis membranous
ponatinib,chromosome analysis abnormal
lomitapide,type iia hyperlipidaemia
ferumoxytol,renal failure chronic
gadobenate,metastatic neoplasm
famciclovir,oral herpes
chlorthalidone,ascites
pioglitazone,hepatocellular injury
doxycycline,periodontal disease
medroxyprogesterone,menopausal symptoms
dipyridamole,myocardial infarction
atorvastatin,type iia hyperlipidaemia
diazepam,convulsion in childhood
telmisartan,essential hypertension
rifaximin,infection
metoclopramide,procedural vomiting
cefpodoxime,skin infection
atovaquone,autoimmune disorder
ranitidine,upper gastrointestinal haemorrhage
atovaquone,mycotic aneurysm
mesna,cystitis haemorrhagic
fty720,secondary progressive multiple sclerosis
venlafaxine,social phobia
losartan,protein urine present
fusidic,conjunctivitis
cerivastatin,coronary artery disease
quinidine,babesiosis
furosemide,systemic lupus erythematosus
chlorpromazine,conduct disorder
cefotaxime,cns ventriculitis
ethacrynic,nephropathy
cortisone,conjunctivitis allergic
gliclazide,platelet adhesiveness
dolasetron,nausea
diatrizoate,urinary tract obstruction
lactulose,poisoning
irinotecan,dyspnoea
carbidopa,vomiting
repaglinide,hyperglycaemia
doripenem,bacteraemia
cabergoline,amenorrhoea
doxycycline,plague
acyclovir,fatigue
flecainide,nodal arrhythmia
nicotine,non-tobacco user
acth(1-39,oedema
nitroglycerin,tachycardia
minocycline,respiratory tract infection
aminophylline,hepatocellular injury
famotidine,sleep disorder
morphine,miosis
allopurinol,blood disorder
vincristine,malignant melanoma
alprazolam,tenderness
colimycin,lung infection
phenytoin,poisoning
indinavir,acquired immunodeficiency syndrome
nitroglycerin,left ventricular failure
methyl,seborrhoeic keratosis
verapamil,atrial fibrillation
arginine,craniopharyngioma
gentamicin,dermal cyst
pyridostigmine,urinary retention
simvastatin,high density lipoprotein decreased
insulin,feeling abnormal
chlorpheniramine,dermatitis atopic
flucloxacillin,infection
diazepam,athetosis
ketoconazole,body tinea
gemfibrozil,high density lipoprotein decreased
dexamethasone,rosacea
atropine,central nervous system lesion
ramipril,renal failure
deferoxamine,iron overload
octreotide,hypoglycaemia
fludrocortisone,adrenogenital syndrome
demethyl,dermatitis contact
cyclophosphamide,transplant rejection
demeclocycline,necrotising ulcerative gingivostomatitis
nitroglycerin,tension
estramustine,neoplasm
benzathine,urticaria
chlorpheniramine,rhinitis seasonal
tobramycin,cystic fibrosis
ziprasidone,cardiac disorder
azelastine,nasopharyngitis
prednisolone,psoriasis
rosuvastatin,diabetes mellitus
eslicarbazepine,diphtheria
meperidine,diarrhoea
cerivastatin,hypertension
estriol,menopausal symptoms
glucose,metabolic alkalosis
aztreonam,abdominal infection
doxycycline,urethritis noninfective
esmolol,atrial flutter
verapamil,infarction
retigabine,convulsion
azithromycin,rheumatic fever
nicotine,acute coronary syndrome
technetium-99m,body temperature increased
flecainide,tachyarrhythmia
prednisolone,idiopathic pulmonary fibrosis
desvenlafaxine,agitation
methylprednisolone,pneumonia aspiration
mitoxantrone,prostate cancer
dalteparin,venous thrombosis
metronidazole,endocarditis
aztreonam,asymptomatic bacteriuria
amiloride,foetor hepaticus
bcnu,ependymoma
demethyl,alopecia areata
azithromycin,pneumonia
clonazepam,infantile spasms
imatinib,gastrointestinal stromal tumour
clofazimine,lepromatous leprosy
cyclophosphamide,mycosis fungoides
ranitidine,duodenal ulcer
cyanocobalamin,parasitic gastroenteritis
fenofibric,hypertriglyceridaemia
pilocarpine,miosis
olanzapine,hyperlipidaemia
lactulose,neuropsychiatric syndrome
cortisol,brain cancer metastatic
pentoxifylline,gangrene
propranolol,essential tremor
hydralazine,cerebrovascular accident
tiotropium,myocardial ischaemia
acetohydroxamic,urinary tract infection
doxycycline,cystitis
metronidazole,pneumonia
prednisone,azotaemia
cytarabine,non-hodgkin's lymphoma
prednisone,loeffler's syndrome
cas,hypotension
estradiol,hyperprolactinaemia
lisuride,infertility
quetiapine,cogwheel rigidity
atropine,neurogenic bladder
penicillin,gas gangrene
gefitinib,haemoglobin
fusidic,cystic fibrosis
zopiclone,middle insomnia
prednisolone,proctocolitis
sulindac,bursitis
cefepime,renal failure
valsartan,diabetic nephropathy
fosphenytoin,confusional state
lurasidone,mania
rosuvastatin,type ii hyperlipidaemia
roxithromycin,urethritis
atenolol,foetor hepaticus
nifedipine,hypotension
lymecycline,infection
doxapram,hypercapnia
testosterone,gamma-glutamyltransferase increased
spironolactone,pre-eclampsia
loteprednol,cyclitis
penicillin,endocarditis bacterial
triamcinolone,metastases to central nervous system
polythiazide,hypertension
vacv,papule
leflunomide,joint swelling
sotalol,myocardial ischaemia
potassium,haemorrhage
cefpodoxime,otitis media acute
tamoxifen,breast cancer
famciclovir,tenderness
tiagabine,electroencephalogram abnormal
ogen,atrophy
metoclopramide,diabetes mellitus
methylprednisolone,drug hypersensitivity
pamidronate,cardiac failure
clodronate,plasmacytoma
eplerenone,myocardial infarction
desmopressin,pollakiuria
dexamethasone,swelling
penicillin,pneumonia anthrax
dalteparin,acute coronary syndrome
vancocine,staphylococcal infection
ifosfamide,lymphoma
propranolol,loss of consciousness
lincomycin,diphtheria
sitagliptin,renal failure chronic
cosyntropin,stress
chlorambucil,ovarian epithelial cancer
diazoxide,hypertensive crisis
topiramate,tension
"1,25(oh)2d3",hypophosphataemic rickets
desloratadine,rhinitis seasonal
anidulafungin,fungal infection
cancidas,oesophageal candidiasis
atorvastatin,agitation
cyclizine,regurgitation
fluphenazine,hepatocellular injury
oxcarbazepine,partial seizures
mk-462,aura
clindamycin,cellulitis
losartan,left ventricular hypertrophy
sodium,poisoning
ramipril,left ventricular dysfunction
famciclovir,pain
prednisone,rheumatoid arthritis
revasc,haemorrhage
loteprednol,oedema
miglustat,gaucher's disease
famotidine,renal failure chronic
pci-32765,chronic lymphocytic leukaemia
formoterol,emphysema
erythromycin,ophthalmia neonatorum
erythromycin,stress
monomycin,lower respiratory tract infection
bezafibrate,renal failure
saxagliptin,renal failure
ici,breast cancer stage iv
midazolam,somnolence
dexamethasone,punctate keratitis
pioglitazone,diabetic ketoacidosis
furosemide,immobile
technetium-99m,jaundice
demethyl,ophthalmic herpes zoster
prednisone,hypoplastic anaemia
tazarotene,lentigo maligna
cimetidine,hyperchlorhydria
testosterone,libido decreased
lutalyse,foetal death
fty720,disability
diazoxide,hyperplasia
deferoxamine,haemochromatosis
gemfibrozil,myocardial infarction
rufinamide,epilepsy
refludan,thrombocytopenia
d-telaprevir,foetor hepaticus
demethyl,trichiniasis
cisplatin,renal cancer
methylprednisolone,gouty arthritis
choline,non-tobacco user
aspirin,arthritis
dexamethasone,meningitis tuberculous
carboplatin,lymphoma
x,chronic myeloid leukaemia
oxprenolol,arrhythmia
metoprolol,hyperthyroidism
demethyl,erythema multiforme
mirtazapine,feeling abnormal
captopril,retinal disorder
furosemide,renal failure chronic
theophylline,lung disorder
gemcitabine,lung neoplasm malignant
trabectedin,sarcoma
progesterone,vaginal infection
rosuvastatin,blood triglycerides increased
progesterone,breast pain
dexamethasone,epicondylitis
domperidone,parkinsonism
lisinopril,pregnancy
sotalol,pulmonary arterial wedge pressure increased
epinephrine,dermatitis
sertraline,drug interaction
doxorubicin,thymoma
nafarelin,amenorrhoea
minocycline,lung abscess
aspirin,osteoarthritis
omeprazole,gastrooesophageal reflux disease
ofloxacin,cystitis
conjugated,oestrogen deficiency
insulin,pollakiuria
cortisone,haemolytic anaemia
dasatinib,leukaemia
ceftazidime,bladder pain
vilazodone,weight decreased
leflunomide,autoimmune disorder
carboprost,surgery
meperidine,renal impairment
cortisone,aplasia pure red cell
tiagabine,drug interaction
exemestane,bone cancer metastatic
oxybutynin,extravasation
dantrolene,neuroleptic malignant syndrome
ezetimibe,arteriosclerosis
goserelin,metastasis
technetium-99m,ischaemia
amantadine,neuromyopathy
tetrabenazine,tardive dyskinesia
amphotericin,sporotrichosis
metformin,obesity
cisplatin,brain neoplasm malignant
labetalol,cardiac failure congestive
hydroxocobalamin,hypertension
cerivastatin,dyslipidaemia
cefoxitin,parametritis
tamoxifen,carcinoid tumour
edrophonium,respiratory depression
captopril,hypotension
alosetron,abdominal pain
famotidine,gastric ulcer
clopidogrel,thrombocytopenia
ertapenem,pyelonephritis
atenolol,hepatocellular injury
flucloxacillin,wound infection
orlistat,drug interaction
procaine,pneumococcal infection
fenofibric,weight decreased
thiotepa,neoplasm
doxazosin,urinary incontinence
captopril,rash
nitroprusside,methaemoglobinaemia
epinephrine,carotid sinus syndrome
clindamycin,diarrhoea haemorrhagic
adenosine,coronary artery disease
dexamethasone,trichiniasis
technetium-99m,squamous cell carcinoma
aminophylline,cerebral vasoconstriction
verapamil,hyperlipidaemia
amiloride,cardiac failure congestive
nitroglycerin,pain
estradiol,pruritus
aminophylline,bronchospasm
loxapine,bronchial hyperreactivity
l-dmp,abdominal discomfort
eprosartan,hypertension
everolimus,"astrocytoma, low grade"
fosaprepitant,procedural nausea
torasemide,foetor hepaticus
etoposide,small cell lung cancer
ganciclovir,retinal scar
cefditoren,tonsillitis
fenofibrate,dyslipidaemia
pindolol,ventricular extrasystoles
6-mercaptopurine,lymphoma
sonovue,cardiovascular disorder
ruxolitinib,myelofibrosis
ceftazidime,otitis media
dexamethasone,iritis
medroxyprogesterone,neoplasm malignant
cisplatin,prostate cancer
clarithromycin,acquired immunodeficiency syndrome
bcnu,medulloblastoma
asenapine,schizoaffective disorder
lomitapide,hypercholesterolaemia
olopatadine,nasal septum perforation
oxycodone,orthostatic hypotension
testosterone,erythema
8-mop,albinism
fosfomycin,perinephric abscess
fosaprepitant,vomiting
prasugrel,cerebrovascular accident
reserpine,essential hypertension
morphine,lung neoplasm malignant
cefpodoxime,acute sinusitis
iodide,neoplasm malignant
natamycin,blepharitis
ipratropium,rhinorrhoea
aspirin,transient ischaemic attack
degarelix,hormone-dependent prostate cancer
cabergoline,galactorrhoea
minocycline,sinusitis
mitoxantrone,multiple sclerosis
conjugated,breast cancer
lovastatin,high density lipoprotein decreased
fk463,meningitis
cefuroxime,bladder pain
thymidine,hepatocellular injury
ceftazidime,pyelonephritis
cefepime,hypotension
morphine,pulmonary oedema
nefazodone,suicidal ideation
methadone,pulmonary function test decreased
doxycycline,furuncle
meloxicam,acute coronary syndrome
olopatadine,conjunctivitis allergic
fidaxomicin,infection
prednisone,oedema
sertraline,agoraphobia
gefitinib,haemorrhage
bcnu,hodgkin's disease lymphocyte depletion type stage unspecified
acetaminophen,insomnia
nefazodone,bradyphrenia
simvastatin,type iii hyperlipidaemia
fexofenadine,rhinorrhoea
famotidine,fatigue
citric,gout
fluconazole,vulvovaginal mycotic infection
cilazapril,hepatic function abnormal
olanzapine,dyskinesia
simvastatin,dyslipidaemia
cefotaxime,endometritis
demethyl,chorioretinitis
oseltamivir,rhinitis
metoprolol,renal failure
dihydroergotamine,hypoaesthesia
spectinomycin,proctitis
colesevelam,hypercholesterolaemia
cortisone,pemphigus
hepatitis,hepatitis c
dothiepin,major depression
carnitine,muscle relaxant therapy
iodixanol,neoplasm malignant
propoxyphene,pain
rosiglitazone,insulin resistance
implanon,drug interaction
gd-dtpa,neoplasm
fluconazole,body tinea
lovaza,hypothyroidism
meperidine,pancreatitis
phenobarbital,cholera
gemcitabine,thrombocytopenia
rosiglitazone,type 2 diabetes mellitus
quinidine,plasmodium falciparum infection
carnitine,inborn error of metabolism
naproxen,rheumatic disorder
dexamethasone,granuloma annulare
chlorpheniramine,dermatitis contact
ogen,hyperhidrosis
cimetidine,scleroderma
danazol,angioedema
cefixime,gonorrhoea
indapamide,gout
tetracycline,q fever
omeprazole,vomiting
thiamine,hyperthyroidism
captopril,infarction
cosyntropin,secondary adrenocortical insufficiency
diphenhydramine,seasonal allergy
dapsone,dermatitis herpetiformis
photofrin,barrett's oesophagus
griseofulvin,actinomycosis
mometasone,drug interaction
penicillin,urticaria
nafarelin,haemoglobin
aspirin,rheumatic disorder
tizanidine,muscle spasticity
penicillin,pharyngitis streptococcal
entacapone,parkinsonism
eplerenone,hyperlipidaemia
cephalexin,endocarditis bacterial
fosaprepitant,nausea
apomorphine,parkinson's disease
monobenzone,skin hyperpigmentation
tobramycin,deafness
cefazolin,renal failure
pomalidomide,disease progression
fluoxetine,bipolar i disorder
thyroxine,goitre
edta,ventricular arrhythmia
acth(1-39,skin disorder
nitroglycerin,vasodilation procedure
dopamine,angiopathy
diflunisal,osteoarthritis
metaproterenol,asthma
rosiglitazone,diabetic ketoacidosis
atropine,wheezing
cefixime,cystitis
cefotaxime,soft tissue infection
methylprednisolone,dermatitis
arginine,gigantism
meclofenamate,body temperature increased
sorafenib,non-small cell lung cancer
famp,leukaemia
gd-dtpa,scar
zoledronic,atrial fibrillation
ketoprofen,osteoarthritis
flucloxacillin,renal impairment
simvastatin,type ii hyperlipidaemia
prochlorperazine,labyrinthitis
saquinavir,disease progression
ketoprofen,spinal osteoarthritis
supremon,hypertension
ropivacaine,labour pain
simvastatin,peripheral vascular disorder
cefazolin,genital infection
cerivastatin,blood triglycerides increased
retinoic,rash pustular
azelastine,upper-airway cough syndrome
methylprednisolone,rheumatoid arthritis
dexamethasone,brain neoplasm
carvedilol,arrhythmia
diphenhydramine,urticaria physical
doxycycline,erythema
azithromycin,trachoma
methyltestosterone,secondary hypogonadism
darifenacin,benign prostatic hyperplasia
chlorpheniramine,seasonal allergy
terlipressin,ascites
oxytetracycline,upper respiratory tract infection
clarithromycin,bronchitis
candesartan,renal failure
teniposide,hodgkin's disease lymphocyte predominance type stage unspecified
amitriptyline,depressive symptom
tiotropium,atrial fibrillation
sorafenib,neoplasm malignant
k779,body temperature increased
perphenazine,nausea
acyclovir,herpes simplex encephalitis
l-dmp,hot flush
amphetamine,learning disability
diltiazem,essential hypertension
hydroflumethiazide,renal failure chronic
roxithromycin,tonsillitis
ciprofloxacin,fasting
gatifloxacin,pyelonephritis
paricalcitol,hyperparathyroidism secondary
carbamazepine,mania
atropine,pylorospasm
sumatriptan,headache
metolazone,pregnancy
podophyllotoxin,squamous cell carcinoma
itraconazole,tinea versicolour
gemfibrozil,coronary artery disease
arsenic,acute leukaemia
retinoic,nodule
cortisone,loeffler's syndrome
erythromycin,soft tissue infection
fluoxymesterone,orchitis
fenofibrate,obesity
arsenic,myeloid leukaemia
ogen,osteoporosis postmenopausal
buspirone,anxiety disorder
atropine,eye infection
cefuroxime,bronchitis
metronidazole,amoebic colitis
dexamethasone,azotaemia
famotidine,jaundice cholestatic
idarubicin,cardiac disorder
sitagliptin,renal failure
mannitol,cystic fibrosis
conjugated,hormone level abnormal
bromocriptine,angina pectoris
lioh,bipolar i disorder
bumetanide,nephrotic syndrome
dorzolamide,ocular hypertension
progesterone,urinary tract infection
erythromycin,conjunctivitis
meloxicam,osteoarthritis
fexofenadine,hypersensitivity
phenylbutyric,ornithine transcarbamoylase deficiency
glucose,hypocalcaemia
indomethacin,periarthritis
vincristine,non-hodgkin's lymphoma
bromocriptine,type 2 diabetes mellitus
nifedipine,short-bowel syndrome
metronidazole,bacterial infection
droperidol,shock
methylprednisolone,pneumonia
neostigmine,ileus paralytic
salbutamol,premature labour
chlorambucil,epilepsy
cefpodoxime,pneumonia
lamivudine,hepatitis b
guanidinium,myasthenia gravis
vancocine,lower respiratory tract infection
vigabatrin,grand mal convulsion
clopidogrel,arteriosclerosis
acyclovir,meningoencephalitis herpetic
triamcinolone,gouty arthritis
sulfamethoxazole,autoimmune disorder
conjugated,multiple fractures
dexamethasone,fibromyalgia
acebutolol,ventricular extrasystoles
gonadorelin,endometrial cancer
chlorpromazine,psychotic disorder
alprazolam,chills
labetalol,angina pectoris
conjugated,vulval leukoplakia
tetracycline,lower respiratory tract infection
phentolamine,phaeochromocytoma
etravirine,pathogen resistance
fenofibric,carotid artery disease
buspirone,dizziness
ibandronate,metastasis
desvenlafaxine,major depression
irbesartan-hydrochlorothiazide,hypertension
estriol,atrophy
timolol,atrial fibrillation
cefprozil,tonsillitis
flucloxacillin,enteritis
duloxetine,urinary tract disorder
amphetamine,affect lability
meclofenamate,rotator cuff syndrome
trandolapril,cardiac failure
proguanil,renal impairment
topotecan,rhabdomyosarcoma
prednisolone,conjunctivitis allergic
tenoxicam,cervicobrachial syndrome
ceftazidime,urinary tract infection
prednisone,inflammatory bowel disease
cefotaxime,genital infection female
lisuride,chills
adapalene,acne pustular
gadobenate,renal failure
eplerenone,hypotension
alprazolam,hyperhidrosis
cefuroxime,otitis media bacterial
clindamycin,plasmodium falciparum infection
foscarnet,retinitis
loratadine,skin disorder
etoposide,pancytopenia
cefpodoxime,cystitis
demethyl,adrenogenital syndrome
dexamethasone,injury corneal
carbinoxamine,mechanical urticaria
ceftriaxone,renal failure
5-aza-2'-deoxycytidine,myelodysplastic syndrome
epinephrine,cardiac disorder
lurasidone,schizoaffective disorder
reboxetine,depressive symptom
buspirone,abdominal discomfort
moexiprilat,essential hypertension
nicotine,peptic ulcer
neomycin,thermal burn
nitrofurantoin,infection
orlistat,weight decreased
nitroglycerin,haemorrhoids
hydromorphone,neoplasm malignant
gentamicin,infection
mupirocin,psoriasis
azathioprine,pemphigus
oestrogen,atrophy
azilsartan,acute coronary syndrome
midodrine,multiple system atrophy
nadolol,diabetes mellitus
erythromycin,panophthalmitis
amiloride,arrhythmia
buspirone,depressive symptom
cas,diabetic nephropathy
estrofem,fracture
vincristine,neoplasm
octreotide,portal hypertension
lisinopril,angina pectoris
tranexamic,intracranial aneurysm
bcnu,neoplasm
glycopyrrolate,bradycardia
disopyramide,ventricular arrhythmia
calcium,neonatal tetany
clarithromycin,autoimmune disorder
conivaptan,hypothyroidism
loratadine,rhinorrhoea
thiazide,gravitational oedema
dexamethasone,erythema
simvastatin,angina pectoris
perindopril,cardiac failure
nicotine,prinzmetal angina
canagliflozin,genital infection fungal
domperidone,anorexia nervosa
ceftriaxone,gonorrhoea
sitaxsentan,pulmonary arterial hypertension
metronidazole,lower respiratory tract infection
neomycin,injury corneal
iodixanol,haemoglobin
prednisolone,eye disorder
phenytoin,liver disorder
fluticasone,rhinitis perennial
triamcinolone,necrobiosis lipoidica diabeticorum
irbesartan,single functional kidney
estradiol,inflammation
cefaclor,pharyngitis
ketoprofen,periarthritis
clomiphene,amenorrhoea
sodium,renal failure
bromocriptine,ovarian failure
entecavir,viral infection
sulfasalazine,colitis ulcerative
tranexamic,hyphaema
omeprazole,duodenal ulcer
acetaminophen,pain
tiotropium,chronic obstructive pulmonary disease
norepinephrine,cardiac arrest
prednisone,metabolic alkalosis
tinidazole,herpes simplex
busulfan,plasmacytoma
desvenlafaxine,feeling guilty
captopril,blood potassium increased
colesevelam,hypertriglyceridaemia
penicillin,yaws
fluconazole,tinea cruris
sparfloxacin,pneumonia
nevirapine,dermatitis
atenolol,diabetic nephropathy
tiotropium,strangury
isoniazid,neoplasm malignant
demethyl,secondary adrenocortical insufficiency
flucloxacillin,peritonsillar abscess
etoposide,leukaemia
penicillin,streptococcal infection
dopamine,cerebrovascular accident
nadolol,migraine with aura
nebivolol,angina pectoris
dronedarone,sinus rhythm
cortisol,oedema
colimycin,cystic fibrosis
trazodone,bradyphrenia
acth(1-39,systemic lupus erythematosus
lioh,pressure of speech
hydroxyurea,acute chest syndrome
nepafenac,pain
sulindac,tenosynovitis
clindamycin,genital infection female
methyclothiazide,oedema
temozolomide,disease progression
amantadine,renal impairment
furosemide,oliguria
ceftazidime,mastoiditis
losartan,acute coronary syndrome
desipramine,bipolar disorder
nifedipine,pain
cortisol,synovitis
anastrozole,myocardial ischaemia
clindamycin,gonorrhoea
dihydrocodeine,procedural pain
theophylline,hyperthyroidism
beclomethasone,psoriasis
thiazide,renal failure chronic
erythromycin,amoebic colitis
methylprednisolone,gout
telmisartan,cough
promethazine,dermatitis contact
cefaclor,urinary tract infection
madopar,dyskinesia
flucloxacillin,otitis media
pyridostigmine,myasthenia gravis
atropine,vomiting
flurbiprofen,intraocular pressure increased
nitrazepam,infantile spasms
ramipril,cardiac failure congestive
granisetron,vomiting
potassium,toxicity to various agents
doxapram,lung disorder
captopril,dehydration
flumethasone,skin disorder
ranitidine,gastric ph decreased
fluvastatin,arteriosclerosis
propranolol,migraine
gadoversetamide,neoplasm
miconazole,diabetes mellitus
teduglutide,short-bowel syndrome
thyroxine,tri-iodothyronine normal
ogen,ovarian failure
deferiprone,iron overload
triamcinolone,neoplasm malignant
dexamethasone,colitis ulcerative
cabergoline,oligomenorrhoea
pirbuterol,asthma
cephem,rheumatic disorder
atorvastatin,combined hyperlipidaemia
lamivudine,hepatitis b dna decreased
fenoprofen,osteoarthritis
lioh,aggression
octreotide,pancreatic fistula
dimenhydrinate,motion sickness
gentamicin,wound
moclobemide,major depression
5-fu,actinic keratosis
pegaptanib,age-related macular degeneration
fexofenadine,urticaria
atorvastatin,insulin resistance
itraconazole,systemic candida
sorafenib,deep vein thrombosis
ziprasidone,depressed mood
famotidine,haemorrhage
lamivudine,immunodeficiency
venlafaxine,hot flush
toremifene,breast cancer stage iv
amisulpride,blunted affect
gamma-aminobutyric,hepatitis viral
diatrizoate,cerebral infarction
mefloquine,infection
cgp,osteosarcoma metastatic
fluoxymesterone,secondary hypogonadism
ketoconazole,paracoccidioides infection
terazosin,benign prostatic hyperplasia
salicylate,palmoplantar keratoderma
canagliflozin,type 2 diabetes mellitus
irbesartan,type 2 diabetes mellitus
cortisone,drug hypersensitivity
tolterodine,pollakiuria
cefazolin,sepsis
gemcitabine,lymphoma
adenosine,atrial flutter
miconazole,skin candida
azithromycin,renal failure
ibandronate,gastrointestinal disorder
clindamycin,papule
tadalafil,hypertension
amlodipine,prinzmetal angina
vincristine,nephroblastoma
raltegravir,immunodeficiency
desmopressin,haemorrhage
doxycycline,bronchopneumonia
triamcinolone,berylliosis
buspirone,dysthymic disorder
promethazine,mechanical urticaria
imiquimod,papilloma
brimonidine,developmental glaucoma
minocycline,actinomycosis
metronidazole,hepatocellular injury
nebivolol,diabetic nephropathy
ketoconazole,oral candidiasis
dexamethasone,premature baby
demethyl,meningitis tuberculous
metoclopramide,cardiac failure congestive
pge2,vomiting
ropivacaine,pregnancy
potassium,renal tubular acidosis
trien,biliary cirrhosis
octreotide,carcinoid syndrome
hydromorphone,biliary colic
morphine,proctocolitis
hepatitis,infection
emtricitabine,sexually transmitted disease
dihydroergotamine,hypertension
cabazitaxel,prostate cancer
dasatinib,chronic myeloid leukaemia
dexamethasone,hypoplastic anaemia
lactulose,hepatic encephalopathy
diatrizoate,pituitary tumour benign
indomethacin,gouty arthritis
ustekinumab,urticaria
trospium,urinary incontinence
disulfiram,palpitations
irinotecan,metastases to liver
prednisone,pulmonary fibrosis
irbesartan,proteinuria
sodium,pyloric stenosis
doxazosin,nocturia
doxycycline,anthrax
fusidic,pneumonia
tranexamic,hepatocellular injury
sertraline,decreased interest
cetirizine,erythema
prednisolone,adrenogenital syndrome
ibandronate,asthma
dipivefrin,accommodation disorder
fluconazole,urinary tract infection
salmon,osteoporosis
bumetanide,foetor hepaticus
teniposide,hodgkin's disease lymphocyte depletion type stage unspecified
nitroglycerin,acute pulmonary oedema
iloperidone,sudden death
metolazone,cardiac failure congestive
erlotinib,metastases to pancreas
minocycline,amoebic colitis
gd-dtpa,uterovaginal prolapse
cefepime,urinary tract infection
timolol,angina pectoris
carboplatin,retinoblastoma
irinotecan,glioma
fluphenazine,pancytopenia
zoledronic,hydraemia
lisdexamfetamine,mental disorder
abiraterone,prostate cancer
lisdexamfetamine,attention deficit/hyperactivity disorder
lorazepam,anxiety
cisplatin,ovarian neoplasm
metolazone,hypertension
mitoxantrone,chronic myeloid leukaemia
erythromycin,chlamydial infection
acth(1-39,iridocyclitis
ertapenem,endometritis
allopurinol,gouty tophus
thalidomide,plasma cell myeloma
desvenlafaxine,suicide attempt
nepafenac,procedural pain
sulfacetamide,acne
doxercalciferol,hyperparathyroidism secondary
fk463,hepatic neoplasm
mifepristone,foetal death
acetaminophen,toothache
gadobutrol,renal failure
liraglutide,type 2 diabetes mellitus
pindolol,hyperkinetic heart syndrome
gold,psoriatic arthropathy
glipizide,diabetes mellitus
glycopyrrolate,cholinergic syndrome
fty720,uveitis
itraconazole,candida infection
thyroxine,follicular thyroid cancer
lamivudine,hepatitis b surface antigen positive
linaclotide,diarrhoea
nifedipine,fatigue
lu,major depression
glucose,tetany
alprazolam,dry mouth
clarithromycin,ulcer
cortisone,osteoarthritis
phenylpropanolamine,rhinitis seasonal
flecainide,myocardial ischaemia
gentamicin,dacryocystitis
dofetilide,cardiac disorder
solifenacin,pollakiuria
amiloride,hypokalaemia
pentostatin,hairy cell leukaemia
isoxsuprine,peripheral vascular disorder
carbamazepine,irritability
deprenyl,parkinsonism
chlordiazepoxide,alcohol abuse
ranolazine,bronchial hyperreactivity
ergonovine,uterine hypotonus
metrodin,endometrial cancer
5-azacytidine,refractory anaemia with an excess of blasts
tobramycin,nephropathy toxic
treprostinil,obesity
cefaclor,upper respiratory tract infection
bromocriptine,endocrine disorder
diclofenac,actinic keratosis
cefaclor,bronchitis
paricalcitol,renal failure chronic
doxycycline,q fever
cefaclor,tracheobronchitis
protriptyline,depression
trans,acute myocardial infarction
disopyramide,conduction disorder
palonosetron,nausea
fosphenytoin,psychotic disorder
fenoldopam,malignant hypertension
hydroxocobalamin,nausea
chlorambucil,leukaemia
atropine,biliary colic
chloramphenicol,conjunctivitis infective
oseltamivir,influenza like illness
nicorandil,acute coronary syndrome
clobazam,convulsion
montelukast,asthma
nitroglycerin,hypotension
bosentan,lung disorder
fosfomycin,pyelonephritis
ethacrynic,lymphoedema
chlordiazepoxide,alcoholism
clobetasol,dermatitis atopic
pioglitazone,liver disorder
estriol,hostility
lantus,diabetic retinopathy
salicylate,skin hypertrophy
pimecrolimus,eczema
fusidic,sepsis
tamoxifen,lobular breast carcinoma in situ
clindamycin,soft tissue infection
minocycline,urethritis
alfentanil,renal impairment
ibuprofen,otitis media
cefazolin,endocarditis
cefuroxime,sinusitis
ketorolac,uterine spasm
desloratadine,seasonal allergy
fosphenytoin,convulsion
atorvastatin,hypertension
cyproterone,androgenetic alopecia
doxepin,neurosis
chloride,arrhythmia
telavancin,pneumonia bacterial
metoprolol,hypotension
octreotide,neoplasm
famotidine,feeling abnormal
flutamide,prostate cancer
ticlopidine,blood disorder
torasemide,renal failure
nitrofurantoin,urticaria
quinapril,cardiac failure
bezafibrate,pancreatitis
boceprevir,foetor hepaticus
clomiphene,uterine haemorrhage
nitroglycerin,acute myocardial infarction
rosuvastatin,alcohol abuse
ceftazidime,mastitis
acth(1-39,azotaemia
oxybutynin,spina bifida
n-3,pancreatitis
prazosin,urinary tract obstruction
methylprednisolone,urticaria
melphalan,neuroblastoma
ziprasidone,dermatitis
tenoxicam,arthritis
demethyl,serum sickness
demethyl,proteinuria
fluconazole,cryptococcosis
ethacrynic,cardiac failure congestive
fluvastatin,liver disorder
chlorpheniramine,anal pruritus
dopamine,hypotension
pioglitazone,type 1 diabetes mellitus
ketorolac,procedural pain
flutamide,neoplasm malignant
cortisol,proctitis ulcerative
cortisol,rheumatoid arthritis
ranitidine,helicobacter infection
dobutamine,cardiac failure congestive
goserelin,menorrhagia
cortisone,serum sickness
cortisol,endocrine disorder
hydroxocobalamin,hypotension
gonadorelin,anovulatory cycle
oxymorphone,back pain
trandolaprilat,hypertension
aminophylline,vascular resistance systemic
nitrazepam,tension
cisplatin,hepatic cancer
efavirenz,drug interaction
hydromorphone,renal colic
sevelamer,hyperphosphataemia
piperacillin,endometritis
olopatadine,rhinitis perennial
dexamethasone,cutaneous sarcoidosis
ipratropium,bronchial hyperreactivity
ipratropium,glaucoma
lioh,bipolar disorder
penicillin,bacteraemia
triamterene,pre-eclampsia
fosinopril,hepatic failure
esmolol,atrial fibrillation
lamivudine,hepatitis c
prednisolone,mental disorder
hepatitis,sexually transmitted disease
felodipine,diabetic nephropathy
cephem,renal failure
cyclizine,breast cancer
mometasone,rhinitis allergic
dantrolene,hypermetabolism
fenofibric,peripheral arterial occlusive disease
acetaminophen,discomfort
dipivefrin,open angle glaucoma
tenofovir,viral infection
nicotine,sensitisation
thyroxine,hypothyroidism
amlodipine,pulmonary oedema
salicylate,pyoderma
norfloxacin,pyelocystitis
flucloxacillin,tonsillitis
cerivastatin,peripheral vascular disorder
phenylpropanolamine,sneezing
vacv,ulcer
tolvaptan,neurological symptom
"1,25(oh)2d3",calcinosis
triamcinolone,thrombocytopenia
mupirocin,herpes virus infection
zyprexa,psychotic disorder
naproxen,arthritis
meperidine,analgesic therapy
fluoxetine,tourette's disorder
propranolol,familial tremor
udca,myeloproliferative disorder
cefuroxime,urinary tract infection
conjugated,hepatocellular injury
sodium,respiratory rate decreased
deferoxamine,thalassaemia beta
lodoxamide,type i hypersensitivity
iodixanol,neoplasm
griseofulvin,coccidioidomycosis
bethanechol,urinary retention
prednisone,mycosis fungoides
cefazolin,streptococcal infection
methylprednisolone,autoimmune disorder
propranolol,haemangioma
metrodin,fallopian tube obstruction
glibenclamide,diabetes mellitus
amiloride,essential hypertension
"1,25(oh)2d3",hypoparathyroidism
morphine,insomnia
topotecan,sarcoma
epinephrine,headache
levetiracetam,partial seizures
iodixanol,glioblastoma
theophylline,bronchitis chronic
alfentanil,respiratory depression
nepafenac,extravasation
tamoxifen,pulmonary embolism
cefdinir,infection
strontium,osteoporosis postmenopausal
flucloxacillin,abscess
bazedoxifene,fracture
penicillin,pneumonia
cephalexin,otitis media
hydroxocobalamin,respiratory rate decreased
rifampicin,tuberculoid leprosy
cefoxitin,peritonitis
oxytetracycline,relapsing fever
rosuvastatin,type iii hyperlipidaemia
entecavir,chronic hepatitis b
tranexamic,nephropathy
beclomethasone,polyp
melphalan,renal impairment
tetracycline,rickettsialpox
sulindac,rheumatoid arthritis
lanreotide,acromegaly
acenocoumarol,coronary artery occlusion
refludan,acute coronary syndrome
progesterone,blindness
prazosin,diabetes mellitus
dihydroergotamine,gangrene
disopyramide,hepatic failure
apixaban,cerebrovascular accident
photofrin,oesophageal carcinoma
oseltamivir,pain
metoclopramide,motion sickness
dalteparin,disseminated intravascular coagulation
nalmefene,respiratory depression
amphotericin,chills
prednisolone,thermal burn
fluocinonide,psoriasis
conjugated,angiopathy
cortisol,mycosis fungoides
penbutolol,hypertension
streptomycin,chancroid
iodixanol,arteriovenous malformation
fondaparinux,myocardial infarction
vincristine,hodgkin's disease
doxapram,cardiovascular disorder
mafenide,wound
chlorambucil,rash
novolog,hyperglycaemia
budesonide,colitis ulcerative
cefoxitin,respiratory tract infection
eplerenone,type 2 diabetes mellitus
bcnu,non-hodgkin's lymphoma
cabergoline,hyperprolactinaemia
cortisol,aplasia pure red cell
rescinnamine,papule
trovafloxacin,pneumonia
simvastatin,premature menopause
echothiophate,angle closure glaucoma
vinorelbine,breast cancer stage iv
ceftazidime,pneumonia
vacv,opportunistic infection
diazepam,insomnia
vernakalant,atrial fibrillation
prednisolone,polychondritis
gentamicin,furuncle
demethyl,conjunctivitis allergic
cefuroxime,pneumonia bacterial
buspirone,generalised anxiety disorder
adenosine,atrioventricular block
t-a2-3,sepsis
ustekinumab,dermatitis
demethyl,polymyositis
dihydroergotamine,angina pectoris
oxymetholone,anaemia
bupivacaine,cardiac arrest
prednisone,dermatitis atopic
diane-35,inflammation
prednisolone,chorioretinitis
mitoxantrone,hepatocellular carcinoma
famotidine,hypertension
methylprednisolone,neuropathy peripheral
flucloxacillin,sepsis
minocycline,typhus
exenatide,neoplasm
codeine,procedural pain
roxithromycin,lower respiratory tract infection
epinephrine,hyperthyroidism
rivaroxaban,cerebrovascular accident
prasugrel,angina unstable
amantadine,cerebral arteriosclerosis
spironolactone,hypertension
azelastine,conjunctivitis allergic
prednisone,secondary adrenocortical insufficiency
vinblastine,hodgkin's disease
amlodipine,hyperlipidaemia
vemurafenib,malignant melanoma
fexofenadine,seasonal allergy
famotidine,dizziness
insulin,cardiovascular disorder
mebeverine,gastrointestinal disorder
clomipramine,parkinsonism
tobramycin,hearing impaired
clarithromycin,pneumonia
lidocaine,tenderness
sulfamethoxazole,dysentery
technetium-99m,infarction
telmisartan,cerebrovascular accident
heparin,atrial fibrillation
nadolol,anxiety
nateglinide,hyperglycaemia
epinephrine,bite
erythromycin,hypersensitivity
indapamide,lipids increased
nicardipine,angina pectoris
balsalazide,colitis ulcerative
procainamide,agranulocytosis
hydrocodone,pain
metoprolol,oedema
travoprost,uveitis
penicillin,cardiac valve disease
verapamil,essential hypertension
vinorelbine,non-small cell lung cancer
fluconazole,renal failure
clofarabine,acute lymphocytic leukaemia
progesterone,mood swings
estriol,vulvovaginal pruritus
doxepin,depressed mood
methadone,therapy naive
colestimide,renal failure chronic
acamprosate,alcoholism
cortisol,conjunctivitis allergic
dexamethasone,brain oedema
demeclocycline,actinomycosis
minocycline,plague
trovafloxacin,parametritis
gemcitabine,non-small cell lung cancer
torasemide,nephropathy
cefazolin,soft tissue infection
methotrexate,lymphoma
metrodin,infertility female
metaproterenol,disability
emedastine,conjunctivitis allergic
cefaclor,atypical pneumonia
piperacillin,urethritis gonococcal
propranolol,pain
insulin,somnolence
propantheline,proctocolitis
mannitol,renal failure acute
eslicarbazepine,hepatitis b
sodium,hypertension
famotidine,hallucination
flucloxacillin,meningitis
rifaximin,hepatic function abnormal
tobramycin,cystitis
mupirocin,pyoderma
conjugated,atrophy
trifluoperazine,electroencephalogram abnormal
tapentadol,diabetic neuropathy
eplerenone,hypertension
triamcinolone,brain cancer metastatic
bleomycin,pulmonary toxicity
dexamethasone,keloid scar
trandolapril,ischaemia
ciprofloxacin,convulsion
ceftriaxone,urinary tract infection
novolog,liver disorder
olmesartan,cardiac failure
dapagliflozin,renal impairment
praziquantel,infection
doxycycline,urinary tract infection
benazepril,essential hypertension
gentamicin,sycosis barbae
carfilzomib,plasmacytoma
tamsulosin,benign prostatic hyperplasia
gemfibrozil,hyperlipidaemia
hydroxocobalamin,vomiting
tigecycline,pneumonia
acetaminophen,cough
dantrolene,metabolic acidosis
loratadine,pruritus
oxytetracycline,granuloma inguinale
loteprednol,inflammation
lisinopril,acute myocardial infarction
cefoxitin,endometritis
oxymorphone,procedural pain
doxycycline,periodontitis
pravastatin,cerebrovascular accident
clodronate,osteolysis
simvastatin,hypertriglyceridaemia
clemastine,sneezing
fospropofol,acute leukaemia
primidone,simple partial seizures
salbutamol,obstructive airways disorder
fluvastatin,nephrotic syndrome
bromocriptine,parkinsonism
insulin,confusional state
losartan,cerebrovascular accident
progesterone,body temperature increased
lisinopril,cardiac failure congestive
sotalol,cardiac flutter
oestrogen,hot flush
diflunisal,arthritis
lapatinib,disease progression
clindamycin,osteomyelitis
octreotide,endocrine neoplasm
didanosine,infection
cas,hypertension
vinblastine,mycosis fungoides
timolol,open angle glaucoma
morphine,renal impairment
cefotaxime,central nervous system infection
cytarabine,erythroleukaemia
desonide,dermatitis atopic
misoprostol,duodenal ulcer
ivabradine,cardiac failure chronic
prednisone,arthritis
vinorelbine,non-small cell lung cancer metastatic
aspirin,headache
procarbazine,brain neoplasm
metronidazole,hepatic amoebiasis
fluoxymesterone,cryptorchism
cisplatin,adrenal gland cancer
tenoxicam,rheumatoid arthritis
metoclopramide,impaired gastric emptying
trifluoperazine,bipolar disorder
fluconazole,vulvovaginal candidiasis
olodaterol,emphysema
aztreonam,cystitis
cefaclor,drug hypersensitivity
clindamycin,pseudomembranous colitis
pralatrexate,peripheral t-cell lymphoma unspecified
fentanyl,migraine
lisinopril,acute coronary syndrome
valproate,myoclonic epilepsy
samarium,metastasis
cefazolin,prostatitis
oxaliplatin,loss of consciousness
amoxicillin,hypersensitivity
iodixanol,neuroma
sulfadiazine,otitis media acute
dihydroergotamine,acute coronary syndrome
valsartan,left ventricular dysfunction
trimethoprim,infection
oxymorphone,anxiety
demethyl,pemphigus
guanidinium,muscular weakness
canagliflozin,renal impairment
droperidol,psychotic disorder
mdv3100,hallucination
chlorpromazine,frustration
atorvastatin,angina pectoris
guanidinium,small cell lung cancer
vilazodone,depressed mood
tranylcypromine,dysthymic disorder
fosphenytoin,status epilepticus
clarithromycin,duodenal ulcer
norethisterone,amenorrhoea
ramipril,nephropathy
ephedrine,hypersensitivity
triiodothyronine,atrophy
epinephrine,shock
conjugated,osteopenia
foscarnet,cytomegalovirus infection
gold,felty's syndrome
furosemide,hypertension
thiabendazole,enterobiasis
propranolol,wolff-parkinson-white syndrome
metformin,acute coronary syndrome
cisplatin,cervix carcinoma
clonidine,flushing
propranolol,syncope
gadofosveset,angiopathy
choline,tobacco abuse
rosuvastatin,dyslipidaemia
metronidazole,vaginal discharge
buprenorphine,procedural pain
sodium,addison's disease
atenolol,asthma
flurbiprofen,ankylosing spondylitis
terbutaline,asthma
ceftazidime,cystitis noninfective
amiloride,hypertension
chlorpromazine,mood swings
dolutegravir,infection
ramiprilat,infarction
pravastatin,hypertension
erythromycin,renal impairment
propranolol,hyperthyroidism
tmc207,mycobacterial infection
tamoxifen,neoplasm malignant
cytarabine,leukaemic infiltration brain
calcium,pruritus
methazolamide,open angle glaucoma
estriol,inflammation
ampicillin,seasonal allergy
venlafaxine,performance fear
loteprednol,conjunctivitis allergic
methylprednisolone,seborrhoeic dermatitis
carbidopa,nausea
quinaprilat,cardiac failure congestive
progesterone,haemorrhage
cortisone,optic neuritis
anidulafungin,abdominal abscess
"1,25(oh)2d3",osteoporosis
empagliflozin,hypoglycaemia
bcnu,glioblastoma
demethyl,azotaemia
potassium,arrhythmia
sodium,dyspnoea
lidocaine,arrhythmia
bimatoprost,hypotrichosis
dexamethasone,protein urine present
methylprednisolone,oedema
cephem,otitis media acute
oxiconazole,infection
clotrimazole,genital candidiasis
busulfan,plasma cell myeloma
salbutamol,diabetes mellitus
itraconazole,skin infection
aztreonam,meningitis
procarbazine,malignant melanoma
cortisone,leukaemia
warfarin,embolism venous
colesevelam,blood triglycerides increased
lisuride,akinesia
cortisol,hypopituitarism
ziprasidone,diabetes mellitus
estriol,convalescent
mupirocin,ulcer
pyrazinamide,jaundice
clozapine,leukopenia
monomycin,primary syphilis
clotrimazole,neoplasm
monomycin,amoebiasis
dalteparin,coagulopathy
repaglinide,diabetic complication
clarithromycin,mycobacterial infection
prednisolone,thrombocytopenia
cefprozil,streptococcal infection
hydroxyurea,teratogenicity
propranolol,ventricular extrasystoles
ramiprilat,acute coronary syndrome
miconazole,neoplasm malignant
thiazide,glomerulonephritis acute
nitrofurantoin,rash
pioglitazone,anovulatory cycle
thiamine,oedema
cortisone,systemic lupus erythematosus
cabergoline,parkinson's disease
crizotinib,neoplasm
lithium,affective disorder
fondaparinux,angina pectoris
leflunomide,arthritis
lisuride,blood growth hormone increased
diazoxide,nephritis
dextran,haemoglobin
bicarbonate,familial periodic paralysis
t-a2-3,infection
chlorpromazine,anxiety
dexamethasone,collagen disorder
tranexamic,renal impairment
x,neutropenia
misoprostol,discomfort
nitrite,hypertension
ciclesonide,rhinitis perennial
dopamine,coma
phenytoin,status epilepticus
choline,cardiac failure congestive
tinidazole,vulvovaginitis
ipratropium,rhinitis perennial
cabergoline,anovulatory cycle
disulfiram,headache
diltiazem,arrhythmia
vincristine,purpura
doxycycline,cellulitis
lodoxamide,conjunctivitis allergic
modafinil,fatigue
thiotepa,meningeal neoplasm
cortisol,psoriatic arthropathy
demethyl,erythema
ceftazidime,abdominal abscess
modafinil,asthenia
aspirin,pain
lidocaine,acute coronary syndrome
levomepromazine,phantom pain
rosiglitazone,type 1 diabetes mellitus
aclidinium,chronic obstructive pulmonary disease
ribavirin,chronic obstructive pulmonary disease
penciclovir,genital herpes
glibenclamide,obesity
gemfibrozil,low density lipoprotein increased
promethazine,hypersensitivity
alfuzosin,blood pressure systolic decreased
doxycycline,atypical pneumonia
miconazole,tinea cruris
mirtazapine,depression
gentamicin,abortion infected
oestrogen,artificial menopause
meclofenamate,gout
promethazine,conjunctivitis allergic
repaglinide,coronary artery disease
isoniazid,hodgkin's disease
oseltamivir,chills
lovastatin,lipid metabolism disorder
brimonidine,open angle glaucoma
danazol,menorrhagia
methylprednisolone,synovitis
fenofibrate,aortic aneurysm
pyridoxine,hyperoxaluria
amiloride,ascites
olmesartan,angina pectoris
probenecid,blood uric acid increased
ramipril,renovascular hypertension
doxycycline,pyelonephritis
haloperidol,mood swings
almotriptan,aura
prednisolone,optic neuritis
ixabepilone,breast cancer stage iv
desipramine,major depression
dobutamine,vascular resistance systemic
aztreonam,bronchitis
zuclopenthixol,feeling abnormal
dimercaptosuccinic,metal poisoning
piperacillin,infection
cyclizine,nausea
beclomethasone,nasal polyps
oxytocin,pre-eclampsia
vinblastine,choriocarcinoma
oseltamivir,infection
dabigatran,deep vein thrombosis
methylprednisolone,dermatitis atopic
ibandronate,multiple fractures
methylprednisolone,sympathetic ophthalmia
sevelamer,renal osteodystrophy
chlorthalidone,fluid retention
verapamil,sinus rhythm
aztreonam,gonorrhoea
proguanil,plasmodium falciparum infection
betamethasone,eczema nummular
penicillin,rhinitis seasonal
tmc207,tuberculosis
bicarbonate,essential hypertension
levetiracetam,convulsion
famp,renal impairment
budesonide,seasonal allergy
fluconazole,renal impairment
doxycycline,rheumatic fever
naloxone,dependence
oxazepam,alcohol withdrawal syndrome
desloratadine,rhinitis allergic
sodium,discomfort
fexofenadine,sedation
cefotaxime,bronchiectasis
nitroprusside,haemorrhage
raloxifene,osteoporosis postmenopausal
itraconazole,keratitis fungal
pravastatin,type ii hyperlipidaemia
celecoxib,rheumatoid arthritis
dexamethasone,haemolytic anaemia
arsenic,torsade de pointes
hydroxyurea,neoplasm
demethyl,skin disorder
desmopressin,nephrogenic diabetes insipidus
dexamethasone,infection
cilazapril,myocardial ischaemia
cortisone,enteritis
hydroxocobalamin,confusional state
azithromycin,pathogen resistance
minocycline,urinary tract infection
pravastatin,cardiovascular disorder
elvitegravir,infection
calcium,abdominal pain
amifostine,infection
melphalan,breast cancer
dimercaptosuccinic,poisoning
cisplatin,gestational trophoblastic tumour
pentamidine,pneumonia
pyridostigmine,ileus paralytic
prednisolone,epicondylitis
demethyl,asthma
iodixanol,malignant glioma
progesterone,migraine
progesterone,sleep disorder
ly146032,osteomyelitis
nitrofurantoin,bacteriuria
methylprednisolone,erythema multiforme
oxaprozin,rheumatoid arthritis
cancidas,oropharyngeal candidiasis
triiodothyronine,primary hypothyroidism
dicloxacillin,pneumonia streptococcal
mifepristone,glucose tolerance impaired
cefprozil,bladder pain
lisuride,blood prolactin increased
exemestane,contralateral breast cancer
ibandronate,neoplasm malignant
fluvastatin,diabetes mellitus
oxiconazole,pityriasis
ramiprilat,acute myocardial infarction
cerivastatin,low density lipoprotein increased
pindolol,atrial fibrillation
methylprednisolone,lymphoma
carboprost,premature rupture of membranes
famotidine,developmental delay
fluocinolone,otitis externa
ethambutol,joint tuberculosis
erythromycin,rheumatic fever
amiloride,atrioventricular block
pindolol,atrial tachycardia
clindamycin,impetigo
pralidoxime,pulmonary function test decreased
x,sickle cell anaemia
acyclovir,renal failure
chlorambucil,hodgkin's disease lymphocyte depletion type stage unspecified
oseltamivir,myalgia
beclomethasone,seborrhoeic dermatitis
demeclocycline,infection
torasemide,hypertension
procaine,pharyngitis
dexamethasone,chorioretinitis
famp,neoplasm
rivaroxaban,acute coronary syndrome
imiquimod,anogenital warts
isocarboxazid,feeling guilty
metolazone,fluid retention
nefazodone,mental disability
salmon,osteolysis
fenofibric,low density lipoprotein increased
tropicamide,cycloplegia
ranitidine,haemoglobin
bromocriptine,hyperprolactinaemia
verapamil,arrhythmia
fosaprepitant,neoplasm malignant
doxycycline,bronchitis
ketoprofen,spondylitis
doripenem,infection
mitoxantrone,disability
dacarbazine,neoplasm malignant
verapamil,cardiac index
benazepril,angioedema
clarithromycin,blood culture negative
triamcinolone,arthritis
aliskiren,cardiac failure
mk-462,migraine
sertraline,partner stress
trametinib,pneumonia
temsirolimus,mantle cell lymphoma refractory
oxytetracycline,infection
emtricitabine,hiv infection
alprazolam,chest pain
a77,hypertension
heparin,deep vein thrombosis
nadolol,diabetic nephropathy
aspirin,spondylitis
vitamin,haemorrhagic disease of newborn
terazosin,bladder neck obstruction
cortisol,hypersensitivity
cefixime,urethritis noninfective
isocarboxazid,asthenia
busulfan,acute leukaemia
metronidazole,skin ulcer
atorvastatin,acute coronary syndrome
zoledronic,hypercalcaemia of malignancy
refludan,embolism venous
insulin,diabetic ketoacidosis
diphenhydramine,rhinitis
oxprenolol,hypertension
leucovorin,anaemia megaloblastic
pazopanib,metastatic renal cell carcinoma
ibandronate,peptic ulcer
milrinone,cardiac failure congestive
tazarotene,lentigo
spironolactone,hepatic cirrhosis
pindolol,atrial flutter
ezetimibe,liver disorder
cefotaxime,abdominal infection
mannitol,fructose intolerance
norepinephrine,sepsis
lubiprostone,irritable bowel syndrome
dipyridamole,transient ischaemic attack
oxymorphone,dyspnoea
chlorpromazine,electroencephalogram abnormal
sotalol,cardiac disorder
itraconazole,liver disorder
mupirocin,dermatitis infected
minocycline,bronchitis
lymecycline,urethritis
n-acetylcysteine,traumatic liver injury
omeprazole,ulcer
atovaquone,sepsis
phenylephrine,uveitis
cyproterone,feminisation acquired
famotidine,hyperplasia
tranexamic,foetor hepaticus
heparin,disseminated intravascular coagulation
tetracycline,renal failure
isoproterenol,cardiac fibrillation
minocycline,lymphogranuloma venereum
pantoprazole,ulcer
cefditoren,bronchitis chronic
erythromycin,tetanus
hydroflumethiazide,hypertension
perindopril,angioedema
lmwh,myocardial infarction
trovafloxacin,abortion infected
memantine,neuralgia
carboplatin,testis cancer
sulfadiazine,meningitis meningococcal
fenofibrate,peripheral arterial occlusive disease
doxycycline,rocky mountain spotted fever
isoproterenol,cardiac failure congestive
mitoxantrone,leukaemia
diethylpropion,hypertension
gemfibrozil,combined hyperlipidaemia
demethyl,dermatitis exfoliative
oestrogen,hyperhidrosis
betamethasone,neurodermatitis
acyclovir,renal impairment
chlorpromazine,bipolar disorder
tobramycin,pyelonephritis
mupirocin,tearfulness
dantrolene,tachypnoea
cortisone,ophthalmic herpes zoster
prednisone,meningitis tuberculous
sulfasalazine,rheumatoid arthritis
dexamethasone,necrobiosis lipoidica diabeticorum
monomycin,pneumonia legionella
acth(1-39,ankylosing spondylitis
prednisone,gastrointestinal disorder
fosinoprilat,hypertension
prednisolone,varicella
n-acetylcysteine,tuberculosis
nizatidine,gastric ulcer
chlorambucil,extranodal marginal zone b-cell lymphoma (malt type)
cefazolin,cholecystitis acute
gentamicin,meningitis
adefovir,hepatocellular injury
gamma-aminobutyric,bruton's agammaglobulinaemia
gemcitabine,breast cancer
doxycycline,inclusion conjunctivitis
trandolaprilat,left ventricular dysfunction
etidronate,fracture
vilazodone,feeling guilty
zoledronic,hypovolaemia
hydrochlorothiazide,oedema
epinephrine,uterine contractions during pregnancy
glimepiride,weight decreased
minocycline,pneumonia
quinaprilat,cardiac failure
cephalexin,sinusitis bacterial
acth(1-39,psoriatic arthropathy
riociguat,pulmonary hypertension
niacin,acute coronary syndrome
pantoprazole,gastrooesophageal reflux disease
tolazamide,type 2 diabetes mellitus
spectinomycin,urethritis
ceftriaxone,wound
delavirdine,pathogen resistance
progesterone,bronchitis
nafarelin,endometriosis
mometasone,rhinitis perennial
tegaserod,constipation
irinotecan,diarrhoea
zolmitriptan,hypersensitivity
monamine,nausea
sunitinib,protein urine present
cephalexin,endocarditis
isosorbide-5-mononitrate,cardiac failure chronic
praziquantel,infestation
isosorbide,myocardial ischaemia
propranolol,angina pectoris
telmisartan,hyperlipidaemia
mometasone,sinusitis
atropine,lacrimation increased
eaca,blood disorder
flecainide,cardiac fibrillation
cefaclor,renal impairment
etidronate,pain
econazole,fungal skin infection
trospium,hypertonic bladder
naloxone,hypotension
epinephrine,rhinitis
salmon,hypercalcaemia of malignancy
monomycin,listeriosis
meloxicam,inflammation
allopurinol,gout
cortisone,thrombocytopenia
tenoxicam,vasculitis
diazepam,convulsion
idarubicin,acute coronary syndrome
afatinib,small cell carcinoma
brinzolamide,hypotony of eye
clomiphene,anovulatory cycle
cefotetan,lower respiratory tract infection
hepatitis,thalassaemia
lamivudine,hepatitis b e antigen positive
dantrolene,clonus
eplerenone,angina pectoris
epinephrine,loss of consciousness
bromocriptine,erectile dysfunction
cefotaxime,pneumonia
deferoxamine,autoimmune haemolytic anaemia
nitazoxanide,diarrhoea
pantoprazole,gastrinoma
pioglitazone,diabetes mellitus
prednisolone,blood disorder
betahistine,hearing impaired
salicylate,bedridden
indomethacin,ankylosing spondylitis
ethionamide,tuberculosis
verapamil,hypertrophic cardiomyopathy
minocycline,bronchopneumonia
ly146032,surgery
norfloxacin,urinary tract infection
lisinopril,infarction
nateglinide,blood glucose decreased
erythromycin,inclusion conjunctivitis
vacv,dermatitis
mndpdp,injection site discomfort
prednisolone,pneumonia aspiration
meperidine,renal colic
telmisartan,coronary artery disease
trimethoprim-sulfamethoxazole,bronchitis chronic
bromocriptine,primary hypothyroidism
atropine,automatic bladder
alfuzosin,coronary artery disease
penicillin,empyema
cisplatin,penile cancer
buspirone,distractibility
quinidine,ventricular arrhythmia
quinapril,cardiac failure congestive
pravastatin,type iia hyperlipidaemia
cefotaxime,urinary tract infection
linezolid,diabetic foot infection
fludarabine,non-hodgkin's lymphoma
modafinil,apnoea
allopurinol,non-hodgkin's lymphoma
penciclovir,rash
levonorgestrel,sexually transmitted disease
tolvaptan,hyponatraemia
saxagliptin,renal impairment
prednisolone,seborrhoeic dermatitis
tinidazole,liver disorder
sulfadiazine,urinary tract infection
sodium,disorientation
prednisolone,pulmonary eosinophilia
cyclophosphamide,b-cell lymphoma
carnitine,carnitine deficiency
lisuride,parkinson's disease
verapamil,diabetic nephropathy
isoxsuprine,raynaud's phenomenon
vigabatrin,myoclonic epilepsy
amikacin,abdominal infection
tobramycin,bladder pain
cefadroxil,rheumatic disorder
clindamycin,acquired immunodeficiency syndrome
thymidine,hepatitis c
fotemustine,metastasis
phenylbutyric,mental disability
amcinonide,neurodermatitis
amoxicillin,urticaria
metronidazole,trichomoniasis
tinidazole,giardiasis
naproxen,abdominal discomfort
paclitaxel,liver disorder
hydroxyurea,ovarian cancer
methylprednisolone,pulmonary eosinophilia
nizatidine,renal failure
acetaminophen,renal failure
fluocinolone,food allergy
theophylline,bronchospasm
dihydroergotamine,cluster headache
vincristine,hodgkin's disease lymphocyte predominance type stage unspecified
dopamine,shock
abacavir,pathogen resistance
citric,road traffic accident
propranolol,conduction disorder
nitrofurantoin,arthralgia
naphazoline,seasonal allergy
acetazolamide,petit mal epilepsy
halcinonide,dermatitis atopic
benzathine,pharyngitis
nelarabine,non-hodgkin's lymphoma
topotecan,retinoblastoma
demethyl,cutaneous lupus erythematosus
tranexamic,premature separation of placenta
simvastatin,skin ulcer
prednisone,nephropathy
oxacillin,infection
darifenacin,infection
doxepin,cardiovascular disorder
bleomycin,choriocarcinoma
buspirone,liver disorder
nifedipine,prinzmetal angina
levetiracetam,idiopathic generalised epilepsy
etoposide,hepatic function abnormal
ceftriaxone,infection
cefepime,bacteraemia
rivaroxaban,pulmonary embolism
5-asa,alopecia
valproate,mania
fluphenazine,hypersensitivity
buspirone,paraesthesia
cisplatin,bladder transitional cell carcinoma
hydralazine,cardiac failure high output
lomitapide,low density lipoprotein increased
hydroxocobalamin,gastritis atrophic
cefixime,tracheobronchitis
mitoxantrone,lymphoma
cortisol,sunburn
hydroxocobalamin,dyspnoea
tenofovir,hepatitis b e antigen positive
demeclocycline,syphilis
gentamicin,superinfection
aztreonam,genital infection female
nifedipine,hepatic cirrhosis
baclofen,nervous system disorder
glucose,abdominal infection
acebutolol,myocardial ischaemia
trimethoprim-sulfamethoxazole,respiratory tract infection
flecainide,atrial flutter
prasugrel,myocardial infarction
cefuroxime,erythema migrans
temozolomide,malignant melanoma
cefixime,renal failure
bepridil,angina pectoris
sulfadiazine,cerebral toxoplasmosis
ziprasidone,malaise
butoconazole,vulvovaginal candidiasis
nifedipine,vasodilation procedure
alprazolam,hot flush
vismodegib,basal cell carcinoma
tolmetin,rheumatoid arthritis
ipratropium,seasonal allergy
bromazepam,anxiety disorder
nizatidine,gastrooesophageal reflux disease
furosemide,hepatic failure
ferumoxytol,iron deficiency
ioversol,hypersensitivity
cimetidine,arthritis
nilotinib,chronic myeloid leukaemia
fusidic,conjunctivitis bacterial
argenine,abdominal distension
mecamylamine,malignant hypertension
gentamicin,sepsis neonatal
vacv,renal impairment
cabergoline,prolactinoma
quinapril,hypotension
mupirocin,ecthyma
tetracycline,upper respiratory tract infection
sodium,vomiting
tiotropium,bronchitis chronic
eplerenone,microalbuminuria
acetaminophen,osteoarthritis
maprotiline,mental disorder
telmisartan,diabetic nephropathy
etodolac,juvenile idiopathic arthritis
imiquimod,molluscum contagiosum
warfarin,renal failure
trimethoprim-sulfamethoxazole,shigella infection
lioh,mania
oxaprozin,juvenile idiopathic arthritis
capsaicin,post herpetic neuralgia
cephem,bronchitis chronic
cefaclor,bladder pain
phenylephrine,open angle glaucoma
fosphenytoin,encephalopathy
prazosin,hypertension
acyclovir,pain
rivaroxaban,hypertension
leflunomide,disability
pravastatin,alcohol abuse
potassium,road traffic accident
eplerenone,acute coronary syndrome
thymidine,alanine aminotransferase increased
sofosbuvir,chronic hepatitis c
prilocaine,ischaemia
lidocaine,agitation
delta,drug dependence
atropine,tremor
lisuride,nausea
cefuroxime,peritonitis
colestyramine,coronary artery disease
fenofibrate,diabetes mellitus
quinapril,renovascular hypertension
niacin,flushing
gentamicin,soft tissue infection
thiabendazole,cutaneous larva migrans
terbinafine,tinea pedis
bosentan,heart disease congenital
alprazolam,depressive symptom
raltegravir,infection
phenylbutyric,mental retardation
levomepromazine,hallucination
lovastatin,dyslipidaemia
anthracycline,hodgkin's disease
diphenhydramine,lacrimation increased
olopatadine,eye pruritus
vinblastine,non-hodgkin's lymphoma
erythromycin,amoebiasis
dexamethasone,choroiditis
amd3100,leukaemia
mupirocin,dermatitis atopic
eribulin,breast cancer
lormetazepam,emotional distress
maprotiline,dysthymic disorder
atorvastatin,type 2 diabetes mellitus
salicylate,fungal infection
poly(styrene,anuria
hydroxocobalamin,stasis syndrome
lamotrigine,hypomania
prednisolone,hypoxia
romidepsin,peripheral t-cell lymphoma unspecified
ticlopidine,cerebrovascular accident
delta,nausea
disopyramide,cardiac failure
demethyl,necrobiosis lipoidica diabeticorum
cefotaxime,pelvic inflammatory disease
phenylbutyric,nervous system disorder
homatropine,cycloplegia
calcium,hypoparathyroidism
lithium,pressure of speech
prednisolone,eosinophilic pneumonia
cefixime,bronchitis chronic
salmeterol,chronic obstructive pulmonary disease
glucose,hyperinsulinism
retinoic,completed suicide
diatrizoate,ependymoma
pioglitazone,insulin resistance
bimatoprost,ocular hypertension
betamethasone,solar dermatitis
fty720,diabetes mellitus
rosuvastatin,myocardial infarction
pge1,transposition of the great vessels
rasburicase,non-hodgkin's lymphoma
capecitabine,breast cancer stage iv
penicillin,zoonotic bacterial infection
tolbutamide,diabetes mellitus
lercanidipine,hypertension
cortisone,ulcer
cortisol,sympathetic ophthalmia
nitroglycerin,angina pectoris
homatropine,mydriasis
dalteparin,atrial fibrillation
oxazepam,agitation
propranolol,atrial fibrillation
famotidine,dyspepsia
hydroxocobalamin,neurological symptom
metoclopramide,hypertension
dexamethasone,polyuria
sodium,shock
methyclothiazide,renal failure chronic
etidronate,angiopathy
minocycline,q fever
terbinafine,skin infection
digoxin,tachyarrhythmia
nafarelin,dyspareunia
lovastatin,blood cholesterol increased
furosemide,nephrotic syndrome
fluticasone,skin disorder
prednisolone,gout
tobramycin,bacterial infection
meropenem,infection
thyroxine,neoplasm malignant
carboplatin,ovarian cancer
tibolone,oestrogen deficiency
trandolaprilat,acute myocardial infarction
cefotetan,urinary tract infection
domperidone,diabetic gastroparesis
loperamide,renal impairment
promethazine,anaphylactic shock
ephedrine,nasal congestion
etoricoxib,arthritis
lovastatin,low density lipoprotein increased
ivermectin,filariasis
mometasone,papule
bretylium,arrhythmia
actinomycin,rhabdomyosarcoma
cefotaxime,respiratory tract infection
travoprost,iritis
ibandronate,fracture
valsartan,myocardial infarction
sodium,hypophosphataemia
norfloxacin,gonorrhoea
acyclovir,ophthalmic herpes zoster
2-hydroxysuccinaldehyde,renal failure chronic
cortisone,gastrointestinal disorder
samarium,pain
alprazolam,tachycardia
dalteparin,haemoglobin
rifaximin,hepatic encephalopathy
verapamil,vasodilation procedure
salbutamol,status asthmaticus
tropisetron,nausea
treprostinil,renal impairment
actinomycin,neoplasm
gadobutrol,electrocardiogram qt prolonged
carvedilol,cardiomyopathy
fludrocortisone,orthostatic hypotension
acyclovir,body temperature increased
etidronate,bone lesion
lamotrigine,affective disorder
pci-32765,mantle cell lymphoma
medrysone,episcleritis
aspirin,multiple fractures
sotalol,sinus rhythm
conjugated,hypogonadism
ascorbate,tuberculosis
bendrofluazide,essential hypertension
fexofenadine,lacrimation increased
leucovorin,colorectal cancer
benzathine,asthma
methylprednisolone,purpura
dexamethasone,synovitis
sotalol,vascular resistance systemic
dronedarone,atrial fibrillation
cyclobenzaprine,tenderness
nelfinavir,immunodeficiency
simvastatin,obstruction
mannitol,brain mass
buspirone,tremor
propranolol,tremor
gemcitabine,alcohol abuse
telmisartan,hypertension
famotidine,drug interaction
simvastatin,cardiac failure congestive
phentolamine,extravasation
sotalol,liver disorder
oseltamivir,feeling abnormal
fk463,abscess
acth(1-39,rheumatoid arthritis
epinephrine,dyspnoea
tmc207,pulmonary tuberculosis
mephenytoin,temporal lobe epilepsy
bromocriptine,breast pain
triamcinolone,osteoarthritis
foscarnet,pneumonia
spironolactone,hyperlipidaemia
trabectedin,leiomyosarcoma
alpha-methyl-p-tyrosine,phaeochromocytoma malignant
propranolol,haemangioma of skin
cefotaxime,arthritis bacterial
pindolol,cardiac fibrillation
sulfadiazine,chancroid
fty720,relapsing-remitting multiple sclerosis
pge1,erectile dysfunction
loteprednol,iritis
gentamicin,ulcerative keratitis
liraglutide,neoplasm
vinorelbine,metastatic neoplasm
buspirone,dry mouth
gemcitabine,transitional cell carcinoma
clonidine,memory impairment
levodopa/carbidopa,poisoning
fluvastatin,hypercholesterolaemia
tetraen,hypercholesterolaemia
guanidinium,small cell carcinoma
anidulafungin,systemic candida
cisplatin,endometrial cancer
isocarboxazid,major depression
methylprednisolone,leukaemia
liraglutide,antibody test positive
fluocinolone,uveitis
cimetidine,gastric ph decreased
tetracycline,campylobacter gastroenteritis
lovastatin,myocardial infarction
topotecan,ovarian epithelial cancer recurrent
eslicarbazepine,poliomyelitis
isomannide,angina pectoris
cefixime,infection
metformin,diabetic ketoacidosis
ticlopidine,agranulocytosis
atropine,irritability
disopyramide,bundle branch block right
cisplatin,hodgkin's disease lymphocyte depletion type stage unspecified
canagliflozin,balanoposthitis
doxycycline,soft tissue infection
d-penicillamine,hepato-lenticular degeneration
oxymetholone,congenital aplastic anaemia
gliclazide,type 2 diabetes mellitus
neomycin,conjunctivitis infective
ethacrynic,neoplasm malignant
ibuprofen,patent ductus arteriosus
cefuroxime,infection
ethambutol,meningitis tuberculous
oxycodone,constipation
valproate,grand mal convulsion
bicarbonate,discomfort
chloramphenicol,otitis externa
tranylcypromine,mental disability
n-acetylcysteine,liver injury
carnitine,renal failure chronic
vincristine,peroneal muscular atrophy
chlorpromazine,affect lability
bivalirudin,acute myocardial infarction
ivacaftor,cystic fibrosis
allopurinol,renal failure
cyanocobalamin,neoplasm malignant
warfarin,renal impairment
erythromycin,upper respiratory tract infection
pentamidine,leishmaniasis
felodipine,hypertension
palonosetron,procedural nausea
desipramine,bipolar i disorder
propantheline,irritable bowel syndrome
sodium,chest discomfort
famciclovir,rash
diazoxide,renal impairment
5-fu,cervix carcinoma
etidronate,osteomalacia
oxytocin,gestational diabetes
amlodipine,bronchial hyperreactivity
aclidinium,angle closure glaucoma
nalmefene,alcoholism
metronidazole,infection
mannitol,intraocular pressure increased
miconazole,candida infection
trandolaprilat,acute coronary syndrome
famotidine,toxic epidermal necrolysis
perindoprilat,acute coronary syndrome
octreotide,hypokalaemia
minocycline,paronychia
chlorambucil,lymphoma
dyphylline,bronchitis chronic
etoposide,small cell carcinoma
minocycline,tracheobronchitis
technetium-99m,acute coronary syndrome
dihydroergotamine,musculoskeletal discomfort
desvenlafaxine,hypersomnia
irinotecan,oesophageal carcinoma
clobetasone,dermatitis atopic
linagliptin,renal impairment
alprazolam,choking
domperidone,migraine
zonisamide,partial seizures
indapamide,hyperkaliuria
simvastatin,arteriosclerosis
spironolactone,hypernatraemia
clemastine,nasopharyngitis
n-carbamylglutamate,hyperammonaemia
meperidine,pain
diphenhydramine,rhinitis seasonal
tinidazole,vaginitis gardnerella
cortisol,temporal arteritis
megestrol,acquired immunodeficiency syndrome
atropine,urethral disorder
almotriptan,nausea
betamethasone,lichen planus
kanamycin,staphylococcal infection
repaglinide,diabetes mellitus
oxytocin,uterine hypotonus
clemastine,urticaria
bromocriptine,fibrocystic breast disease
dexamethasone,allergic bronchitis
sotalol,atrial fibrillation
ephedrine,asthma
hydroxocobalamin,pernicious anaemia
symlin,type 2 diabetes mellitus
cefprozil,cystitis
buspirone,renal impairment
erythromycin,wound
dipyridamole,ischaemic stroke
monomycin,conjunctivitis
choline,fatigue
adenosine,supraventricular tachycardia
saxagliptin,diabetic ketoacidosis
pravastatin,dyslipidaemia
n-acetylcysteine,primary amyloidosis
dronedarone,cardiac failure
vancocine,soft tissue infection
hydrochlorothiazide,pregnancy
eptifibatide,angina unstable
ethionamide,diabetes mellitus
tapentadol,pain
cefpodoxime,bronchitis chronic
aspirin,rhinitis
dacarbazine,malignant melanoma
colestyramine,biliary cirrhosis
norfloxacin,infection
metronidazole,sepsis
amoxicillin,inflammation
fotemustine,malignant melanoma
deferoxamine,renal failure
demeclocycline,rickettsialpox
clotrimazole,tinea versicolour
orlistat,diabetes mellitus
ceftazidime,infection
chlorpheniramine,vulvovaginal pruritus
betamethasone,intertrigo
acetaminophen,sinusitis
sodium,conjunctivitis allergic
fluocinolone,psoriasis
chlorpheniramine,vasomotor rhinitis
loratadine,seasonal allergy
cosyntropin,postpartum hypopituitarism
oseltamivir,oropharyngeal pain
tpgs,vitamin e deficiency
prednisolone,keratitis
latanoprost,ocular hypertension
dicloxacillin,osteomyelitis
levonorgestrel,menorrhagia
itraconazole,renal impairment
captopril,acute coronary syndrome
nicorandil,arteriospasm coronary
chlorthalidone,renal failure chronic
lithium,delusion of grandeur
fluticasone,hypersensitivity
amikacin,sepsis neonatal
tinidazole,sexually transmitted disease
hydroxocobalamin,parasitic gastroenteritis
cefpodoxime,gonorrhoea
nafarelin,dysmenorrhoea
cefuroxime,meningitis
levomepromazine,discomfort
salmeterol,bronchial hyperreactivity
epinephrine,diabetes mellitus
dacarbazine,hodgkin's disease
trifluoperazine,alcohol abuse
losartan,diabetes mellitus
meropenem,influenza
pimozide,schizophrenia
ertapenem,diabetes mellitus
bromazepam,anxiety
idarubicin,gastrointestinal disorder
famotidine,oesophagitis
trifluoperazine,mitral valve incompetence
phenobarbital,motion sickness
cilazapril,renal failure
cefprozil,acute sinusitis
atovaquone,acquired immunodeficiency syndrome
demethyl,oedema
bivalirudin,haemoglobin
fenofibrate,hypothyroidism
lithium,aggression
prazosin,myocardial infarction
fosamprenavir,infection
sitagliptin,pancreatitis
disopyramide,atrioventricular block complete
irbesartan,renal aplasia
ceftazidime,bronchitis
salbutamol,bronchospasm
tolterodine,dementia
betamethasone,dermatitis atopic
dabrafenib,interstitial lung disease
clonidine,renal hypertension
methylprednisolone,acquired immunodeficiency syndrome
conjugated,vaginal haemorrhage
simvastatin,alcohol abuse
rosuvastatin,nephrotic syndrome
ranitidine,ulcer haemorrhage
cytarabine,metastases to meninges
sitagliptin,renal impairment
d-cycloserine,infection
indacaterol,chronic obstructive pulmonary disease
hydroxocobalamin,feeling abnormal
iodide,hyperthyroidism
doxycycline,infection
vincristine,rhabdomyosarcoma
simvastatin,myocardial infarction
ephedrine,headache
clarithromycin,rheumatic disorder
methyclothiazide,nephrotic syndrome
methacholine,urinary tract obstruction
cyclophosphamide,viral infection
sulfasalazine,crohn's disease
gentamicin,peritonitis
gold,rheumatoid arthritis
chlorzoxazone,discomfort
technetium-99m,cerebrovascular accident
acyclovir,herpes virus infection
minocycline,cystitis
cefaclor,bronchitis chronic
doxycycline,cholera
olmesartan,hypotension
erythromycin,pharyngitis
tlcl,hyperkinesia
glucagon,hypoglycaemia
vardenafil,hypertension
tranylcypromine,bradyphrenia
tegaserod,functional gastrointestinal disorder
quinaprilat,acute coronary syndrome
fp-cit,parkinsonism
colestyramine,diarrhoea
benzylpenicilloyl,hypersensitivity
lorazepam,somnolence
amiloride,electrolyte imbalance
ciclesonide,seasonal allergy
oxycodone,hyperhidrosis
desmopressin,nasopharyngitis
tenoxicam,bursitis
atenolol,ventricular arrhythmia
megestrol,metastatic neoplasm
sotalol,cardiac index
pindolol,somatoform disorder cardiovascular
metaproterenol,lung neoplasm malignant
metaproterenol,tuberculosis
glibenclamide,type 2 diabetes mellitus
nitrofurantoin,drug hypersensitivity
demeclocycline,inclusion conjunctivitis
pioglitazone,foetor hepaticus
methyltestosterone,orchitis
spectinomycin,infection
chloroquine,infection
furosemide,glomerulonephritis chronic
benzathine,chorea
carisoprodol,discomfort
norepinephrine,myocardial infarction
roflumilast,bronchitis chronic
iodixanol,astrocytoma
sodium,keratitis
gentamicin,skin infection
raloxifene,menarche
pioglitazone,cardiac disorder
promethazine,procedural pain
loxapine,agitation
5-fu,renal cell carcinoma
lurasidone,bipolar i disorder
glucose,cardiac failure congestive
"1,25(oh)2d3",pseudohypoparathyroidism
aclidinium,benign prostatic hyperplasia
desloratadine,urticaria
anastrozole,erythema multiforme
orphenadrine,discomfort
n-carbamylglutamate,n-acetylglutamate synthase deficiency
cortisone,dermatitis contact
cortisol,anal pruritus
minocycline,hidradenitis
gemcitabine,neoplasm
erythromycin,endocarditis
zanamivir,chronic obstructive pulmonary disease
cosyntropin,psoriasis
fluphenazine,psychotic disorder
pravastatin,blood cholesterol normal
linezolid,diabetes mellitus
warfarin,coagulopathy
famotidine,adenoma benign
mefenamic,diabetes mellitus
papaverine,abdominal pain
demethyl,polyuria
hydroxocobalamin,amblyopia tobacco
ciclesonide,asthma
cefazolin,rheumatic disorder
fosinopril,renovascular hypertension
polythiazide,nephrotic syndrome
fluticasone/salmeterol,chronic obstructive pulmonary disease
nabumetone,arthritis
salbutamol,chronic obstructive pulmonary disease
midazolam,insomnia
nepafenac,diabetes mellitus
clindamycin,upper respiratory tract infection
nicotine,sleep disorder
methadone,substance abuse
aztreonam,sepsis
sulfadiazine,autoimmune disorder
trisequens,oestrogen deficiency
amlodipine,coronary artery disease
ly146032,blood creatine phosphokinase normal
thyroxine,thyroid neoplasm
temazepam,terminal insomnia
phenylpropanolamine,discomfort
nicotine,nicotine dependence
cortisol,congenital aplastic anaemia
prednisolone,systemic lupus erythematosus
ceftriaxone,abdominal infection
tetracycline,typhus
ranitidine,dyspepsia
pemirolast,pruritus
lodoxamide,giant papillary conjunctivitis
estramustine,prostate cancer
deferoxamine,toxic encephalopathy
diazoxide,hypertension
gentamicin,respiratory tract infection
diphenhydramine,pruritus
adefovir,renal impairment
cefixime,sinusitis
carbimazole,hyperthyroidism
griseofulvin,tinea versicolour
alendronate,fracture
hydralazine,vasodilatation
codeine,headache
ramiprilat,diabetes mellitus
penciclovir,immunodeficiency
salicylate,ichthyosis
azithromycin,renal impairment
nicorandil,myocardial infarction
rapamycin,kidney transplant rejection
labetalol,asthma
nitrogen,bronchial carcinoma
flucloxacillin,respiratory tract infection
tipranavir,drug interaction
bcnu,plasmacytoma
minoxidil,vascular resistance systemic
aztreonam,cystitis noninfective
chloroquine,plasmodium malariae infection
allopurinol,hyperuricosuria
trans,post thrombotic syndrome
granisetron,procedural nausea
clindamycin,arthritis bacterial
retapamulin,skin infection
aspirin,photophobia
mebendazole,infection
dexamethasone,addison's disease
sodium,convulsion
captopril,cardiac failure high output
pentosan,bladder pain
cefdinir,otitis media bacterial
furosemide,polyuria
nandrolone,renal impairment
fp-cit,dementia with lewy bodies
methylphenidate,learning disability
miconazole,oral candidiasis
lorazepam,depressive symptom
exenatide,pancreatitis
erythromycin,pathogen resistance
medroxyprogesterone,hormone level abnormal
prednisone,carditis
roflumilast,bronchial hyperreactivity
vorapaxar,cerebrovascular accident
neostigmine,abdominal distension
pitavastatin,hyperlipidaemia
nedocromil,conjunctivitis allergic
vinorelbine,neoplasm malignant
demethyl,nephrotic syndrome
aspirin,ligament sprain
acetylcholine,miosis
verapamil,prinzmetal angina
flumazenil,liver disorder
methylprednisolone,thyroiditis
calcium,cardiotoxicity
abacavir-lamivudine,hypersensitivity
sotalol,cardiac failure congestive
azithromycin,cystic fibrosis
linezolid,urinary tract infection
sativex,multiple sclerosis
ipratropium,bronchospasm
diethylpropion,obesity
paroven,haemorrhoids
forteo,osteosarcoma
doxapram,obstructive airways disorder
mefloquine,malaria
d-penicillamine,cystinuria
fenofibrate,diabetic retinopathy
prasugrel,acute myocardial infarction
trans,acute coronary syndrome
sodium,injury
cortisone,secondary adrenocortical insufficiency
azelastine,rhinitis allergic
atropine,salivary hypersecretion
refludan,angina pectoris
pravastatin,alcoholism
hydrocortisone,dry skin
carbimazole,toxic nodular goitre
ranitidine,gastrinoma
ephedrine,myasthenia gravis
fesoterodine,urge incontinence
prednisone,juvenile idiopathic arthritis
minocycline,abscess
clobetasol,skin disorder
abiraterone,metastases to liver
clobazam,sleep disorder
prednisolone,infection
prednisolone,neoplasm malignant
acetazolamide,oedema
amiloride,irritability
tobramycin,pneumonia
tiotropium,cardiac failure
atropine,flushing
amoxapine,dysthymic disorder
droperidol,pain
primidone,epilepsy
minocycline,furuncle
hydroxyurea,cervix carcinoma
cisplatin,hodgkin's disease
bromocriptine,premenstrual syndrome
ceftizoxime,sepsis
amikacin,bacterial sepsis
eptifibatide,acute myocardial infarction
iodixanol,haemorrhage
desmopressin,blood osmolarity decreased
ketoconazole,pityriasis
methacholine,cardiovascular disorder
ly146032,staphylococcal bacteraemia
bromocriptine,myocardial infarction
bimatoprost,open angle glaucoma
thiabendazole,visceral larva migrans
trans,myocardial infarction
amphetamine,electroencephalogram abnormal
fp-cit,progressive supranuclear palsy
demeclocycline,urinary tract infection
clindamycin,infection
demethyl,infectious thyroiditis
ceftriaxone,genital infection
salmon,bone density decreased
mupirocin,crying
metoprolol,acute myocardial infarction
n-carbamylglutamate,acidosis
promethazine,pain
prednisolone,dermatitis contact
ampicillin,sepsis
iron,renal failure chronic
naproxen,joint swelling
cefotaxime,wound infection
cisplatin,neutropenia
perhexiline,coronary artery disease
eptifibatide,myocardial infarction
guanidinium,fatigue
cabergoline,death neonatal
gatifloxacin,conjunctivitis bacterial
hydrochlorothiazide,hypertension
sevelamer,constipation
felodipine,diabetes mellitus
dipyridamole,cardiac valve replacement complication
torasemide,liver disorder
6-mercaptopurine,acute leukaemia
midodrine,hypotension
etodolac,arthritis
cortisone,bursitis
melphalan,polycythaemia vera
hydroxocobalamin,panic reaction
diazoxide,diabetes mellitus
metformin,hypersensitivity
doxazosin,hypertension
carboprost,uterine atony
retapamulin,wound
methylprednisolone,ulcerative keratitis
pravastatin,myocardial infarction
azithromycin,bronchitis bacterial
erythromycin,respiratory tract infection
tiaprofenic,rheumatoid arthritis
hydroxyurea,chronic myeloid leukaemia
cefprozil,rheumatic disorder
pge2,rhesus incompatibility
fondaparinux,hip fracture
radium,metastasis
chloroquine,plasmodium falciparum infection
fenofibric,hypothyroidism
regorafenib,gastrointestinal stromal tumour
mometasone,rhinitis seasonal
roflumilast,bronchospasm
dexamethasone,tenderness
fluoxymesterone,neoplasm
tinidazole,trichomoniasis
iodixanol,aneurysm
pentoxifylline,obstruction
tetracycline,rocky mountain spotted fever
dalteparin,flushing
bicarbonate,hepatic cirrhosis
ambrisentan,hypertension
lidocaine,sunburn
levetiracetam,juvenile myoclonic epilepsy
methyldopa,hypertensive crisis
d-penicillamine,ankylosing spondylitis
glipizide,type 1 diabetes mellitus
salicylate,inflammation
miconazole,vulvovaginal candidiasis
monamine,hypersensitivity
losartan,hypertension
promacta,chronic hepatitis c
bumetanide,liver disorder
dihydroergotamine,hypersensitivity
epinephrine,coronary artery disease
clobetasol,pruritus
ceftazidime,peritonitis
bromfenac,eye pain
nitrite,acidosis
lyxumia,antibody test negative
triiodothyronine,toxic nodular goitre
nitazoxanide,immunodeficiency
procarbazine,hodgkin's disease lymphocyte predominance type stage unspecified
omeprazole,eructation
vinblastine,breast cancer
cefpodoxime,tonsillitis
cortisone,thyroiditis
diethylpropion,weight decreased
ketoprofen,rheumatoid arthritis
tetracycline,chancroid
desoximetasone,skin disorder
d-telaprevir,liver disorder
doxepin,dysthymic disorder
ranitidine,gastrointestinal disorder
bezafibrate,type iv hyperlipidaemia
demeclocycline,anthrax
lormetazepam,drug abuse
irbesartan,protein urine present
mersyndol,pain
rosuvastatin,hepatocellular injury
ivabradine,systolic dysfunction
cortisone,blood disorder
epinephrine,hypersensitivity
terazosin,urinary tract obstruction
lisinopril,cough
danazol,tenderness
pamidronate,bone cancer metastatic
acth(1-39,arthritis
niacin,type 2 diabetes mellitus
trifluoperazine,generalised anxiety disorder
irinotecan,cervix carcinoma
ly146032,bacteraemia
pravastatin,foetor hepaticus
cortisone,tenosynovitis
fenofibric,high density lipoprotein decreased
alendronate,osteoporosis
lithium,bipolar disorder
penicillin,necrotising ulcerative gingivostomatitis
estriol,breast cancer
cladribine,neoplasm malignant
propantheline,diverticulitis
locorten,otitis externa fungal
desmopressin,factor ix deficiency
cyclizine,vertigo
hetastarch,hypovolaemia
trifluoperazine,psychotic disorder
triamterene,discomfort
n-acetylcysteine,bronchospasm
humalog,hyperglycaemia
levocabastine,conjunctivitis allergic
spectinomycin,urethritis noninfective
bretylium,sinus rhythm
bleomycin,malignant pleural effusion
alprazolam,poisoning
bcnu,hodgkin's disease
cefotaxime,parametritis
gemfibrozil,type iv hyperlipidaemia
cefazolin,rheumatic fever
progesterone,abortion spontaneous
echothiophate,strabismus
captopril,collagen-vascular disease
hydroxocobalamin,headache
trihexyphenidyl,arteriosclerosis
conjugated,cerebrovascular accident
prednisone,neoplasm malignant
prednisolone,iridocyclitis
diazoxide,haemorrhage
dexamethasone,laryngeal oedema
famotidine,abdominal discomfort
phenylephrine,supraventricular tachycardia
tetracycline,inclusion conjunctivitis
warfarin,myocardial infarction
leucovorin,malabsorption
edta,toxicity to various agents
cilazapril,nephropathy
methylprednisolone,uveitis
cyanocobalamin,iron deficiency
azelaic,rosacea
amantadine,renal failure
methamphetamine,affect lability
pge2,postmature baby
piperacillin,bacterial infection
nadolol,hypertension
propranolol,toxicity to various agents
verapamil,acute myocardial infarction
6-mercaptopurine,acute myeloid leukaemia
irinotecan,neoplasm malignant
ogen,flushing
chlordiazepoxide,anxiety
dexamethasone,enteritis
amoxicillin,infectious mononucleosis
cyanocobalamin,overgrowth bacterial
emtricitabine,viral infection
colesevelam,high density lipoprotein decreased
amoxapine,depressive symptom
ezetimibe,type iia hyperlipidaemia
azithromycin,fasting
mupirocin,eczema infected
disopyramide,myocardial infarction
miglustat,hypersensitivity
trovafloxacin,pelvic infection
metrodin,oligomenorrhoea
signifor,pituitary-dependent cushing's syndrome
tazarotene,acne
gatifloxacin,cellulitis
buscopan,muscle spasms
vancocine,gastroenteritis staphylococcal
potassium,hypophosphataemia
hydroxocobalamin,iron deficiency
pioglitazone,weight decreased
vacv,herpes zoster disseminated
ampicillin,gastrointestinal infection
thiothixene,mental retardation
ezetimibe,high density lipoprotein decreased
bicarbonate,poisoning
spironolactone,ascites
troglitazone,type 2 diabetes mellitus
hydrochlorothiazide,fluid retention
cytarabine,myelodysplastic syndrome
ceftizoxime,infection
ampicillin,respiratory tract infection
doxycycline,listeriosis
vinblastine,testis cancer
kaluril,toxicity to various agents
fenofibrate,renal failure
tigecycline,necrotising fasciitis
aspirin,injury
acetazolamide,glaucoma
penicillin,arthritis
deferoxamine,thalassaemia
vancocine,endocarditis staphylococcal
doxycycline,haemoglobin
fenofibric,blood triglycerides increased
aztreonam,wound
famciclovir,infection
methyltestosterone,primary hypogonadism
delta,weight decreased
tranexamic,haemorrhage
fluconazole,meningitis cryptococcal
ceftazidime,immunodeficiency
alfentanil,renal failure
methamphetamine,electroencephalogram abnormal
madopar,parkinson's disease
gadobenate,angiopathy
mersyndol,migraine
mometasone,bacterial infection
chlorthalidone,venous insufficiency
tetracycline,gingivitis ulcerative
cefixime,cystitis noninfective
carfilzomib,herpes zoster
tenofovir,renal failure
hydroxocobalamin,acidosis
penicillin,pneumonia staphylococcal
auranofin,psoriatic arthropathy
cefotaxime,pyelonephritis chronic
ganciclovir,immunodeficiency
ranitidine,erosive oesophagitis
eptifibatide,thrombocytopenia
clonidine,hyperkinesia
strontium,fracture
calcium,skin disorder
meclofenamate,gouty arthritis
hydrochlorothiazide,left ventricular hypertrophy
fosinoprilat,cardiac failure
tetrabenazine,huntington's disease
cyproterone,menopausal symptoms
fk463,osteomyelitis
cefixime,bronchitis
amiodarone,arrhythmia
tenoxicam,arthropathy
hydralazine,fluid retention
scopolamine,delirium tremens
vincristine,small cell carcinoma
dexamethasone,nephrotic syndrome
polythiazide,hepatic cirrhosis
cortisol,ophthalmic herpes zoster
aminophylline,bronchitis chronic
phenobarbital,hyperthyroidism
labetalol,hypertension
scopolamine,mydriasis
nicotine,pregnancy
amifostine,nephropathy toxic
ephedrine,atrioventricular block complete
caffeine,respiratory depression
bromocriptine,neoplasm
cefoxitin,abdominal infection
sulfasalazine,proctitis
aminophylline,liver disorder
ethacrynic,nephrotic syndrome
chloramphenicol,conjunctivitis bacterial
timentin,sepsis
bromazepam,agitation
isosorbide,angina pectoris
lincomycin,infection
dexamethasone,rheumatic heart disease
dalteparin,renal failure acute
deferoxamine,acidosis
terbinafine,onychomycosis
ranitidine,abdominal discomfort
iodide,lung disorder
cortisone,rheumatic heart disease
sativex,muscle spasticity
l-threo-dops,orthostatic hypotension
lincomycin,furuncle
bezafibrate,hyperlipidaemia
isosorbide,arteriosclerosis coronary artery
estrofem,multiple fractures
isoproterenol,hypoperfusion
midodrine,parkinson's disease
insulin,decreased appetite
vilazodone,weight increased
auranofin,arthritis
penicillin,staphylococcal infection
atorvastatin,glucose tolerance impaired
gentamicin,skin ulcer
homatropine,accommodation disorder
erythromycin,erythrasma
disopyramide,shock
pilocarpine,neoplasm malignant
thiabendazole,body temperature increased
demethyl,juvenile idiopathic arthritis
cortisone,ankylosing spondylitis
exenatide,antibody test negative
clindamycin,myocarditis
cefotetan,infection
pirfenidone,idiopathic pulmonary fibrosis
prednisolone,drug hypersensitivity
ethosuximide,petit mal epilepsy
su5416,thrombocytopenic purpura
clonidine,hypertension
lormetazepam,sleep disorder
mefenamic,metrorrhagia
gonadorelin,uterine haemorrhage
nicotine,arrhythmia
methadone,analgesic therapy
tolmetin,peptic ulcer
podophyllotoxin,anogenital warts
prednisone,iridocyclitis
cortisone,hypercalcaemia
alendronate,spinal compression fracture
kaluril,arrhythmia
ticagrelor,renal failure
tetracycline,soft tissue infection
citric,metabolic acidosis
chlorambucil,non-hodgkin's lymphoma
bromcresol,neoplasm
metformin,weight decreased
atorvastatin,premature menopause
pge2,stillbirth
promethazine,anxiety
cyanocobalamin,acquired immunodeficiency syndrome
prednicarbate,skin disorder
isocarboxazid,suicidal ideation
betaine,homocystinuria
lioh,agitation
scopolamine,cycloplegia
valsartan,angina pectoris
azelastine,seasonal allergy
metoclopramide,muscle relaxant therapy
naloxone,respiratory depression
hydralazine,cardiac output increased
aspirin,acute myocardial infarction
isoniazid,infection
cyproterone,prostate cancer
leflunomide,rheumatoid arthritis
rosuvastatin,type iia hyperlipidaemia
valsartan,diabetes mellitus
flucloxacillin,pharyngitis
doxycycline,gastrointestinal infection
ketamine,visceral pain
loratadine,urticaria chronic
gold,juvenile idiopathic arthritis
hydroxyzine,asthma
fluvastatin,arteriosclerosis coronary artery
cefotaxime,peritonitis
lmwh,pulmonary embolism
minocycline,trachoma
vinorelbine,cystitis haemorrhagic
cefdinir,tonsillitis
amd3100,lymphoma
amprenavir,infection
isoniazid,immunodeficiency
ketoconazole,blastomycosis
pemirolast,conjunctivitis allergic
cisplatin,malignant melanoma
aspirin,cerebrovascular accident
technetium-99m,breast cancer
ticagrelor,chronic obstructive pulmonary disease
linezolid,pneumonia
famciclovir,herpes simplex
diazepam,injury
nedocromil,asthma
flumazenil,drug withdrawal syndrome
azilsartan,hypotension
cyanocobalamin,diphyllobothriasis
lisdexamfetamine,psychotic disorder
ceftazidime,osteitis
meropenem,abdominal infection
nortriptyline,depressive symptom
cephalexin,streptococcal infection
mupirocin,furuncle
pentobarbital,insomnia
cortisol,endophthalmitis
erlotinib,pancreatic carcinoma
hepatitis,hepatitis b surface antigen positive
atazanavir,hepatitis b
cefazolin,infection
fosamprenavir,factor xi deficiency
progesterone,nasal congestion
leucovorin,liver disorder
gefitinib,neoplasm
chlorambucil,mantle cell lymphoma
zoledronic,hypercalcaemia
cefepime,dermatitis bullous
raloxifene,menopause
chlorpheniramine,anorectal discomfort
nedocromil,cough
sodium,dehydration
bicarbonate,shock
penicillin,chorea
olmesartan,hypertension
roxithromycin,pneumonia
amorolfine,sensitisation
thyroxine,hypersensitivity
mersyndol,back pain
levonorgestrel,unintended pregnancy
milnacipran,major depression
nitrofurantoin,abscess
actinomycin,gestational trophoblastic tumour
lovaza,diabetes mellitus
metoclopramide,diabetic gastroparesis
eplerenone,acute myocardial infarction
isocarboxazid,fatigue
penicillin,clostridial infection
tetracycline,lymphogranuloma venereum
minocycline,cholera
naloxone,pulmonary function test decreased
methimazole,basedow's disease
temozolomide,astrocytoma
nitrogen,effusion
chlorthalidone,hepatic cirrhosis
vilazodone,suicide attempt
lioh,flight of ideas
bromocriptine,glucose tolerance impaired
aminoglutethimide,neoplasm malignant
nitroglycerin,ventricular extrasystoles
propantheline,cholecystitis
azithromycin,gonorrhoea
sulfadiazine,meningitis
ogen,endometrial hyperplasia
novolog,diabetes mellitus
misoprostol,gastritis erosive
miconazole,tinea versicolour
torasemide,renal failure chronic
dacarbazine,lymphoma
ciclopirox,hypersensitivity
lidocaine,cardiac arrest
trimethobenzamide,gastroenteritis
nafarelin,infertility
topotecan,ovarian cancer
nitrite,respiratory fume inhalation disorder
demethyl,thyroiditis
raloxifene,menopausal symptoms
glycopyrrolate,chronic obstructive pulmonary disease
betaxolol,ocular hypertension
roxithromycin,infection
cortisone,rheumatoid arthritis
oxazepam,tension
finasteride,polyuria
tetracycline,necrotising ulcerative gingivostomatitis
atenolol,systolic hypertension
epinephrine,pallor
omeprazole,helicobacter infection
tigecycline,immunodeficiency
ketoprofen,arthritis
demethyl,acute leukaemia
atropine,nausea
erythromycin,streptococcal infection
cyanocobalamin,neoplasm
atorvastatin,hepatocellular injury
tinidazole,vaginal infection
caffeine,apnoea
cinoxacin,urinary tract infection
proguanil,drug interaction
lisuride,galactorrhoea
zidovudine,teratogenicity
technetium-99m,cholecystitis acute
flutamide,prostate cancer metastatic
captopril,renin decreased
moxonidine,hypertension
entecavir,hepatitis b e antigen positive
thiamine,ataxia
eltrombopag,chronic hepatitis c
hydroxyzine,anxiety
lubiprostone,cancer pain
nitroglycerin,procedural hypotension
doxepin,fatigue
carbinoxamine,conjunctivitis allergic
lapatinib,breast cancer stage iv
ondansetron,nausea
rifampicin,borderline leprosy
acth(1-39,inflammation
apixaban,embolism
ceftobiprole,infection
chloramphenicol,typhoid fever
erythromycin,pelvic inflammatory disease
n-acetylcysteine,bronchiectasis
hydroxyzine,tension
sulfacetamide,trachoma
bosentan,pulmonary veno-occlusive disease
bicarbonate,diarrhoea
clotrimazole,tinea pedis
lactate,skin irritation
gadobutrol,cerebrovascular accident
propranolol,arrhythmia supraventricular
vinblastine,germ cell cancer
bosentan,ulcer
cetrorelix,menopause
8-mop,vitiligo
sulfamethoxazole,urinary tract infection
prednisolone,cyclitis
ciclopirox,seborrhoeic dermatitis
nystatin,gastrointestinal candidiasis
cephalexin,renal failure
propantheline,enterocolitis
sulfasalazine,inflammation
l-dmp,agitation
oxaliplatin,fatigue
celecoxib,colon adenoma
potassium,ascites
etidronate,blood alkaline phosphatase increased
phenobarbital,partial seizures
prasugrel,angina pectoris
sulfasalazine,juvenile idiopathic arthritis
5-fluorocytosine,chromoblastomycosis
benazepril,hypertension
calcium,dermatitis herpetiformis
doxycycline,scrub typhus
hepatitis,liver disorder
epinephrine,pruritus
prednisolone,aplasia pure red cell
technetium-99m,inflammatory bowel disease
lactate,skin exfoliation
tranylcypromine,fatigue
chlorthalidone,pre-eclampsia
hexamethylmelamine,ovarian epithelial cancer recurrent
cyclizine,vomiting
cefuroxime,foetor hepaticus
simvastatin,hepatocellular injury
cefoxitin,infection
cyanocobalamin,hyperthyroidism
famotidine,chest discomfort
tenoxicam,ligament sprain
methylprednisolone,adrenocortical insufficiency acute
salicylate,skin papilloma
reboxetine,cardiovascular disorder
insulin,ketoacidosis
spironolactone,gravitational oedema
flumazenil,renal function test abnormal
baclofen,spinal cord disorder
nitrofurantoin,musculoskeletal discomfort
piperacillin,urinary tract infection
acth(1-39,polyuria
naphazoline,rhinitis
loxapine,lung disorder
phenylbutyric,cognitive disorder
paraldehyde,pain
fexofenadine,rhinitis perennial
gentamicin,influenza
azathioprine,rheumatoid arthritis
eaca,urogenital disorder
cefotetan,blood creatinine increased
ioversol,renal failure
desflurane,apnoea
polythiazide,glomerulonephritis acute
progesterone,vision blurred
meropenem,genital infection female
nitrogen,mycosis fungoides
diphenhydramine,hypersensitivity
aminophylline,asthma
desmopressin,polydipsia
gold,dermatitis
methylprednisolone,colitis ulcerative
zuclopenthixol,psychotic disorder
lisdexamfetamine,memory impairment
ketoprofen,post-traumatic pain
dantrolene,cerebral palsy
nizatidine,hypersensitivity
tibolone,cardiovascular disorder
phenylephrine,shock
cas,renal artery stenosis
eltrombopag,liver disorder
disopyramide,depressed mood
dihydroergotamine,arteriospasm coronary
methylergometrine,haemorrhage
propericiazine,agitation
citric,nephrolithiasis
d-penicillamine,blood copper decreased
roxithromycin,upper respiratory tract infection
gentamicin,laceration
pge2,foetal death
chlorpromazine,disturbance in social behaviour
trans,atrial fibrillation
clonazepam,paraesthesia
metaiodobenzylguanidine,cardiac failure
flunisolide,rhinitis perennial
cortisol,seborrhoeic dermatitis
calcium,purpura non-thrombocytopenic
atovaquone,bacterial infection
cefdinir,pharyngitis
diazoxide,hypoglycaemia
esmolol,sinus tachycardia
pomalidomide,plasma cell myeloma
fidaxomicin,clostridium difficile infection
amphetamine,distractibility
amikacin,meningitis
candesartan,left ventricular dysfunction
tetracycline,trachoma
adefovir,infection
cyanocobalamin,crohn's disease
tolbutamide,blood glucose decreased
azelastine,rhinitis seasonal
nitroglycerin,hypertension
zileuton,foetor hepaticus
desvenlafaxine,dysphoria
clodronate,hypercalcaemia
lisuride,dyskinesia
hydroxychloroquine,systemic lupus erythematosus
desvenlafaxine,mental disability
lithium,mania
gatifloxacin,pneumonia
haloperidol,agitation
famotidine,gynaecomastia
flutamide,benign prostatic hyperplasia
nesiritide,cardiac failure acute
delta,decreased appetite
penicillin,seasonal allergy
vinorelbine,neuropathy peripheral
6-thioguanine,hodgkin's disease
propranolol,hyperlipidaemia
ticlopidine,aplastic anaemia
phenobarbital,nausea
halofantrine,plasmodium vivax infection
miconazole,vulvovaginal mycotic infection
nitroglycerin,coronary artery disease
levomepromazine,tension
propylthiouracil,toxic nodular goitre
betahistine,tinnitus
delta,acquired immunodeficiency syndrome
adefovir,pathogen resistance
ntbc,thrombocytopenia
ephedrine,rhinitis seasonal
chloride,gastric ulcer
famotidine,asthenia
pentamidine,hypersensitivity
griseofulvin,body tinea
vilazodone,insomnia
dihydroergotamine,sensory loss
nitroglycerin,nephropathy
potassium,haemoglobin
amikacin,infection
ticagrelor,angina pectoris
diltiazem,tachycardia
aliskiren,acute coronary syndrome
oxaprozin,arthritis
optison,coronary artery disease
propranolol,tachyarrhythmia
dantrolene,multiple sclerosis
8-mop,psoriasis
fusidic,staphylococcal infection
propranolol,dizziness
doxapram,vomiting
oxazepam,irritability
demeclocycline,chancroid
nicotine,rash generalised
oestrogen,oestrogen deficiency
eaca,haematuria
ergonovine,uterine atony
penicillin,scarlet fever
acetazolamide,mountain sickness acute
methylprednisolone,hypoplastic anaemia
haloperidol,hyperkinesia
danazol,endometriosis
n-acetylcysteine,tracheobronchitis
tibolone,breast cancer
macitentan,disease progression
lapatinib,breast cancer
methyltestosterone,hypogonadism male
penicillin,pharyngitis
verapamil,diabetes mellitus
trimethoprim-sulfamethoxazole,diarrhoea
fluticasone,rhinorrhoea
d-penicillamine,renal tubular disorder
permethrin,acarodermatitis
rifabutin,infection
cefpodoxime,rheumatic fever
gadolinium,foetor hepaticus
lovastatin,peripheral vascular disorder
azelastine,nasal congestion
penicillin,renal impairment
regorafenib,neoplasm malignant
vinorelbine,ovarian cancer
citric,renal failure chronic
esmolol,hypertension
tolvaptan,inappropriate antidiuretic hormone secretion
hydroxypropyl,dry eye
lincomycin,lymphadenitis
5-fluorocytosine,urinary tract infection
isoniazid,extrapulmonary tuberculosis
oxytetracycline,respiratory tract infection
cabergoline,cleft lip
salicylate,skin disorder
salicylate,juvenile idiopathic arthritis
famotidine,hepatocellular injury
phenylpropanolamine,hypersensitivity
deferiprone,thalassaemia
cephalexin,soft tissue infection
allopurinol,lymphoma
prednisolone,rheumatic heart disease
aspirin,inflammation
famotidine,headache
demeclocycline,amoebic colitis
carbinoxamine,urticaria
6-mercaptopurine,hodgkin's disease lymphocyte depletion type stage unspecified
dipivefrin,glaucoma
n-methylscopolamine,peptic ulcer
pentoxifylline,ulcer
irbesartan,microalbuminuria
topotecan,neuroblastoma
danazol,fibrocystic breast disease
midodrine,diabetes mellitus
nicotine,angina pectoris
tadalafil,collagen-vascular disease
magnesium,hypomagnesaemia
bromocriptine,oligomenorrhoea
4-ap,walking disability
prochlorperazine,meniere's disease
minocycline,streptococcal infection
metaproterenol,palpitations
hepatitis,hepatitis d
terazosin,polyuria
nafarelin,intracranial pressure increased
ferumoxytol,iron deficiency anaemia
linezolid,necrotising fasciitis
gentamicin,meibomianitis
colesevelam,dyslipidaemia
ketoconazole,meningitis fungal
epinephrine,glaucoma
rosuvastatin,liver disorder
oxacillin,renal impairment
anidulafungin,osteomyelitis
nitrogen,chronic lymphocytic leukaemia
retapamulin,laceration
gemfibrozil,acute coronary syndrome
trifluoperazine,delusion
n-acetylcysteine,bronchitis
ketoconazole,skin candida
trimetrexate,pneumocystis jirovecii pneumonia
5-aza-2'-deoxycytidine,acute myeloid leukaemia
alendronate,neoplasm malignant
cephem,tonsillitis
nitrite,headache
carboplatin,sarcoma
streptozotocin,neoplasm malignant
pentobarbital,meningitis
nabilone,neoplasm malignant
nicotine,liver disorder
nalmefene,alcohol abuse
cefditoren,rheumatic disorder
penicillin,congenital syphilis
trimetrexate,autoimmune disorder
disulfiram,lipids increased
niacin,hyperlipidaemia
methyl,basal cell carcinoma
nesiritide,cardiac failure
erythromycin,mitral valve prolapse
loxapine,bipolar disorder
hydrocortisone,neurodermatitis
tris,metabolic acidosis
valsartan,hyperlipidaemia
lovaza,hyperlipidaemia
alprazolam,menopausal symptoms
cephalexin,rheumatic fever
dexamethasone,urticaria
megestrol,breast cancer
famciclovir,dermatitis
chlorpromazine,mitral valve incompetence
phentolamine,hypertension
cancidas,osteomyelitis
desmopressin,mucosal haemorrhage
demethyl,dermatomyositis
cefoxitin,renal failure
telithromycin,pharyngitis
hydroxocobalamin,coeliac disease
clemastine,rhinitis allergic
oxymetholone,vitamin b6 deficiency
nitrogen,hodgkin's disease lymphocyte predominance type stage unspecified
benazepril,renal impairment
colesevelam,low density lipoprotein increased
tropisetron,vomiting
sulfamethoxazole,bronchitis chronic
ezetimibe,weight decreased
isoniazid,induration
carbachol,miosis
bezafibrate,hypertriglyceridaemia
cefepime,peritonitis
roxithromycin,sinusitis
thyroxine,adrenal insufficiency
eslicarbazepine,pertussis
amlodipine,acute coronary syndrome
cephalexin,infection
flecainide,cardiac flutter
tolmetin,arthritis
piroxicam,rheumatoid arthritis
hydrochlorothiazide,renal failure chronic
heparin,deep vein thrombosis postoperative
nedocromil,neutropenia
tetracycline,cat scratch disease
betamethasone,skin disorder
clindamycin,bronchitis
cefadroxil,pharyngitis
prednisolone,proteinuria
lovastatin,blood triglycerides increased
amoxapine,agitation
dacarbazine,metastatic malignant melanoma
acth(1-39,dermatomyositis
ceftizoxime,lower respiratory tract infection
isoniazid,silicosis
ciclopirox,onychomycosis
apixaban,atrial fibrillation
sulfamethoxazole,enteritis
fluvastatin,dyslipidaemia
atovaquone,pneumocystis jirovecii pneumonia
ephedrine,sinus headache
prazosin,cerebrovascular disorder
trandolapril,myocardial infarction
benzocaine,discomfort
rosiglitazone,weight decreased
oxacillin,staphylococcal infection
nabumetone,osteoarthritis
apas,tuberculosis
paliperidone,parkinsonism
metoclopramide,infection
roxithromycin,pharyngitis
chloroquine,plasmodium ovale infection
dopamine,sepsis
promacta,thrombocytopenic purpura
salicylate,keratosis pilaris
kaluril,blood potassium decreased
isoniazid,hodgkin's disease lymphocyte depletion type stage unspecified
protirelin,pituitary tumour
doxapram,chronic obstructive pulmonary disease
trifluoperazine,mental retardation
d-cycloserine,nephropathy
topotecan,small cell lung cancer
zileuton,liver disorder
pentobarbital,tetanus
amoxicillin,duodenal ulcer
vancocine,osteomyelitis
dofetilide,cardiac flutter
diazoxide,neoplasm malignant
spironolactone,oedema
bazedoxifene,osteoporosis postmenopausal
methsuximide,convulsion
flavoxate,nocturia
eplerenone,systolic dysfunction
cortisone,purpura
clindamycin,lung abscess
cyanocobalamin,haemoglobin
iron,iron deficiency anaemia
prednisolone,loeffler's syndrome
lovaza,hypertriglyceridaemia
propantheline,renal colic
metolazone,essential hypertension
edta,hypercalcaemia
penicillin,soft tissue infection
lincomycin,sepsis
aztreonam,ulcer
tolazamide,blood glucose decreased
ceftazidime,erysipelas
clotrimazole,infection
olopatadine,rhinitis seasonal
imipramine,alcohol abuse
salsalate,rheumatoid arthritis
cimetidine,stress ulcer
dexamethasone,dermatitis contact
dexrazoxane,cardiomyopathy
methyclothiazide,hypertension
hydrochlorothiazide,cerebrovascular accident
dofetilide,ventricular arrhythmia
sodium,bradycardia
pimozide,sedation
asenapine,bipolar i disorder
cefpodoxime,renal failure
clodronate,neoplasm malignant
lincomycin,sinusitis
medroxyprogesterone,bone cancer metastatic
promethazine,rhinitis allergic
ceftriaxone,bacterial sepsis
thiabendazole,trichiniasis
treprostinil,hepatic function abnormal
anthracycline,acute myeloid leukaemia
phenobarbital,tetanus
gatifloxacin,folliculitis
cefixime,pharyngitis
clemastine,angioedema
6-mercaptopurine,acute lymphocytic leukaemia
mersyndol,body temperature increased
griseofulvin,tinea capitis
efavirenz,hepatitis b
piperacillin,urethritis noninfective
eaca,thrombocytopenia
gentamicin,pneumonia klebsiella
octreotide,vipoma
chlorhexidine,gingivitis
cefepime,infection
losartan,cardiac failure
tazarotene,leukoderma
tetracycline,staphylococcal infection
cefprozil,pharyngitis
cortisone,gout
t-a2-3,arthritis bacterial
aliskiren,nephropathy
azithromycin,respiratory tract infection
thiazide,cardiovascular disorder
metyrapone,hyperkinesia
verapamil,hypertension
cerivastatin,hyperlipidaemia
meropenem,sepsis
mebeverine,irritable bowel syndrome
phenylpropanolamine,body temperature increased
prednisolone,anaemia
bicarbonate,acidosis
diatrizoate,neoplasm
rosuvastatin,acute coronary syndrome
4-pba,hyperammonaemic encephalopathy
pancuronium,vascular resistance systemic
dexamethasone,neoplasm
rifabutin,pulmonary tuberculosis
lovastatin,angina unstable
cortisone,adrenogenital syndrome
cyanocobalamin,endocrine disorder
lymecycline,chlamydial infection
azithromycin,chronic obstructive pulmonary disease
prednisolone,obliterative bronchiolitis
cabergoline,parkinsonism
alogliptin,dyslipidaemia
benztropine,parkinson's disease
cefepime,haematological malignancy
spironolactone,secondary aldosteronism
exenatide,hypoglycaemia
prochlorperazine,mania
lincomycin,pneumonia
phendimetrazine,obesity
meclofenamate,rheumatoid arthritis
fexofenadine,sneezing
labetalol,renal failure
clindamycin,rash pustular
cefotaxime,meningitis
perindoprilat,coronary artery disease
sodium,aspiration
ceftaroline,infection
acyclovir,autoimmune disorder
flucloxacillin,cellulitis
colesevelam,diabetic ketoacidosis
captopril,diabetes mellitus
dimenhydrinate,vomiting
sotalol,atrial flutter
penicillin,sepsis
oxytetracycline,typhus
citric,nephropathy
tiaprofenic,arthritis
cefprozil,bacterial infection
minocycline,tracheitis
estriol,infertility
5-aminolevulinic,seborrhoeic keratosis
betahistine,nausea
febuxostat,blood uric acid increased
diazoxide,hyperinsulinism
demethyl,thrombocytopenia
nedocromil,bronchial hyperreactivity
methylprednisolone,renal failure
lincomycin,wound infection
ezetimibe,hyperlipidaemia
tranexamic,haemoglobin
cefprozil,urinary tract infection
bumetanide,oedema
trimethoprim-sulfamethoxazole,infection
suprofen,miosis
optison,cardiovascular disorder
cefoxitin,urinary tract infection
clodronate,asthma
cortisone,idiopathic thrombocytopenic purpura
ketoprofen,procedural pain
hydroxocobalamin,breast feeding
vincristine,neuroblastoma
telmisartan,acute coronary syndrome
penciclovir,oral herpes
hepatitis,sickle cell anaemia
atomoxetine,muscle rigidity
estriol,oestrogen deficiency
regadenoson,long qt syndrome
pancuronium,hypotonia
atomoxetine,memory impairment
metaproterenol,bronchospasm
timolol,myocardial ischaemia
midazolam,polymenorrhoea
conjugated,menopausal symptoms
thiamine,cardiac failure
raltitrexed,neoplasm malignant
tetracycline,relapsing fever
6-thioguanine,hodgkin's disease lymphocyte predominance type stage unspecified
chlorpromazine,vomiting
demeclocycline,rocky mountain spotted fever
methyltestosterone,androgen deficiency
indinavir,malaise
ergonovine,postpartum haemorrhage
isosorbide,cardiac failure congestive
nabilone,nausea
mometasone,hypotonia
biguanide,hepatitis b surface antigen positive
hydroxocobalamin,malnutrition
simvastatin,foetor hepaticus
timentin,bacteraemia
clotrimazole,tinea cruris
propranolol,shock
carvedilol,liver disorder
budesonide,rhinitis perennial
salmon,blood alkaline phosphatase increased
rescinnamine,rash pustular
penicillin,rheumatic heart disease
mirtazapine,mental disorder
niacin,vasodilation procedure
etidronate,bone formation increased
procaine,syphilis
desvenlafaxine,asthenia
salicylate,dermatitis
griseofulvin,sporotrichosis
deferoxamine,porphyria non-acute
warfarin,genetic polymorphism
dopamine,polyuria
pimecrolimus,immunodeficiency
sulconazole,body tinea
flucloxacillin,endocarditis
podophyllotoxin,anorectal human papilloma virus infection
sulfadiazine,trachoma
azilsartan,diabetes mellitus
eaca,haemoglobin
chloramphenicol,psittacosis
procaine,upper respiratory tract infection
promacta,thrombocytopenia
succinylcholine,hypotonia
ranitidine,mendelson's syndrome
arginine,adenoma benign
epinephrine,anaphylactic shock
degarelix,prostate cancer
d-penicillamine,liver disorder
buscopan,hypotonia
sulfamethoxazole,otitis media acute
atenolol,acute myocardial infarction
ioxaglate,rheumatoid arthritis
tetraen,coronary artery disease
hydralazine,renal impairment
trimethobenzamide,nausea
gentamicin,arthropod bite
eptifibatide,electrocardiogram t wave inversion
cefadroxil,lower respiratory tract infection
bromocriptine,feeling abnormal
chlorpheniramine,pruritus genital
"1,25(oh)2d3",high turnover osteopathy
eaca,shock
cortisone,protein urine present
gentamicin,urinary tract infection
nafcillin,infection
heparin,venous thrombosis
entecavir,hepatic cirrhosis
methyldopa,hypertension
clindamycin,pelvic infection
prilocaine,foetal acidosis
topotecan,leukaemia
cephem,renal impairment
trandolaprilat,myocardial infarction
methysergide,vascular headache
humalog,diabetes mellitus
cortisone,dermatomyositis
betamethasone,stasis dermatitis
fludarabine,chronic lymphocytic leukaemia
clopidogrel,ischaemic stroke
lomustine,hodgkin's disease lymphocyte predominance type stage unspecified
glucose,dehydration
cefotaxime,cellulitis
hydroxychloroquine,cutaneous lupus erythematosus
gentamicin,excoriation
etidronate,hyperphosphataemia
sulfacetamide,bacterial infection
acetazolamide,epilepsy
conivaptan,lung disorder
bromazepam,emotional distress
tetracycline,renal impairment
estriol,eyelid ptosis
buprenorphine,drug dependence
methamphetamine,mood swings
dihydroergotamine,cerebral ischaemia
ciclopirox,herpes zoster
timolol,acute coronary syndrome
spironolactone,hyperaldosteronism
didanosine,disease progression
sodium,metabolic alkalosis
triiodothyronine,autoimmune thyroiditis
amlodipine,vascular resistance systemic
clobetasone,eczema
idurd,keratitis
moexiprilat,angioedema
pge2,abdominal pain
monomycin,upper respiratory tract infection
metaproterenol,bronchitis chronic
exenatide,antibody test positive
loxapine,asthma
finasteride,prostatomegaly
amoxicillin,infection
clodronate,crohn's disease
zanamivir,influenza
probenecid,oedema
cefotaxime,bronchitis chronic
dexrazoxane,neoplasm
cyanocobalamin,tropical sprue
cefotaxime,bladder pain
tirofiban,angina pectoris
vorapaxar,peripheral arterial occlusive disease
amantadine,parkinsonism
estrone,ovarian failure
nafcillin,hepatic failure
capsaicin,pain
lidocaine,discomfort
lisdexamfetamine,hyperkinesia
trimipramine,major depression
chlorhexidine,skin wound
lmwh,acute myocardial infarction
atovaquone,pneumothorax
clofazimine,type 2 lepra reaction
pioglitazone,cardiac failure congestive
lincomycin,otitis media
treprostinil,hypertension
lmwh,acute coronary syndrome
capreomycin,cirrhosis alcoholic
carboprost,haemoglobin
estriol,infection
famciclovir,ophthalmic herpes zoster
gefitinib,idiopathic pulmonary fibrosis
tmc435,liver disorder
nsc,autoimmune disorder
ceftizoxime,meningitis
bezafibrate,arteriosclerosis
megestrol,decreased appetite
nicorandil,myocardial ischaemia
ipratropium,chronic obstructive pulmonary disease
technetium-99m,malignant melanoma
spironolactone,cardiac failure
triamterene,secondary aldosteronism
oxprenolol,hyperthyroidism
cortisol,eosinophilic pneumonia
prasugrel,haemoglobin
amoxicillin,renal impairment
triiodothyronine,myxoedema coma
thyroxine,myxoedema coma
dantrolene,hypercapnia
promethazine,urticaria
warfarin,pulmonary embolism
nebivolol,cardiovascular disorder
streptozotocin,carcinoid tumour
doxycycline,relapsing fever
colchicine,gout
neomycin,iridocyclitis
ambrisentan,connective tissue disorder
isoniazid,malabsorption
propranolol,hypertrophic cardiomyopathy
ascorbate,gingival bleeding
halofantrine,malaria
cyanocobalamin,vegetarian
cefuroxime,renal failure
acetaminophen,nasopharyngitis
salicylate,arthritis
ceftazidime,enterocolitis
folate,pernicious anaemia
diethylpropion,decreased appetite
salicylate,rheumatic disorder
topotecan,lung neoplasm malignant
cefuroxime,bronchiectasis
alendronate,renal impairment
belinostat,hyperuricaemia
lidocaine,oropharyngeal discomfort
cefuroxime,wound infection
cephalexin,bacterial infection
thymidine,hepatitis b
famotidine,gastritis erosive
darifenacin,urge incontinence
treprostinil,connective tissue disorder
rasburicase,haematological malignancy
aminophylline,cor pulmonale
erythromycin,hypertrophic cardiomyopathy
fluvastatin,hypothyroidism
dobutamine,cerebrovascular accident
loratadine,nasopharyngitis
finasteride,alopecia
lomitapide,high density lipoprotein decreased
loxapine,dementia
dmso,skin disorder
cefotaxime,skin infection
olopatadine,seasonal allergy
miconazole,vulvovaginitis
desloratadine,lacrimation increased
oxytetracycline,rickettsialpox
6-mercaptopurine,neoplasm malignant
chlordiazepoxide,anxiety disorder
pyrantel,infestation
aztreonam,parametritis
verapamil,cardiomyopathy
azelaic,erythema
empagliflozin,type 2 diabetes mellitus
kaluril,blood sodium increased
phentolamine,necrosis
amantadine,infection
tinidazole,vaginal inflammation
pentoxifylline,peripheral vascular disorder
paroven,local swelling
furosemide,fluid retention
demeclocycline,gingivitis ulcerative
nadolol,pain
oxytocin,haemoglobin
fosamprenavir,hiv infection
terconazole,vulvovaginitis
niacin,gastrointestinal pain
oxazepam,alcohol poisoning
methenamine,bacteriuria
raltitrexed,cardiotoxicity
fenofibric,hypercholesterolaemia
histrelin,adrenogenital syndrome
ciclopirox,diabetic neuropathy
anastrozole,menopause
hepatitis,hepatitis a
meclofenamate,arthritis
tirofiban,thrombocytopenia
cefepime,lower respiratory tract infection
telmisartan,peripheral arterial occlusive disease
pentamidine,acquired immunodeficiency syndrome
ici,disease progression
monomycin,rheumatic fever
glucose,nitrogen balance negative
ciclopirox,dandruff
tetracycline,cholera
triiodothyronine,hyperthyroidism
colestipol,hypercholesterolaemia
rimantadine,infection
nitrazepam,insomnia
chlorpromazine,liver disorder
nitrofurantoin,pruritus
famotidine,vomiting
tofacitinib,rheumatoid arthritis
cyproterone,hirsutism
probenecid,hyperuricaemia
erythromycin,tetany
chlorthalidone,hypercalciuria
desloratadine,chronic spontaneous urticaria
ciclopirox,diabetes mellitus
famotidine,renal impairment
ranitidine,systemic mastocytosis
trans,pulmonary embolism
methyltestosterone,cryptorchism
vilazodone,hypersomnia
fluconazole,fungal skin infection
chlorpheniramine,hypersensitivity
demethyl,seborrhoeic dermatitis
chlorhexidine,gingival bleeding
delta,vomiting
cgp,asthma
spironolactone,essential hypertension
isoniazid,skin test positive
auranofin,synovitis
trans,surgery
glucose,nephropathy
clevidipine,essential hypertension
fexofenadine,rhinitis seasonal
isoproterenol,cardiac arrest
iodide,metastasis
aminophylline,cardiac failure congestive
finasteride,benign prostatic hyperplasia
cabergoline,mental disorder
ospemifene,menopause
nizatidine,oesophagitis ulcerative
acenocoumarol,atrial fibrillation
ethambutol,eye disorder
promethazine,procedural vomiting
vinblastine,langerhans' cell histiocytosis
ephedrine,rhinorrhoea
triamterene,nephrotic syndrome
amoxicillin,seasonal allergy
polymyxin,urinary tract infection
propranolol,cardiac failure
gadoteridol,renal impairment
tenoxicam,tendonitis
ciclopirox,nail disorder
oseltamivir,hyperhidrosis
lincomycin,erysipelas
norfloxacin,sexually transmitted disease
trifluoperazine,alcoholism
terbinafine,tinea versicolour
ciclopirox,epilepsy
nefazodone,dysphoria
bosutinib,leukaemia
polythiazide,cardiac failure congestive
fenofibric,aortic aneurysm
thyroxine,hyperthyroidism
hydroxocobalamin,multiple sclerosis
gemfibrozil,blood triglycerides increased
canagliflozin,urticaria
lidocaine,post herpetic neuralgia
entecavir,inflammation
ofatumumab,chronic lymphocytic leukaemia refractory
pentastarch,hypovolaemia
mefloquine,plasmodium falciparum infection
metformin,myocardial infarction
vilazodone,asthenia
n-acetylcysteine,bronchopulmonary disease
6-mercaptopurine,neoplasm
aclidinium,bronchial hyperreactivity
4-ap,gait disturbance
trifluoperazine,agitation
prazosin,acute coronary syndrome
cefotaxime,nephropathy toxic
amprenavir,dermatitis
sitagliptin,hypoglycaemia
thiazide,fluid overload
rimonabant,weight decreased
clobetasone,dermatitis contact
repaglinide,type 1 diabetes mellitus
liraglutide,pancreatitis acute
famotidine,gastrinoma
itraconazole,fungal infection
mebendazole,trichuriasis
hepatitis,hepatitis e
pegaptanib,glaucoma
5-fu,neoplasm malignant
cyclopentolate,cycloplegia
gentamicin,acne pustular
tramazoline,nasopharyngitis
fenoldopam,hypertension
demeclocycline,yaws
flucloxacillin,renal failure
glimepiride,blood glucose decreased
pentamidine,immunodeficiency
etidronate,bone pain
canagliflozin,renal failure
sodium,palpitations
lymecycline,bronchitis chronic
kanamycin,renal failure
colestyramine,short-bowel syndrome
fusidic,endocarditis
buspirone,psychotic disorder
isocarboxazid,hypersomnia
anagrelide,essential thrombocythaemia
ketotifen,asthma
epitopic,inflammation
ivermectin,strongyloidiasis
oxytetracycline,yaws
phenylbutyric,carbamoyl phosphate synthetase deficiency
solifenacin,urge incontinence
nandrolone,anaemia
ephedrine,adams-stokes syndrome
reserpine,agitation
quinaprilat,hypotension
dantrolene,carbon dioxide increased
betamethasone,dermatitis contact
cortisone,keratitis
chlorhexidine,periodontitis
amiloride,oedema
samarium,bone pain
5-fluorocytosine,cryptococcosis
isocarboxazid,bradyphrenia
citric,ph urine decreased
nandrolone,osteoporosis
chloroquine,amoebiasis
phenylpropanolamine,headache
rifabutin,renal impairment
cefditoren,pharyngitis streptococcal
oxytocin,postpartum haemorrhage
timentin,infection
ceftazidime,bursitis
diflunisal,rheumatoid arthritis
griseofulvin,chromoblastomycosis
metolazone,foetor hepaticus
bezafibrate,dyslipidaemia
monomycin,legionella infection
s-benzoylmercaptoacetyltriglycine,urinary tract obstruction
hydroxyurea,malignant melanoma
granisetron,neoplasm malignant
dofetilide,arrhythmia supraventricular
thiamine,decreased appetite
demeclocycline,psittacosis
lincomycin,bronchitis chronic
isocarboxazid,anxiety
sodium,ketoacidosis
eltrombopag,aplastic anaemia
alx,hip fracture
glucose,hyperglycaemia
flucloxacillin,empyema
lincomycin,respiratory tract infection
thiabendazole,infestation
biguanide,acute hepatitis b
sodium,haemolysis
fusidic,conjunctivitis infective
potassium,paralysis
dihydroergotamine,fibrosis
metaproterenol,dyspnoea
acebutolol,extrasystoles
cortisol,arthritis
doripenem,pyelonephritis
5-aza-2'-deoxycytidine,acute leukaemia
tmc435,fibrosis
dextromethorphan,cough
mupirocin,folliculitis
mersyndol,toothache
cefdinir,bronchitis chronic
ticagrelor,ischaemic stroke
verapamil,cardiac failure
captopril,protein urine present
cantril,peptic ulcer
solifenacin,micturition urgency
olodaterol,chronic obstructive pulmonary disease
alfentanil,procedural nausea
colesevelam,coronary artery disease
eaca,premature separation of placenta
vasopressin,abdominal distension
budesonide,nasal polyps
fluconazole,peritonitis
clobetasone,seborrhoeic dermatitis
vincristine,ewing's sarcoma
sodium,renal impairment
digoxin,atrial fibrillation
sulfadiazine,inclusion conjunctivitis
haloperidol,conduct disorder
phenyllactate,pruritus
d-penicillamine,rheumatoid arthritis
colesevelam,type ii hyperlipidaemia
fenofibrate,peripheral vascular disorder
bleomycin,dysplasia
mipomersen,coronary artery disease
tolazamide,diabetes mellitus
prednisone,colitis ulcerative
radium,prostate cancer
mafenide,burns third degree
deferasirox,thalassaemia beta
demeclocycline,granuloma inguinale
amobarbital,insomnia
vitamin,haemorrhage
tadenan,teratogenicity
nitrite,mental disorder
vilazodone,agitation
etidronate,extraskeletal ossification
itraconazole,fungal skin infection
raloxifene,osteoporosis
carfilzomib,plasma cell myeloma
sulfamethoxazole,infection
revasc,haemoglobin
doripenem,pneumonia
hepatitis,coagulopathy
glycopyrrolate,gastrointestinal disorder
erythromycin,renal failure
tirofiban,diabetes mellitus
loperamide,inflammatory bowel disease
cefditoren,pharyngitis
azithromycin,bronchial hyperreactivity
6-mercaptopurine,hodgkin's disease
isoxsuprine,cerebrovascular insufficiency
thiazide,cardiac failure congestive
ethacrynic,oedema
trans,embolism
eaca,prostate cancer
naphazoline,pallor
iodide,emphysema
spironolactone,nephrotic syndrome
phenylephrine,iris adhesions
norfloxacin,cystitis noninfective
bromocriptine,azoospermia
sacrosidase,sucrase-isomaltase deficiency
cyanocobalamin,haemolytic anaemia
nadolol,cardiac failure
ephedrine,shock
tolazamide,obesity
chlorthalidone,discomfort
cortisone,seborrhoeic dermatitis
cyproheptadine,vasomotor rhinitis
warfarin,embolism
benztropine,extrapyramidal disorder
vitamin,factor ii deficiency
aspirin,rheumatic fever
streptomycin,pneumonia klebsiella
alprazolam,paraesthesia
nimodipine,cerebral vasoconstriction
ceftriaxone,peritonitis
potassium,cardiac failure congestive
liraglutide,type 1 diabetes mellitus
cefadroxil,renal failure
clobetasol,lichenification
esmolol,coronary artery disease
copper,nulliparous
eptifibatide,acute coronary syndrome
adefovir,liver disorder
rifampicin,leprosy
acenocoumarol,coagulopathy
tibolone,artificial menopause
ruxolitinib,myeloid metaplasia
hydroxocobalamin,vegetarian
umeclidinium,bronchial hyperreactivity
gadodiamide,renal failure
ethambutol,tuberculosis
ntbc,tyrosinaemia
ramiprilat,cardiac failure
dopamine,renal failure
nafcillin,staphylococcal infection
hydralazine,renal failure
sulfadiazine,urinary tract obstruction
nafarelin,pituitary tumour
nitrogen,non-hodgkin's lymphoma
bromocriptine,loss of libido
acth(1-39,sarcoidosis
bromfenac,corneal erosion
methyltestosterone,neoplasm
dimenhydrinate,vertigo
maprotiline,menopausal depression
alprazolam,shock
sulfasalazine,diarrhoea
auranofin,rheumatoid arthritis
nebivolol,diabetes mellitus
rifaximin,body temperature increased
lithium,poisoning
isoniazid,low income
cerivastatin,type iib hyperlipidaemia
nitric,pulmonary hypertension
indacaterol,emphysema
imipramine,depressive symptom
hydroflumethiazide,hepatic cirrhosis
torasemide,polyuria
chloramphenicol,pneumonia chlamydial
disulfiram,flushing
idarubicin,acute myeloid leukaemia
fenoprofen,arthritis
technetium-99m,vesicoureteric reflux
ticagrelor,bronchial hyperreactivity
flucloxacillin,acute tonsillitis
vitamin,rickets
famotidine,renal failure
choline,bronchospasm
brolene,acanthamoeba keratitis
ruxolitinib,splenomegaly
prednisolone,hypoplastic anaemia
acarbose,type 2 diabetes mellitus
ramiprilat,myocardial infarction
actinomycin,testis cancer
nitroglycerin,cardiac index
cefotaxime,sepsis
cefprozil,bronchitis chronic
gadobutrol,renal impairment
miconazole,infection
risedronate,gastrointestinal disorder
oxytocin,imminent abortion
colesevelam,hyperlipidaemia
cosyntropin,pemphigus
metolazone,gravitational oedema
edta,metal poisoning
aspirin,toothache
roxithromycin,bronchitis chronic
vancocine,endocarditis
monoethanolamine,varices oesophageal
tetracycline,anthrax
rosuvastatin,arteriosclerosis
nitrite,hyperventilation
anidulafungin,infection
colesevelam,cardiovascular disorder
lincomycin,shigella infection
methenamine,body temperature increased
riociguat,connective tissue disorder
gentamicin,renal impairment
clorazepate,anxiety
midodrine,vascular resistance systemic
levomepromazine,nausea
cisatracurium,hypotonia
vitamin,hypoprothrombinaemia
flucloxacillin,osteomyelitis
rasburicase,hyperuricaemia
penicillin,hypersensitivity
albendazole,echinococciasis
adefovir,inflammation
sertaconazole,sensitisation
sodium,hypertensive crisis
epinephrine,hypertension
nalidixic,infection
isocarboxazid,suicide attempt
anthracycline,neoplasm
phosphate,hypophosphataemia
monamine,vomiting
trifluorothymidine,keratitis
warfarin,thrombophlebitis
nitrofurantoin,dermatitis
procaine,staphylococcal infection
ampicillin,streptococcal endocarditis
alogliptin,cardiac failure congestive
riociguat,hypertension
ciclopirox,tinea infection
oxazepam,tremor
trihexyphenidyl,parkinsonism
tetracycline,bartonellosis
oxymetholone,myeloid metaplasia
ampicillin,asthma
eltrombopag,hepatitis c
mometasone,seborrhoeic dermatitis
phenylbutyric,hyperammonaemic encephalopathy
metaproterenol,sarcoidosis
cortisone,sympathetic ophthalmia
dihydroergotamine,cerebral haemorrhage
ceftriaxone,lower respiratory tract infection
lincomycin,tonsillitis
colestipol,low density lipoprotein increased
nitrite,hypotension
pitavastatin,dyslipidaemia
cefdinir,rheumatic fever
glycopyrrolate,bronchial hyperreactivity
tenoxicam,osteoarthritis
bezafibrate,arteriosclerosis coronary artery
metaiodobenzylguanidine,hyperplasia
prednisolone,fungal infection
phenylbutyric,immobile
paromomycin,amoebic colitis
amd3100,non-hodgkin's lymphoma
metaxalone,hypersensitivity
domperidone,flatulence
amd3100,myocardial infarction
lincomycin,paronychia
nepafenac,injury
biguanide,hepatitis b e antigen positive
cyclizine,malaise
methsuximide,petit mal epilepsy
loratadine,rhinitis perennial
metipranolol,ocular hypertension
doxapram,carbon dioxide increased
68ga,hodgkin's disease
estriol,postmenopause
dolutegravir,hepatitis b
mafenide,bacterial infection
paraldehyde,tetanus
celiprolol,angina pectoris
isosulfan,chyluria
epinastine,conjunctivitis allergic
potassium,familial periodic paralysis
tetrofosmin,coronary artery disease
68ga,lymphoma
trien,arthritis
dacarbazine,neuroblastoma
polyoxyethylene,constipation
nitrogen,malaise
domperidone,gastritis
trimethobenzamide,procedural nausea
cortisone,acute leukaemia
crizotinib,electrocardiogram qt prolonged
epinephrine,anxiety
cortisone,pneumonia aspiration
chlorambucil,gestational trophoblastic tumour
choline,emphysema
adefovir,fibrosis
diatrizoate,infection
technetium-99m,myocardial ischaemia
clorazepate,anxiety disorder
chlorthalidone,gravitational oedema
clotrimazole,paronychia
sotalol,diabetes mellitus
megestrol,prostate cancer metastatic
lacosamide,epilepsy
mebendazole,diarrhoea
ceftazidime,respiratory tract infection
cephalexin,hypersensitivity
bosutinib,chronic myeloid leukaemia
promethazine,motion sickness
dihydroergotamine,aura
delta,autoimmune disorder
tinidazole,hepatocellular injury
methyclothiazide,hepatic cirrhosis
spironolactone,toxicity to various agents
rosuvastatin,cardiovascular disorder
atropine,abdominal pain upper
ziconotide,pain
nadolol,headache
raltitrexed,mesothelioma
tolbutamide,obesity
midodrine,orthostatic hypotension
cefepime,blister
thiamine,body temperature increased
metoclopramide,abnormal behaviour
tenofovir,pathogen resistance
cefixime,renal impairment
lomustine,hodgkin's disease
adenosine,ventricular tachycardia
simvastatin,diabetes mellitus
methylergometrine,uterine atony
monomycin,pharyngitis
glimepiride,neuropathy peripheral
cortisone,chorioretinitis
asenapine,bipolar disorder
vitamin,hypophosphataemia
vitamin,colitis ulcerative
methyl,porphyrin metabolism disorder
albendazole,liver disorder
metaxalone,discomfort
azithromycin,rheumatic disorder
hydroxocobalamin,convulsion
dexmedetomidine,agitation
dacarbazine,hodgkin's disease lymphocyte predominance type stage unspecified
terazosin,hypertension
hydroxocobalamin,vitamin b12 deficiency
gemfibrozil,type v hyperlipidaemia
diphenhydramine,nasopharyngitis
ampicillin,dysentery
potassium,blood potassium decreased
triiodothyronine,depressed level of consciousness
tiotropium,prostatomegaly
mipomersen,hypercholesterolaemia
actinomycin,neoplasm malignant
lincomycin,abscess
azilsartan,cardiac failure
tinidazole,vaginitis bacterial
chloramphenicol,bacteraemia
ampicillin,meningitis bacterial
tenoxicam,dysmenorrhoea
lincomycin,staphylococcal infection
methenamine,pyelonephritis
megestrol,endometrial hyperplasia
timentin,renal failure
fluoride,autoimmune disorder
loteprednol,punctate keratitis
diazoxide,cardiac failure congestive
fusidic,wound infection
sodium,tachycardia
bicarbonate,nephropathy toxic
quinapril,angioedema
alendronate,renal failure
bleomycin,testis cancer
pralidoxime,muscular weakness
megestrol,uterine cancer
naphazoline,rhinitis seasonal
trimethoprim-sulfamethoxazole,pneumonia
"1,25(oh)2d3",fracture
glucose,neuropathy peripheral
thiamine,encephalopathy
demeclocycline,cholera
gadobutrol,cardiovascular disorder
quinaprilat,diabetic nephropathy
cortisone,non-hodgkin's lymphoma
thiamine,coma
nadolol,migraine
nitrite,tachypnoea
ethacrynic,rheumatic heart disease
trans,arterial thrombosis
cefprozil,otitis media
linaclotide,constipation
heparin,embolism arterial
colestyramine,hypercholesterolaemia
calcium,poisoning
diflunisal,pain
ephedrine,rhinitis
lutalyse,benign hydatidiform mole
mupirocin,skin disorder
acipimox,lipid metabolism disorder
desloratadine,nasopharyngitis
cyproheptadine,conjunctivitis
calcium,rickets
trihexyphenidyl,extrapyramidal disorder
oseltamivir,asthenia
carbenicillin,infection
chlorambucil,chronic lymphocytic leukaemia
isoxsuprine,gangrene
ibutilide,sinus rhythm
dapagliflozin,genital infection
metaiodobenzylguanidine,medullary thyroid cancer
meclofenamate,spondyloarthropathy
trimethoprim-sulfamethoxazole,chancroid
capreomycin,tuberculosis
colestipol,high density lipoprotein decreased
levomepromazine,pain
technetium-99m,abdominal pain upper
atomoxetine,psychotic disorder
desvenlafaxine,suicidal ideation
etidronate,fibrosis
colestyramine,biliary cirrhosis primary
atosiban,premature delivery
forteo,osteoporosis
lisuride,prolactinoma
tetrofosmin,myocardial ischaemia
leucovorin,hepatocellular injury
cyproheptadine,anaphylactic shock
acth(1-39,keratitis
retigabine,epilepsy
vilazodone,dysphoria
carbinoxamine,rhinitis perennial
carbinoxamine,angioedema
nefazodone,depression
alendronate,bone disorder
vilazodone,major depression
tolterodine,hypertonic bladder
"1,25(oh)2d3",hypocalcaemia
methimazole,toxic nodular goitre
triamterene,pregnancy
hydroxocobalamin,coma
hydrochlorothiazide,gravitational oedema
fluoxymesterone,breast cancer
calcium,hypocalcaemia
pravastatin,diabetes mellitus
"1,25(oh)2d3",blood parathyroid hormone increased
cefotaxime,bacterial sepsis
nitroprusside,hypertensive crisis
ketoprofen,gout
clocortolone,skin disorder
theophylline,chronic obstructive pulmonary disease
ephedrine,cardiac disorder
rifabutin,hepatic function abnormal
bicarbonate,cardiac failure congestive
warfarin,hepatic function abnormal
bromocriptine,hypothyroidism
cortisone,dermatitis exfoliative
vallergan,urticaria
ketoconazole,fungal infection
mebrofenin,foetor hepaticus
vitamin,enteritis
rifampicin,influenza
levomepromazine,schizophrenia
florbetapir,cognitive disorder
lisuride,acromegaly
amikacin,staphylococcal infection
fluocinonide,dermatitis atopic
chlorthalidone,premenstrual syndrome
cyproheptadine,rhinitis seasonal
lormetazepam,mental disorder due to a general medical condition
enflurane,uterine atony
acth(1-39,collagen disorder
rifampicin,meningitis bacterial
darifenacin,irritable bowel syndrome
vinblastine,hodgkin's disease lymphocyte predominance type stage unspecified
diltiazem,vasospasm
glucose,diabetic retinopathy
apremilast,psoriatic arthropathy
mefenamic,dysmenorrhoea
humalog,type 1 diabetes mellitus
methylprednisolone,ophthalmic herpes zoster
rimantadine,body temperature increased
rimexolone,inflammation
meclofenamate,dysmenorrhoea
sodium,nephropathy
8-mop,mycosis fungoides
celiprolol,asthma
indacaterol,asthma
isocarboxazid,panic reaction
aminoglutethimide,hyperadrenocorticism
chlorpheniramine,conjunctivitis
vitamin,cystic fibrosis
rilpivirine,pathogen resistance
chloride,hepatic cirrhosis
pep005,actinic keratosis
tramazoline,nasal congestion
gemcitabine,cardiovascular disorder
famotidine,hypersensitivity
spironolactone,malignant hypertension
metaproterenol,emphysema
hydroxyzine,alcohol abuse
doxycycline,trachoma
aspirin,body temperature increased
fusidic,abscess
colesevelam,hypertension
sodium,panic reaction
erythromycin,trachoma
letrozole,menopause
nadolol,tremor
cyclizine,procedural vomiting
griseofulvin,tinea barbae
fluvastatin,alcohol abuse
entecavir,hepatitis b
tiotropium,myocardial infarction
methocarbamol,epilepsy
retinol,decreased appetite
fluoxymesterone,androgen deficiency
copper,amenorrhoea
prochlorperazine,agitated depression
cortisone,erythema multiforme
trimipramine,depressive symptom
6-mercaptopurine,chronic myeloid leukaemia
famotidine,swelling
ketoprofen,inflammation
cephem,pharyngitis
demeclocycline,respiratory tract infection
linaclotide,diabetes mellitus
erythromycin,gonorrhoea
dapagliflozin,renal failure
cefazolin,jaundice cholestatic
glipizide,weight decreased
lactulose,hepatocellular injury
5-fluorocytosine,endocarditis
t-a2-3,arthritis
2-hydroxysuccinaldehyde,neoplasm malignant
aminoglutethimide,adrenal gland cancer
hydroxyurea,leukaemia
propantheline,diarrhoea
lincomycin,arthritis bacterial
albendazole,oedema
quinaprilat,hypertension
streptozotocin,malignant neoplasm of islets of langerhans
dacarbazine,medullary thyroid cancer
cefotaxime,cystitis noninfective
d-telaprevir,chronic hepatitis c
rosuvastatin,cerebrovascular accident
norfloxacin,shigella infection
griseofulvin,tinea infection
metaproterenol,silicosis
dyphylline,bronchospasm
dopamine,cardiac output increased
d-penicillamine,inflammation
penciclovir,herpes zoster
prazosin,diabetic nephropathy
"1,25(oh)2d3",renal osteodystrophy
hydroxocobalamin,mydriasis
clodronate,urine output
lincomycin,impetigo
etidronate,bone deformity
melphalan,ovarian cancer
cefotetan,genital infection female
n-acetylcysteine,pneumothorax
isoniazid,malnutrition
thyroxine,primary hypothyroidism
calcipotriol,psoriasis
indomethacin,bursitis
isocarboxazid,disturbance in attention
repaglinide,type 2 diabetes mellitus
mdv3100,prostate cancer
desloratadine,rhinorrhoea
dronedarone,atrial flutter
tetracycline,psittacosis
penicillin,asthma
amitriptyline,enuresis
vorapaxar,myocardial infarction
thiamine,vomiting
demeclocycline,cat scratch disease
promethazine,pruritus
apomorphine,parkinsonism
monomycin,infection
choline,liver disorder
cefadroxil,renal impairment
6-mercaptopurine,hodgkin's disease lymphocyte predominance type stage unspecified
lincomycin,mastitis
oxytetracycline,lymphogranuloma venereum
nedocromil,asthma exercise induced
chloroquine,plasmodium vivax infection
choline,alcohol abuse
estriol,ulcer
cortisone,pulmonary eosinophilia
sulfadiazine,acquired immunodeficiency syndrome
naftifine,tinea cruris
clindamycin,wound infection
gentamicin,arthropod sting
dopamine,acute coronary syndrome
minocycline,bronchiolitis
dapagliflozin,urinary tract infection
promethazine,poor quality sleep
ceftizoxime,renal failure
ondansetron,vomiting
methimazole,hyperthyroidism
bromhexine,rhinitis
norepinephrine,poliomyelitis
n-acetylcysteine,asthma
ruxolitinib,polycythaemia vera
oxprenolol,sinus tachycardia
kaluril,irritability
cefprozil,infection
hydrocortisone,skin disorder
cortisone,trichiniasis
cyanocobalamin,malnutrition
felodipine,essential hypertension
rilpivirine,infection
tmc435,hepatitis c
dofetilide,atrial fibrillation
ampicillin,bacterial sepsis
oxazepam,feeling abnormal
stiripentol,convulsion
metoclopramide,malaise
dalteparin,renal failure chronic
argatroban,thrombosis
salicylate,pityriasis rubra pilaris
oxytocin,haemorrhage
acetohydroxamic,phlebitis
promethazine,arthropod sting
trazodone,decreased interest
leucovorin,anaemia
18f-fdg,metabolic disorder
ramelteon,insomnia
salicylate,psoriasis
mifepristone,cushing's syndrome
aspirin,acute coronary syndrome
risedronate,osteoporosis postmenopausal
dopamine,blood pressure increased
chloride,haemoglobin
trandolaprilat,renal artery stenosis
alosetron,discomfort
lisuride,bradykinesia
erythromycin,infection
theophylline,emphysema
dopamine,urine output
fluoxymesterone,orchitis noninfective
bicalutamide,prostate cancer metastatic
ocrh,cushing's syndrome
flucloxacillin,soft tissue infection
epinephrine,asthenia
tiotropium,bronchial hyperreactivity
cortisone,arthritis
tolterodine,urge incontinence
spironolactone,hypovolaemia
technetium-99m,abdominal infection
nsc,immunodeficiency
milrinone,cardiac failure acute
fondaparinux,haemorrhage
spironolactone,acute coronary syndrome
doripenem,abdominal infection
methocarbamol,discomfort
cyproheptadine,rhinitis allergic
paraldehyde,agitation
68ga,dehydration
cortisone,choroiditis
aspirin,myocardial infarction
metaproterenol,bronchitis
technetium-99m,neoplasm
clindamycin,autoimmune disorder
nebivolol,cardiac failure
ketoconazole,coccidioidomycosis
methylergometrine,haemoglobin
citric,agitation
dihydroergotamine,sepsis
fludrocortisone,addison's disease
linagliptin,type 1 diabetes mellitus
disopyramide,bundle branch block left
thiazide,pregnancy
cimetidine,erosive oesophagitis
ivabradine,coronary artery disease
clobetasol,psoriasis
glucose,bacteraemia
ceftazidime,osteomyelitis
domperidone,abdominal distension
streptozotocin,cell death
thiabendazole,strongyloidiasis
tazarotene,seborrhoeic keratosis
phenylpropanolamine,sinusitis
oxazepam,anxiety disorder
cefotaxime,osteomyelitis
flurazepam,insomnia
chlorpheniramine,angioedema
tirofiban,acute coronary syndrome
apixaban,cardiac failure
flucloxacillin,sinusitis
ampicillin,hypersensitivity
chloramphenicol,meningitis
gemfibrozil,diabetes mellitus
arginine,dwarfism
droperidol,hyperkinesia
nefopam,pain
bosutinib,blast cell crisis
amisulpride,social avoidant behaviour
lapatinib,neoplasm
lactulose,haemorrhoids
midodrine,autonomic failure syndrome
domperidone,parkinson's disease
betamethasone,dandruff
ascorbate,multiple fractures
nsc,pneumocystis jirovecii pneumonia
betamethasone,senile pruritus
pyridoxine,inborn error of metabolism
phenobarbital,status epilepticus
aztreonam,pyelonephritis
levodopa/carbidopa,parkinsonism
phenobarbital,labyrinthitis
disulfiram,vomiting
cimetidine,peptic ulcer
demethyl,neoplasm
flavoxate,dysuria
cyanocobalamin,drug interaction
estriol,dyspareunia
aminoglutethimide,cushing's syndrome
naloxone,drug withdrawal syndrome
aminophylline,dyspnoea
clobetasol,seborrhoeic dermatitis
estramustine,neoplasm malignant
lisuride,neoplasm
ceftriaxone,pelvic inflammatory disease
isoniazid,peptic ulcer
vitamin,hypovitaminosis
depreotide,neoplasm malignant
demeclocycline,gonorrhoea
cefepime,pneumonia
sodium,intestinal obstruction
tranylcypromine,depression
azilsartan,hyperlipidaemia
zopiclone,mental disorder
estrone,osteoporosis postmenopausal
cefotaxime,bacterial infection
isoproterenol,electric shock
dopamine,cardiac failure
actinomycin,nephroblastoma
vorapaxar,arteriosclerosis
erythromycin,otitis media
bivalirudin,angina pectoris
nitrite,panic reaction
technetium-99m,breast mass
raltitrexed,colorectal cancer
methacholine,epilepsy
mebeverine,flatulence
dexpanthenol,ileus paralytic
erythromycin,cardiac valve disease
fenofibric,dyslipidaemia
perindoprilat,hypertension
mexiletine,ventricular arrhythmia
aspirin,angina pectoris
n-acetylcysteine,pneumonia
dextran,injury
carnitine,encephalopathy
benzocaine,pain
hydralazine,essential hypertension
bicarbonate,cardiovascular insufficiency
hydroflumethiazide,nephrotic syndrome
papaverine,acute myocardial infarction
methylprednisolone,epicondylitis
thiabendazole,rash
methenamine,cystitis
magnesium,hypocalcaemia
calcium,capillary permeability
pinaverium,functional gastrointestinal disorder
sodium,renal tubular acidosis
benzydamine,oropharyngeal discomfort
dolutegravir,immunodeficiency
cefadroxil,urinary tract infection
phentermine,obesity
rufinamide,lennox-gastaut syndrome
roxithromycin,bronchitis
trimethoprim-sulfamethoxazole,bacterial infection
clodronate,hypersensitivity
bromocriptine,luteal phase deficiency
aspirin,musculoskeletal disorder
depreotide,nodule
kanamycin,renal impairment
n-acetylcysteine,emphysema
sulfacetamide,skin disorder
lactate,dry skin
idarubicin,breast cancer
sulfadiazine,pneumonia streptococcal
etidronate,hypercalcaemia
estrone,menopause
68ga,hodgkin's disease lymphocyte depletion type stage unspecified
cosyntropin,tuberculosis
trifluoperazine,brain injury
technetium-99m,coronary artery disease
teniposide,hodgkin's disease
repaglinide,weight decreased
atracurium,cardiovascular disorder
phentermine,glucose tolerance impaired
desonide,skin disorder
phentermine,diabetes mellitus
dronedarone,left ventricular dysfunction
probenecid,gout
prilocaine,cardiac arrest
chlorpheniramine,arthropod bite
tiaprofenic,osteoarthritis
arginine,hypoglycaemia
erythromycin,pharyngitis streptococcal
chlorhexidine,infection
droperidol,delirium
prucalopride,constipation
cefoxitin,genital infection female
lindane,acarodermatitis
repaglinide,retinal disorder
famciclovir,post herpetic neuralgia
hydroxocobalamin,respiratory fume inhalation disorder
griseofulvin,bacterial infection
doxapram,apnoea
n-3,diabetes mellitus
18f-fdg,neoplasm malignant
dipivefrin,night blindness
tiludronate,osteitis deformans
citric,acidosis
clobetasone,dermatitis
ammonium,skin exfoliation
benzphetamine,obesity
acipimox,hypertriglyceridaemia
diatrizoate,medulloblastoma
isosorbide,pulmonary oedema
teniposide,neoplasm malignant
pizotifen,vascular headache
glibenclamide,weight decreased
famotidine,teratogenicity
etidronate,neoplasm malignant
methyltestosterone,injury
eltrombopag,thrombocytopenia
acarbose,diabetes mellitus
sofosbuvir,hepatitis c
proguanil,renal failure
spironolactone,angina pectoris
bepotastine,conjunctivitis allergic
phenobarbital,essential hypertension
spironolactone,coma hepatic
metyrapone,pituitary tumour
prasugrel,thrombosis
eaca,aplastic anaemia
tropicamide,accommodation disorder
entecavir,fibrosis
demeclocycline,listeriosis
dmso,bacterial infection
calcipotriol,skin disorder
bromhexine,influenza
macitentan,heart disease congenital
clotrimazole,candida infection
cefotaxime,bacteraemia
beclomethasone,localised infection
fp-cit,dementia alzheimer's type
naloxone,septic shock
dicloxacillin,cellulitis
levomepromazine,pruritus
diflorasone,skin disorder
poly(styrene,oliguria
pioglitazone,macroangiopathy
diazoxide,blood insulin increased
68ga,hodgkin's disease lymphocyte predominance type stage unspecified
calcium,vitamin d deficiency
cortisone,sarcoidosis
terconazole,candida infection
oxiconazole,tinea cruris
ceftaroline,bacteraemia
eaca,haemorrhage
clodronate,bone cancer metastatic
ospemifene,atrophy
nalmefene,drug withdrawal syndrome
n-acetylcysteine,rash
brolene,conjunctivitis
salicylate,pain
iloprost,pulmonary arterial hypertension
chlorhexidine,swelling
amifostine,dry mouth
clotrimazole,vulvovaginal mycotic infection
misoprostol,peptic ulcer
metyrapone,agitation
alendronate,peptic ulcer
cyclizine,motion sickness
dextran,anaphylactic shock
piperacillin,urethritis
fexofenadine,chronic spontaneous urticaria
tranexamic,coagulopathy
dantrolene,muscle spasticity
chlorambucil,ovarian cancer
cyanocobalamin,coeliac disease
levomepromazine,neoplasm malignant
dacarbazine,sarcoma
cabozantinib,neoplasm malignant
thiamine,cardiovascular disorder
tafamidis,amyloidosis
cefotetan,pelvic inflammatory disease
isoproterenol,ventricular tachycardia
loratadine,rhinitis seasonal
levomepromazine,bipolar i disorder
warfarin,liver disorder
fospropofol,acute myeloid leukaemia
phenylpropanolamine,seasonal allergy
cortisone,pulmonary tuberculosis
ethotoin,convulsion
procaine,streptococcal infection
clotrimazole,pruritus
magnesium,bacterial toxaemia
disopyramide,atrioventricular block first degree
podophyllotoxin,necrosis
hydroxocobalamin,optic nerve disorder
argatroban,heparin-induced thrombocytopenia
potassium,hepatic cirrhosis
strontium,bone cancer metastatic
dyphylline,asthma
ammonium,pruritus
bromocriptine,oedema
ephedrine,sinus congestion
meclofenamate,ankylosing spondylitis
phenylephrine,cardiovascular disorder
trandolaprilat,cardiac failure
ampicillin,endocarditis
colesevelam,type iia hyperlipidaemia
dabigatran,embolism
x,myelodysplastic syndrome
cefotaxime,lower respiratory tract infection
tofacitinib,arthritis
trimetrexate,acquired immunodeficiency syndrome
folate,anaemia
o291,gastrinoma
sodium,loss of consciousness
benzathine,hypersensitivity
paraldehyde,alcohol withdrawal syndrome
delta,underweight
nitrite,feeling abnormal
papaverine,vasospasm
paraldehyde,status epilepticus
hydralazine,pre-eclampsia
heparin,arterial thrombosis
methacholine,occupational asthma
lincomycin,mastoiditis
propantheline,hyperhidrosis
methylnaltrexone,constipation
calcium,hyperphosphataemia
thiamine,foetor hepaticus
hydroxypropyl,lacrimation decreased
triiodothyronine,thyroiditis subacute
potassium,nephropathy
nitrogen,hodgkin's disease
perhexiline,diabetes mellitus
cefotetan,bacterial sepsis
droperidol,schizophreniform disorder
d-cycloserine,liver disorder
methamphetamine,attention deficit/hyperactivity disorder
spironolactone,diabetic nephropathy
vitamin,rickets familial hypophosphataemic
procaine,infection
chloride,poisoning
dantrolene,cyanosis
indacaterol,bronchial hyperreactivity
gentamicin,seborrhoeic dermatitis
entecavir,hepatocellular injury
cyanocobalamin,stasis syndrome
dapsone,acne
erythromycin,urethritis
zileuton,hepatocellular injury
magnesium,nephritis
pioglitazone,cardiac failure
4-ap,multiple sclerosis
citric,alkalosis
nitrite,nausea
westcort,skin disorder
lomustine,brain neoplasm
thiazide,discomfort
pralatrexate,renal failure chronic
olodaterol,asthma
rifabutin,immunodeficiency
monomycin,pneumonia
midodrine,liver disorder
tropicamide,mydriasis
metoclopramide,gastrointestinal disorder
isoproterenol,bronchospasm
radium,bone cancer metastatic
lisuride,hypokinesia
aminophylline,polyuria
mupirocin,infection
saxagliptin,type 2 diabetes mellitus
gamma-aminobutyric,infection
dicloxacillin,renal impairment
ceftizoxime,gonorrhoea
vasopressin,diabetes insipidus
fp-cit,familial tremor
lymecycline,soft tissue infection
vancocine,sepsis
cortisone,neoplasm malignant
lactulose,liver disorder
azilsartan,hypertension
cyproheptadine,urticaria
thymidine,viral infection
mebendazole,enterobiasis
diethylpropion,diabetes mellitus
ciclopirox,fungal infection
cyanocobalamin,anaemia
potassium,hyperkalaemia
oxytocin,uterine contractions during pregnancy
cinacalcet,hyperparathyroidism secondary
dofetilide,sinus rhythm
tolmetin,osteoarthritis
beclomethasone,neurodermatitis
erythromycin,overgrowth bacterial
epinephrine,atrioventricular block complete
forteo,fracture
tetracycline,tularaemia
beclomethasone,rhinitis
phencyclidine,type i hypersensitivity
d-cycloserine,extrapulmonary tuberculosis
madopar,parkinsonism
tris,blood ph normal
alogliptin,myocardial infarction
teniposide,neuroblastoma
eltrombopag,haemoglobin
ezetimibe,dyslipidaemia
torasemide,hepatocellular injury
thiamine,malabsorption
ibutilide,arrhythmia
lincomycin,osteomyelitis
disopyramide,sudden death
fosfomycin,urinary tract infection
penicillin,gingivitis
aspirin,nasopharyngitis
procaine,scarlet fever
timentin,lower respiratory tract infection
linagliptin,diabetic ketoacidosis
gemeprost,pregnancy
monomycin,renal failure
dipivefrin,miosis
phenylazo,discomfort
fondaparinux,pulmonary embolism
oxytetracycline,body temperature increased
cefoxitin,abscess
n-3,hypothyroidism
cyanocobalamin,folate deficiency
estriol,urinary incontinence
biguanide,viral infection
echothiophate,glaucoma
hydroxyzine,psychotic disorder
hydroflumethiazide,cardiac failure congestive
6-thioguanine,chronic myeloid leukaemia
dextran,pulmonary embolism
timentin,renal impairment
phenyllactate,skin exfoliation
cortisone,pneumonia
tenoxicam,ankylosing spondylitis
thyroxine,thyroid disorder
aminoglutethimide,neoplasm
paroven,restless legs syndrome
lactate,xerosis
nalmefene,pulmonary function test decreased
methamphetamine,hyperkinesia
tpgs,malabsorption
minoxidil,hypertension
amisulpride,delusion
hydroflumethiazide,glomerulonephritis acute
cysteamine,cystinosis
mannitol,bronchial hyperreactivity
lanthanum,renal failure chronic
fidaxomicin,diarrhoea
azathioprine,systemic lupus erythematosus
bicarbonate,arrhythmia
potassium,metabolic alkalosis
cimetidine,upper gastrointestinal haemorrhage
levomepromazine,insomnia
propranolol,myocardial depression
estriol,vaginal infection
griseofulvin,blastomycosis
guaifenesin,cough
demeclocycline,q fever
betamethasone,eczema infantile
rivaroxaban,deep vein thrombosis
clotrimazole,oropharyngeal candidiasis
isoniazid,ulcer
pindolol,extrasystoles
molindone,schizophrenia
poly(styrene,renal failure chronic
phenylpropanolamine,pain
chlorthalidone,glomerulonephritis acute
paroven,oedema
azilsartan,essential hypertension
abarelix,prostate cancer
azilsartan,diabetic nephropathy
protirelin,hypothyroidism
tirofiban,angina unstable
flumazenil,convulsion
pyridoxine,anaemia
metaiodobenzylguanidine,neuroendocrine tumour
flucloxacillin,furuncle
sodium,apnoea
linagliptin,type 2 diabetes mellitus
sulfacetamide,sjogren's syndrome
cefixime,bladder pain
18f-fdg,coronary artery disease
homatropine,lenticular opacities
acetate,hyponatraemia
oxymetholone,myelofibrosis
ustekinumab,rash
aminoglutethimide,pituitary-dependent cushing's syndrome
lorcaserin,obesity
cortisone,anaemia
erythromycin,diphtheria
protirelin,goitre
conivaptan,cardiac failure congestive
prasugrel,acute coronary syndrome
kaluril,oedema
butoconazole,infection
sulfadiazine,rheumatic disorder
chlorambucil,breast cancer
halcinonide,neurodermatitis
potassium,gastric ulcer
diphenhydramine,angioedema
vorinostat,mycosis fungoides
acth(1-39,erythema multiforme
gadobutrol,metastasis
ampicillin,urticaria
cimetidine,haemorrhage
heparin,pulmonary embolism
fosfomycin,cystitis
oxprenolol,ventricular extrasystoles
tlcl,agitation
sodium,tension
hydroxocobalamin,injury
griseofulvin,histoplasmosis
chlorthalidone,oedema
ibutilide,atrial flutter
empagliflozin,renal impairment
promethazine,urticaria physical
fluoxymesterone,primary hypogonadism
cyanocobalamin,haemorrhage
scopolamine,accommodation disorder
lisuride,pituitary tumour
phenelzine,depression
cyclopentolate,accommodation disorder
dicloxacillin,infection
disulfiram,alcoholism
glucose,infection
nitroprusside,haemoglobin
glucose,renal failure
acetohydroxamic,renal failure
oxprenolol,angina pectoris
nitrazepam,myoclonic epilepsy
thyroxine,autoimmune thyroiditis
t-a2-3,osteomyelitis
tolmetin,ulcer
loteprednol,ophthalmic herpes zoster
choline,polyuria
dihydrocodeine,neoplasm malignant
propranolol,myocardial infarction
alendronate,spinal fracture
fluticasone/salmeterol,bronchial hyperreactivity
nebivolol,hypotension
isocarboxazid,depressed mood
chlorpheniramine,mechanical urticaria
canagliflozin,balanitis
bosutinib,breast cancer stage iv
hemin,pain
tetracycline,infection
cyanocobalamin,nephropathy
megestrol,oestrogenic effect
ampicillin,pneumonia streptococcal
oxiconazole,tinea infection
triiodothyronine,myxoedema
phenylazo,injury
lactulose,constipation
fluoride,acquired immunodeficiency syndrome
technetium-99m,tenderness
oxytetracycline,staphylococcal infection
ciclopirox,fungal skin infection
thiamine,gastrointestinal disorder
fusidic,keratitis
phenobarbital,meningitis
minoxidil,cardiac failure high output
calcium,calcium deficiency
betahistine,vomiting
carbenicillin,prostatitis
phenylazo,pain
metolazone,nephropathy
carteolol,open angle glaucoma
n-acetylcysteine,cystic fibrosis
metaiodobenzylguanidine,neuroblastoma
spironolactone,polyuria
lincomycin,gangrene
salicylate,hyperkeratosis
tlcl,acute myocardial infarction
azarga,ocular hypertension
droperidol,nausea
phenylpropanolamine,rhinorrhoea
diphenhydramine,conjunctivitis allergic
levomepromazine,psychotic disorder
chloride,ascites
cyanocobalamin,gluten free diet
citric,renal impairment
ramiprilat,hypotension
sodium,hypertensive emergency
dextran,cardiac aneurysm
topotecan,myelodysplastic syndrome
oxytocin,abortion missed
l-threo-dops,parkinsonism
etidronate,osteitis deformans
dimenhydrinate,meniere's disease
folate,anaemia megaloblastic
epinephrine,respiratory distress
hydroxocobalamin,disorientation
methyclothiazide,glomerulonephritis acute
molindone,tardive dyskinesia
choline,hepatocellular injury
t-a2-3,bacteraemia
naphazoline,nasopharyngitis
edrophonium,pulmonary function test decreased
flurazepam,terminal insomnia
argenine,diabetes insipidus
technetium-99m,aspiration
ceftaroline,pneumonia
mupirocin,skin infection
linaclotide,irritable bowel syndrome
levomepromazine,trigeminal neuralgia
azilsartan,myocardial infarction
diazoxide,cerebral haemorrhage
bicarbonate,paralysis
abiraterone,hepatic cancer metastatic
sulconazole,tinea pedis
streptomycin,bacteraemia
isosorbide,prinzmetal angina
ibutilide,atrial fibrillation
pyrimethamine,toxoplasmosis
lactulose,foetor hepaticus
metyrapone,cushing's syndrome
valrubicin,carcinoma in situ
cefotetan,renal impairment
griseofulvin,cryptococcosis
paroven,lymphoedema
acetohydroxamic,venous thrombosis
5-fluorocytosine,lung infection
alfuzosin,benign prostatic hyperplasia
beclomethasone,intertrigo
revasc,pulmonary embolism
cyanocobalamin,pathogen resistance
brolene,eye discharge
macitentan,connective tissue disorder
ampicillin,typhoid fever
chlorhexidine,inflammation
ivabradine,sinus rhythm
mebeverine,gastrointestinal pain
dopamine,tachyarrhythmia
propranolol,headache
tolazamide,hyperglycaemia
mebeverine,diarrhoea
clotrimazole,vulvovaginal candidiasis
reserpine,psychotic disorder
metaiodobenzylguanidine,neoplasm malignant
eaca,anoxia
levomepromazine,anxiety
choline,chronic obstructive pulmonary disease
nitrofurantoin,body temperature increased
hydroxyzine,cardiac disorder
streptomycin,tuberculosis
clemastine,pruritus
bezafibrate,hypercholesterolaemia
carboprost,haemorrhage
clotrimazole,balanitis candida
oxytetracycline,necrotising ulcerative gingivostomatitis
magnesium,encephalopathy
ampicillin,rhinitis seasonal
clofazimine,leprosy
mupirocin,arthropod bite
nsc,acquired immunodeficiency syndrome
6-thioguanine,acute myeloid leukaemia
cortisone,dermatitis
hydroxyzine,alcoholism
thiamine,ophthalmoplegia
paroven,swelling
estriol,uterovaginal prolapse
cyanocobalamin,vitamin b12 deficiency
dexpanthenol,flatulence
spironolactone,alkalosis hypokalaemic
quazepam,insomnia
vitamin,haemoglobin
dextrorphan,pain
neomycin,coma hepatic
meprobamate,anxiety disorder
streptozotocin,metastatic neoplasm
acenocoumarol,venous thrombosis
mivacurium,hypotonia
dopamine,myocardial infarction
benzocaine,aphthous stomatitis
tirofiban,myocardial infarction
alfentanil,vomiting
nystatin,infection
griseofulvin,onychomycosis
l-threo-dops,dizziness
albendazole,hepatocellular injury
oxytetracycline,trachoma
oxytetracycline,q fever
tiopronin,hypersensitivity
vemurafenib,metastatic malignant melanoma
neomycin,infection
cyproheptadine,conjunctivitis allergic
glucose,hepatic cirrhosis
dextran,venous thrombosis
nitrite,injury
betamethasone,inflammation
retapamulin,impetigo
lymecycline,staphylococcal infection
fluorometholone,inflammation
68ga,bronchial carcinoma
reserpine,hypertension
isosorbide,coronary artery disease
ruxolitinib,essential thrombocythaemia
choline,alcoholism
lactulose,diarrhoea
albendazole,infection
demeclocycline,lymphogranuloma venereum
monomycin,erythrasma
trien,cystinuria
hydralazine,cardiac failure congestive
6-thioguanine,plasmacytoma
bicarbonate,metabolic alkalosis
chloride,metabolic alkalosis
oxytetracycline,rheumatic fever
dexpanthenol,abdominal distension
mianserin,major depression
fluoxymesterone,hypogonadism male
erythromycin,tonsillitis
nateglinide,diabetes mellitus
estriol,cardiovascular disorder
leucovorin,pernicious anaemia
nateglinide,type 2 diabetes mellitus
trifluorothymidine,ocular toxicity
naphazoline,eye irritation
flucloxacillin,eczema
isosorbide,acute myocardial infarction
protirelin,primary hypothyroidism
nystatin,candida infection
fluoride,dental caries
thiamine,hepatocellular injury
erythromycin,heart disease congenital
choline,bronchitis chronic
benztropine,parkinsonism
naftifine,tinea pedis
estriol,hot flush
glucose,varicose vein
thyroxine,congenital anomaly
doxapram,respiratory depression
idarubicin,chronic myeloid leukaemia
methenamine,infection
phenylazo,infection
aclidinium,cardiac disorder
meprobamate,anxiety
cas,eye infection
potassium,hypokalaemia
elvitegravir,mental disorder
praziquantel,liver disorder
leucovorin,folate deficiency
lactulose,altered state of consciousness
oxytetracycline,chancroid
tramazoline,rhinitis seasonal
domperidone,renal failure
dopamine,cardiac failure high output
levomepromazine,vomiting
estriol,menopausal disorder
streptomycin,granuloma inguinale
monomycin,pelvic inflammatory disease
domperidone,orthostatic hypotension
econazole,tinea pedis
probenecid,hypertension
isoproterenol,cardiogenic shock
nitrite,poisoning
bendrofluazide,nephrotic syndrome
clorazepate,tension
arginine,cyanosis
vitamin,malabsorption
sodium,blood ph increased
strontium,bone pain
oxytetracycline,psittacosis
tpgs,cholestasis
polythiazide,renal failure chronic
tolbutamide,weight decreased
nebivolol,acute coronary syndrome
methyl,neoplasm malignant
sodium,varicose vein
l-threo-dops,loss of consciousness
echothiophate,open angle glaucoma
aminoglutethimide,adrenal adenoma
leucovorin,foetor hepaticus
tris,cardiac arrest
oxymetholone,hypoplastic anaemia
meclofenamate,spondylitis
estriol,dysuria
thiabendazole,hookworm infection
hydroxyzine,drug withdrawal syndrome
amcinonide,dermatitis atopic
phenylpropanolamine,nasal congestion
kanamycin,infection
dobutamine,cardiac failure
ephedrine,hypotension
streptomycin,urinary tract infection
econazole,tinea cruris
clorazepate,partial seizures
monamine,vertigo
isoproterenol,septic shock
oxytetracycline,gingivitis ulcerative
nitroprusside,cardiac failure congestive
monamine,motion sickness
vitamin,proctocolitis
folate,folate deficiency
terbutaline,emphysema
dopamine,cardiac output decreased
choline,foetor hepaticus
domperidone,nausea
nitrite,disorientation
benzoyl,acne
pinaverium,discomfort
fluoxymesterone,puberty
glucose,shock hypoglycaemic
metaiodobenzylguanidine,neoplasm
nimodipine,subarachnoid haemorrhage
propylthiouracil,hyperthyroidism
sulfacetamide,conjunctivitis
vinblastine,lymphoma
repaglinide,nephropathy
primidone,bone disorder
physostigmine,anticholinergic syndrome
methamphetamine,distractibility
tranylcypromine,dysphoria
technetium-99m,neoplasm malignant
ocrh,convulsion
isocarboxazid,mental disability
paroven,joint swelling
mebeverine,muscle spasms
nesiritide,dyspnoea
acth(1-39,stevens-johnson syndrome
norepinephrine,hyperthyroidism
isoniazid,leukaemia
oxytetracycline,amoebic colitis
diazoxide,blood pressure increased
exenatide,type 2 diabetes mellitus
metaproterenol,respiratory tract congestion
bicarbonate,dissociation
nitrite,convulsion
sodium,hyperkalaemia
levosimendan,cardiac failure acute
6-thioguanine,neoplasm
ascorbate,rheumatic fever
cefotetan,abdominal infection
isocarboxazid,decreased interest
probenecid,gouty arthritis
isoniazid,renal failure chronic
procaine,gonorrhoea
bicarbonate,cardiac arrest
empagliflozin,renal failure
rimexolone,iridocyclitis
gamma-aminobutyric,herpes zoster
azelaic,acne
minoxidil,cardiac output increased
procaine,gingivitis ulcerative
lyxumia,antibody test positive
halcinonide,psoriasis
mupirocin,pathogen resistance
cyclopentolate,mydriasis
epinephrine,atrioventricular block
chlorhexidine,dental caries
promethazine,vasomotor rhinitis
strontium,metastasis
vorapaxar,acute coronary syndrome
bendrofluazide,cardiac failure congestive
griseofulvin,tinea cruris
tetracycline,pneumonia chlamydial
propantheline,functional gastrointestinal disorder
demeclocycline,upper respiratory tract infection
flavoxate,abdominal pain lower
nebivolol,myocardial infarction
ascorbate,rheumatic disorder
halcinonide,skin disorder
tenoxicam,complex regional pain syndrome
spectinomycin,cervicitis
benzydamine,oropharyngeal pain
spironolactone,hypokalaemia
oxytetracycline,soft tissue infection
sonovue,coronary artery disease
arginine,acromegaly
dopamine,injury
thiabendazole,trichuriasis
clorazepate,epilepsy
procaine,necrotising ulcerative gingivostomatitis
bepotastine,pruritus
thiamine,mental disability
glucose,oedema
nitrogen,lymphoma
quinol,lentigo
chloride,nephropathy
droperidol,bipolar disorder
benzonatate,cough
68ga,neoplasm malignant
clotrimazole,erythrasma
cyanocobalamin,multiple sclerosis
trimethobenzamide,vomiting
methacholine,thyroid disorder
trans,infarction
sertaconazole,tinea pedis
metyrapone,hyperaldosteronism
methyltestosterone,breast cancer
monobenzone,malignant melanoma
tropisetron,procedural nausea
monomycin,tonsillitis
calcium,renal failure chronic
propantheline,colitis ulcerative
bicarbonate,hypokalaemia
fluoride,gingivitis
gonadorelin,infertility
thiazide,nephrotic syndrome
atosiban,premature baby
natamycin,mycotic endophthalmitis
phenylpropanolamine,nasopharyngitis
isoxsuprine,thromboangiitis obliterans
loteprednol,iridocyclitis
sodium,road traffic accident
albendazole,neurocysticercosis
tetracycline,urinary tract infection
minoxidil,retinal disorder
halcinonide,eczema
benztropine,tardive dyskinesia
clemastine,rhinorrhoea
hydroxyzine,nausea
cefprozil,renal failure
monamine,dizziness
streptomycin,tularaemia
isoproterenol,cardiac output decreased
aminophylline,pulmonary oedema
pentobarbital,eclampsia
ethambutol,disseminated tuberculosis
vorapaxar,ischaemic stroke
tlcl,acute coronary syndrome
papaverine,peripheral vascular disorder
fosamprenavir,immunodeficiency
norepinephrine,acute coronary syndrome
dextran,pericardial effusion
sodium,injection site pain
flavoxate,incontinence
tlcl,coronary artery disease
tirofiban,ischaemia
pizotifen,migraine
agomelatine,major depression
nedocromil,asthma late onset
flavoxate,suprapubic pain
benzyl,lice infestation
n-3,weight decreased
methenamine,ph urine decreased
tadenan,herpes simplex
68ga,non-hodgkin's lymphoma
hydroxyzine,urticaria chronic
mebendazole,ascariasis
vitamin,gastrointestinal disorder
hydroxyzine,vomiting
d-cycloserine,hepatocellular injury
propantheline,pancreatitis
trifluorothymidine,herpes simplex
ampicillin,meningitis
trimetrexate,immunodeficiency
ciclopirox,candida infection
6-thioguanine,plasma cell myeloma
bicarbonate,diabetes mellitus
tramazoline,rhinitis
monomycin,pharyngitis streptococcal
nateglinide,weight decreased
cefotetan,nephropathy toxic
barium,oesophageal stenosis
dipivefrin,lenticular opacities
stiripentol,myoclonic epilepsy
alogliptin,angina unstable
etidronate,nervous system disorder
carteolol,hypertension
prednefrin,inflammation
mebrofenin,liver disorder
magnesium,tetany
sulconazole,infection
flurandrenolone,skin disorder
benzocaine,ear pain
terconazole,vulvovaginal candidiasis
18f-fdg,left ventricular dysfunction
methenamine,pyelonephritis chronic
nandrolone,aplastic anaemia
eaca,injury
fluocinonide,skin disorder
methenamine,urinary tract infection
besifloxacin,conjunctivitis infective
folate,coeliac disease
dobutamine,cardiac index
tadenan,oral herpes
isosulfan,ascites
fluoride,mucosal inflammation
demeclocycline,pneumonia chlamydial
neomycin,hepatic encephalopathy
hemin,porphyria acute
nitric,pregnancy
metyrapone,adrenocorticotropic hormone deficiency
paraldehyde,anxiety
lactulose,coma
isoniazid,weight decreased
rocuronium,hypotonia
bendrofluazide,oedema
triamterene,cardiac failure congestive
chloride,essential hypertension
dopamine,vasoconstriction
spironolactone,primary hyperaldosteronism
ketamine,glaucoma
dobutamine,cardiac output increased
timentin,urinary tract infection
paraldehyde,delirium
citric,renal tubular acidosis
prednicarbate,dermatitis atopic
levomepromazine,bipolar disorder
metaiodobenzylguanidine,paraganglion neoplasm
norepinephrine,hypotension
carbachol,glaucoma
enflurane,uterine haemorrhage
pyridoxine,sideroblastic anaemia
spectinomycin,gonorrhoea
hydrocortisone,seborrhoeic dermatitis
pralidoxime,respiratory depression
hydroxyzine,delirium tremens
clorazepate,alcohol withdrawal syndrome
monomycin,renal impairment
medrysone,conjunctivitis allergic
thiamine,nausea
chlordiazepoxide,tension
papaverine,pulmonary embolism
econazole,tinea infection
lomustine,anaemia
monomycin,amoebic colitis
metyrapone,oedema
erythromycin,acne
mebeverine,constipation
buscopan,biliary colic
tolazamide,weight decreased
benzylpenicilloyl,sensitisation
mebeverine,abdominal pain
azilsartan,angina pectoris
mebeverine,functional gastrointestinal disorder
nitrite,confusional state
quinol,ephelides
benzydamine,pharyngitis
retinol,vitamin a deficiency
ascorbate,fracture
methenamine,nervous system disorder
clobetasone,scratch
phencyclidine,hypersensitivity
pancuronium,renal failure
benzocaine,otitis externa
6-thioguanine,acute leukaemia
mupirocin,impetigo
nitrogen,metastatic neoplasm
perindoprilat,myocardial infarction
dobutamine,urine output
poly(styrene,hyperkalaemia
mecamylamine,essential hypertension
glucose,wound
alogliptin,angina pectoris
ascorbate,pneumonia
dobutamine,hypertension
fluoride,fluorosis
pyridoxine,neuropathy peripheral
d-cycloserine,foetor hepaticus
lactulose,depressed level of consciousness
halcinonide,pruritus
pentastarch,sepsis
hydroxyzine,pruritus
zncl2,zinc deficiency
nitrite,chest discomfort
pyridoxine,homocystinuria
nitric,respiratory failure
butenafine,immunodeficiency
lyxumia,type 2 diabetes mellitus
triiodothyronine,hypothyroidism
ascorbate,diphtheria
thiamine,nystagmus
testolactone,breast cancer
thiamine,wernicke's encephalopathy
alogliptin,acute coronary syndrome
monomycin,urethritis
nitrite,mydriasis
biguanide,infection
fexofenadine,ocular hyperaemia
magnesium,magnesium deficiency
gadobutrol,demyelination
pralidoxime,myasthenia gravis
macitentan,hypertension
quinol,skin discolouration
nitric,hypoxia
clotrimazole,vaginal discharge
oxymetholone,blood disorder
hydroxyzine,skin disorder
betahistine,deafness
nitrite,respiratory rate decreased
hexachlorophene,infection
choline,asthma
n-3,hypertriglyceridaemia
phenyllactate,xerosis
nitrite,apnoea
tmc435,infection
glucagon,coronary artery disease
monomycin,syphilis
natamycin,keratitis fungal
glucagon,type 1 diabetes mellitus
sulfacetamide,pneumonia
biguanide,hepatitis
methyltestosterone,delayed puberty
isosulfan,chylothorax
isosorbide,left ventricular failure
bromhexine,nasopharyngitis
vitamin,jaundice cholestatic
gamma-aminobutyric,insomnia
ascorbate,corynebacterium infection
amikacin,peritonitis
hydrocortisone,dermatitis
estriol,menopause
trifluorothymidine,hypersensitivity
methenamine,bladder pain
sodium,hyperthyroidism
fp-cit,dementia
diphenhydramine,parkinsonism
econazole,tinea versicolour
amcinonide,skin disorder
monobenzone,melanocytic naevus
thiamine,neuropathy peripheral
gamma-aminobutyric,hepatitis b
pyridoxine,neurological symptom
terbutaline,bronchitis
ascorbate,infection
dihydrocodeine,pain
alclometasone,skin disorder
estriol,atrophic vulvovaginitis
triiodothyronine,thyroid neoplasm
estriol,vaginal haemorrhage
ascorbate,vitamin c deficiency
epinastine,pruritus
paroven,oedema peripheral
isosulfan,lymphoedema
trien,hepato-lenticular degeneration
pyridoxine,decreased appetite
papaverine,muscle spasms
brolene,eyelid infection
chloride,familial periodic paralysis
clevidipine,hypertension
cyanocobalamin,gastritis atrophic
ergotamine,headache
paroven,post thrombotic syndrome
hydroxypropyl,hypoaesthesia eye
ciclopirox,tinea pedis
paraldehyde,delirium tremens
tazarotene,neoplasm skin
selenium,seborrhoeic dermatitis
chromium,senile dementia
methenamine,chills
ergotamine,migraine
sulfacetamide,rosacea
mebrofenin,hepatocellular injury
paroven,dermatitis
gamma-aminobutyric,hypogammaglobulinaemia
levomepromazine,neuralgia
bicarbonate,ascites
hydroxypropyl,corneal erosion
guaifenesin,bronchitis chronic
pertechnetate,vesicoureteric reflux
dobutamine,cardiac disorder
zinc,hepato-lenticular degeneration
ascorbate,sinusitis
griseofulvin,nocardiosis
paroven,paraesthesia
isoxsuprine,peripheral arterial occlusive disease
dimenhydrinate,nausea
sodium,vasodilation procedure
pizotifen,tension headache
testolactone,neoplasm
methyltestosterone,orchitis noninfective
podophyllotoxin,skin papilloma
cas,pneumonia
selenium,tinea versicolour
naphazoline,hypersensitivity
pyridoxine,neuritis
halobetasol,skin disorder
thiamine,iiird nerve paralysis
ocrh,ectopic acth syndrome
s-benzoylmercaptoacetyltriglycine,renal failure
dipivefrin,cataract
ascorbate,gingivitis
acetate,infection
phenyllactate,ichthyosis
amorolfine,onychomycosis
gamma-aminobutyric,immunodeficiency common variable
ciclopirox,skin candida
bromhexine,cough
x,febrile neutropenia
hemin,tachycardia
primaquine,plasmodium vivax infection
nitrite,vomiting
metaiodobenzylguanidine,carcinoid tumour
zinc,foetor hepaticus
l-threo-dops,diabetic autonomic neuropathy
glucagon,hyperglycaemia
ocrh,adrenal neoplasm
paromomycin,amoebiasis
ergotamine,vascular headache
brolene,injury
quinol,chloasma
ketamine,hypotonia
azelaic,papule
econazole,skin candida
tlcl,myocardial infarction
tadenan,pregnancy
hemin,hypertension
ammonium,xerosis
paromomycin,infection
triiodothyronine,goitre
butenafine,pityriasis
ocrh,adenoma benign
butenafine,tinea pedis
pyrimethamine,malaria
dobutamine,cardiac failure high output
metaxalone,anaemia
ocrh,neoplasm malignant
locorten,infection
tlcl,myocardial ischaemia
ocrh,pituitary-dependent cushing's syndrome
ocrh,hyperplasia
graphene,vomiting
paroven,muscle spasms
natamycin,keratitis
methamphetamine,learning disability
tafamidis,polyneuropathy
tris,acidosis
sulfonamide,vulvovaginitis
cas,empyema
triiodothyronine,congenital hypothyroidism
lactate,pruritus
locorten,otitis externa
benzocaine,otitis media acute
guaifenesin,productive cough
